product,regime,tier,spread_target,n_events,r2_insample,r2_cv,rmse_bbl,hit_rate,hit_sig,n_sig,alpha_used,coef_intercept,coef_surprise_z,coef_cushing_stocks_chg_z,coef_refinery_util_dev,coef_crude_prod_chg_z,coef_crude_net_exports_z,coef_sx_cushing,coef_sx_util,coef_td3c_z52,coef_td3c_wow_ws_z,coef_sx_td3c,coef_gasoline_stocks_chg_z,coef_distillate_stocks_chg_z,coef_rig_chg_wow_z,coef_td3c_storage_cost_z,coef_bdi_z52,coef_hdd_dev_5yr_z,coef_cdd_us_ne,coef_cftc_mm_net_chg_z,coef_driving_season,coef_heating_season,coef_turnaround_season,coef_sin_ann,coef_cos_ann,coef_sx_cftc,coef_sx_5yr_dev
CL,Warm-Up,tier2_physical,m1m2,33,1e-04,-0.0475,0.078,0.5152,0.5357,28,0,0.0124816323098896,6.4487925429603e-06,0,0,0,-0.000107882165405893,0,0,,,,,,,,,,,,,,,,,,
CL,Warm-Up,tier2_physical,m2m3,33,0.0298,-0.0497,0.0755,0.6667,0.6071,28,0,0.0247469201962898,-0.00192174647117231,0,0,0,-0.00753119687972308,0,0,,,,,,,,,,,,,,,,,,
CL,Warm-Up,tier2_physical,m1m6,33,0.0181,-0.0524,0.4978,0.6667,0.6429,28,0,0.155495972078626,0.0131152408611202,0,0,0,-0.0137680283515331,0,0,,,,,,,,,,,,,,,,,,
CL,Warm-Up,tier2_physical,fly123,33,7e-04,-0.1229,0.0654,0.697,0.6786,28,0,-0.0197283218721559,4.97489883990606e-05,0,0,0,0.000120342246019882,0,0,,,,,,,,,,,,,,,,,,
CL,Warm-Up,tier2_physical,fly136,33,0.0034,-0.0674,0.4085,0.6061,0.6071,28,0,-0.0734086171030594,-0.00187024948616513,0,0,0,0.000712198677607308,0,0,,,,,,,,,,,,,,,,,,
CL,Warm-Up,tier2_freight,m1m2,33,1e-04,-0.1359,0.078,0.5152,0.5357,28,0,0.0124816323098896,6.4487925429603e-06,0,0,,-0.000107882165405893,0,,0,0,0,,,,,,,,,,,,,,,
CL,Warm-Up,tier2_freight,m2m3,33,0.0383,-0.0056,0.0752,0.6667,0.6071,28,0,0.0216853469403466,-0.00263929398951603,0,0,,-0.0105482565448499,0,,0,0,0,,,,,,,,,,,,,,,
CL,Warm-Up,tier2_freight,m1m6,33,9e-04,-0.0997,0.5021,0.6667,0.6429,28,0,0.163035399882329,0.000630800522386943,0,0,,-0.000656857090562407,0,,0,0,0,,,,,,,,,,,,,,,
CL,Warm-Up,tier2_freight,fly123,33,5e-04,-0.0659,0.0654,0.697,0.6786,28,0,-0.0197597742760112,3.77091928421918e-05,0,0,,9.12081361867464e-05,0,,0,0,0,,,,,,,,,,,,,,,
CL,Warm-Up,tier2_freight,fly136,33,0.0016,-0.0693,0.4089,0.6061,0.6071,28,0,-0.0733933123978307,-0.000896325450122158,0,0,,0.000340455103528467,0,,0,0,0,,,,,,,,,,,,,,,
CL,Warm-Up,tier3_full,m1m2,33,7e-04,-0.0709,0.078,0.5152,0.5357,28,0,0.0124845015782273,2.40548366897283e-06,0,0,0,-3.93675036604062e-05,0,0,0,0,0,0,0,0,0,0,-3.10063887537965e-05,3.48979034501766e-06,0,3.26213264937971e-05,-3.38657864956198e-05,-8.83110998530659e-05,0.00014930211556928,-1.82920761056142e-05,8.01565866432538e-06,-6.72683530259912e-06
CL,Warm-Up,tier3_full,m2m3,33,0.0044,-0.162,0.0765,0.6667,0.6071,28,0,0.0321165024051067,-3.50921991528949e-05,0,0,0,-0.000135688901700127,0,0,0,0,0,0,0,0,0,0,-8.17822548442601e-05,1.86910615541923e-05,0,0.00023600512053895,-0.000188638902994728,-7.25802818079879e-05,7.79255928083636e-05,-0.000182865025700522,-0.000116935388527506,-1.29611634412676e-05
CL,Warm-Up,tier3_full,m1m6,33,0.0023,-0.0767,0.5018,0.6667,0.6429,28,0,0.162708616974116,0.000361387644458609,0,0,0,-0.000382425853989065,0,0,0,0,0,0,0,0,0,0,-0.000149499224508244,1.90499380562089e-06,0,-0.0002286734579556,0.000387961486810637,0.000887341750391862,0.00079707802494168,-0.000123798941200146,0.00120422996244587,0.00024140112775177
CL,Warm-Up,tier3_full,fly123,33,0.003,-0.0096,0.0653,0.697,0.6786,28,0,-0.0196992798450005,2.75448118774926e-05,0,0,0,6.77729521131119e-05,0,0,0,0,0,0,0,0,0,0,3.5077627833854e-05,-1.08664255018362e-05,0,-0.000146218779038137,0.000110955052694583,-1.56990129119034e-05,6.05095612287847e-05,0.000118646865814735,9.17858664235217e-05,4.26389472155971e-06
CL,Warm-Up,tier3_full,fly136,33,0.0034,-0.0604,0.4085,0.6061,0.6071,28,0,-0.0732439800336853,-0.000326653450784665,0,0,0,0.000126379361521672,0,0,0,0,0,0,0,0,0,0,3.45888339117127e-06,2.16383590325845e-05,0,0.000465392195807582,-0.000546205121840367,-0.0008909224037384,-0.000403505936586687,-0.000109172905649595,-0.00108848756449874,-0.000216331059641454
CL,Deep-Backwardation,tier2_physical,m1m2,70,0,-0.0527,0.335,0.4857,0.5192,52,1,0.00874181922679053,-1.61868566597021e-17,0,0,0,0,0,0,,,,,,,,,,,,,,,,,,
CL,Deep-Backwardation,tier2_physical,m2m3,70,0,-0.0788,0.2895,0.5429,0.5577,52,1,0.0331967402720492,0,0,0,0,0,0,0,,,,,,,,,,,,,,,,,,
CL,Deep-Backwardation,tier2_physical,m1m6,70,0,-0.0572,1.2235,0.5286,0.5385,52,1,0.102251193185711,0,0,0,0,0,0,0,,,,,,,,,,,,,,,,,,
CL,Deep-Backwardation,tier2_physical,fly123,70,0,-0.0886,0.197,0.5286,0.5,52,1,-0.0244549210452587,0,0,0,0,0,0,0,,,,,,,,,,,,,,,,,,
CL,Deep-Backwardation,tier2_physical,fly136,70,0,-0.026,0.3839,0.5857,0.5962,52,1,-0.0183740741880315,0,0,0,0,-1.92252689814621e-17,0,0,,,,,,,,,,,,,,,,,,
CL,Deep-Backwardation,tier2_freight,m1m2,70,0,-0.0776,0.335,0.4857,0.5192,52,1,0.00874181922679053,0,0,0,,0,0,,0,0,0,,,,,,,,,,,,,,,
CL,Deep-Backwardation,tier2_freight,m2m3,70,0,-0.0178,0.2895,0.5429,0.5577,52,1,0.0331967402720492,0,0,0,,0,0,,0,0,0,,,,,,,,,,,,,,,
CL,Deep-Backwardation,tier2_freight,m1m6,70,0.0541,-0.0623,1.1899,0.5571,0.5769,52,1,0.156138455260695,-0.360917595882716,0,0,,0.220758654208133,0,,0.406198346506526,0.193614662386356,-0.533573089818761,,,,,,,,,,,,,,,
CL,Deep-Backwardation,tier2_freight,fly123,70,0,-0.0604,0.197,0.5286,0.5,52,1,-0.0244549210452587,0,0,0,,0,0,,0,0,0,,,,,,,,,,,,,,,
CL,Deep-Backwardation,tier2_freight,fly136,70,0,-0.0434,0.3839,0.5857,0.5962,52,1,-0.0183740741880315,0,0,0,,-1.92252689814621e-17,0,,0,0,0,,,,,,,,,,,,,,,
CL,Deep-Backwardation,tier3_full,m1m2,70,0,-0.0558,0.335,0.4857,0.5192,52,1,0.00874181922679057,0,0,0,0,0,0,0,0,0,0,0,0,0,0,0,0,0,0,0,-5.93907983305728e-17,0,0,0,0,0
CL,Deep-Backwardation,tier3_full,m2m3,70,0.0435,-0.0143,0.2832,0.5143,0.5385,52,1,0.0660585729004102,0,0,0,0,0,0,0,0,0,0,0,0,0,0,0,-0.0157947931422049,0,0,0,-0.0478205520759798,0,0,0,0,0
CL,Deep-Backwardation,tier3_full,m1m6,70,0,-0.0443,1.2235,0.5286,0.5385,52,1,0.102251193185711,0,0,0,0,0,0,0,0,0,0,0,0,0,0,0,0,0,0,0,0,0,0,0,0,0
CL,Deep-Backwardation,tier3_full,fly123,70,0,-0.1225,0.197,0.5286,0.5,52,1,-0.0244549210452587,0,0,0,0,0,0,0,0,0,0,0,0,0,0,0,0,0,0,0,0,2.21981390643263e-17,0,0,0,0
CL,Deep-Backwardation,tier3_full,fly136,70,0,-0.031,0.3839,0.5857,0.5962,52,1,-0.0183740741880315,0,0,0,0,0,0,0,0,0,0,0,0,0,7.90130130680331e-17,0,0,0,0,0,0,0,0,0,0,0
CL,Easing-Backwardation,tier2_physical,m1m2,64,0,-0.1443,0.2362,0.6094,0.6304,46,1,-0.0361486890346039,0,0,0,0,0,0,0,,,,,,,,,,,,,,,,,,
CL,Easing-Backwardation,tier2_physical,m2m3,64,0,-0.063,0.192,0.5156,0.4783,46,1,0.0135314640201033,0,0,0,0,7.27999358034491e-19,0,0,,,,,,,,,,,,,,,,,,
CL,Easing-Backwardation,tier2_physical,m1m6,64,0,-0.0421,1.0717,0.5469,0.5435,46,1,0.0479606695909171,0,0,0,0,-6.50321988381589e-17,0,0,,,,,,,,,,,,,,,,,,
CL,Easing-Backwardation,tier2_physical,fly123,64,0,-0.0849,0.2141,0.5938,0.6304,46,1,-0.0496801530547072,0,0,0,0,0,0,0,,,,,,,,,,,,,,,,,,
CL,Easing-Backwardation,tier2_physical,fly136,64,0,-0.0518,0.7836,0.5469,0.5435,46,1,-0.0931951196199182,0,0,0,0,7.13269052683632e-17,0,0,,,,,,,,,,,,,,,,,,
CL,Easing-Backwardation,tier2_freight,m1m2,64,0,-0.007,0.2362,0.6094,0.6304,46,1,-0.0361486890346039,0,0,0,,0,0,,0,0,0,,,,,,,,,,,,,,,
CL,Easing-Backwardation,tier2_freight,m2m3,64,0,-0.0183,0.192,0.5156,0.4783,46,1,0.0135314640201033,0,0,0,,0,0,,0,0,0,,,,,,,,,,,,,,,
CL,Easing-Backwardation,tier2_freight,m1m6,64,0,-0.0277,1.0717,0.5469,0.5435,46,1,0.0479606695909171,0,0,0,,-6.50321988381589e-17,0,,0,0,0,,,,,,,,,,,,,,,
CL,Easing-Backwardation,tier2_freight,fly123,64,0,-0.0362,0.2141,0.5938,0.6304,46,1,-0.0496801530547072,0,0,0,,0,0,,0,4.31228104622019e-17,0,,,,,,,,,,,,,,,
CL,Easing-Backwardation,tier2_freight,fly136,64,0,-0.044,0.7836,0.5469,0.5435,46,1,-0.0931951196199182,0,0,0,,7.13269052683632e-17,0,,0,0,0,,,,,,,,,,,,,,,
CL,Easing-Backwardation,tier3_full,m1m2,64,0,-0.0339,0.2362,0.6094,0.6304,46,1,-0.0361486890346039,0,0,0,0,0,0,0,0,0,0,0,0,0,0,0,0,0,0,0,0,0,0,0,0,0
CL,Easing-Backwardation,tier3_full,m2m3,64,0,-0.0104,0.192,0.5156,0.4783,46,1,0.0135314640201033,0,0,0,0,0,0,0,0,0,0,0,0,0,0,0,0,0,0,0,0,0,0,0,0,0
CL,Easing-Backwardation,tier3_full,m1m6,64,0,-0.0427,1.0717,0.5469,0.5435,46,1,0.0479606695909171,0,0,0,0,0,0,0,0,0,0,0,0,0,0,0,0,0,0,0,0,0,0,0,0,0
CL,Easing-Backwardation,tier3_full,fly123,64,0,-0.0475,0.2141,0.5938,0.6304,46,1,-0.0496801530547072,0,0,0,0,0,0,0,0,4.31228104622019e-17,0,0,0,0,0,0,0,0,0,0,0,0,0,0,0,0
CL,Easing-Backwardation,tier3_full,fly136,64,0,-0.071,0.7836,0.5469,0.5435,46,1,-0.0931951196199182,0,0,0,0,7.13269052683632e-17,0,0,0,0,0,0,0,0,0,0,0,0,0,0,0,0,0,0,0,0
CL,Backwardation-Deficit,tier2_physical,m1m2,16,5e-04,-0.2325,0.1588,0.625,0.5455,11,0,0.0702593184008813,-0.000232387643162872,0,0,0,5.24443958656229e-05,0,0,,,,,,,,,,,,,,,,,,
CL,Backwardation-Deficit,tier2_physical,m2m3,16,6e-04,-0.08,0.1498,0.625,0.5455,11,0,0.0734863614876719,-0.000219293398774227,0,0,0,4.27743700003954e-05,0,0,,,,,,,,,,,,,,,,,,
CL,Backwardation-Deficit,tier2_physical,m1m6,16,0.0012,-0.14,0.6155,0.5625,0.4545,11,0,0.275514561264763,-0.00172429986338564,0,0,0,0.000236437601150109,0,0,,,,,,,,,,,,,,,,,,
CL,Backwardation-Deficit,tier2_physical,fly123,16,2e-04,-0.1321,0.0727,0.5,0.3636,11,0,-0.00326140651603783,0.000105662098738729,0,0,0,-4.78293569532958e-06,0,0,,,,,,,,,,,,,,,,,,
CL,Backwardation-Deficit,tier2_physical,fly136,16,3e-04,-0.2839,0.1833,0.5,0.5455,11,0,0.0121137976223368,0.000267079725819861,0,0,0,7.23212269423214e-05,0,0,,,,,,,,,,,,,,,,,,
CL,Backwardation-Deficit,tier2_freight,m1m2,16,7e-04,-0.1065,0.1588,0.625,0.5455,11,0,0.070266807621244,-0.000232391464968011,0,0,,5.24454013579874e-05,0,,-5.02074699779405e-05,4.85351465728385e-05,1.56749923760626e-05,,,,,,,,,,,,,,,
CL,Backwardation-Deficit,tier2_freight,m2m3,16,8e-04,-0.207,0.1498,0.625,0.5455,11,0,0.0734851272147417,-0.000219319204759123,0,0,,4.27503229109213e-05,0,,-1.09356966853982e-06,8.36184671923683e-05,3.88222753307278e-05,,,,,,,,,,,,,,,
CL,Backwardation-Deficit,tier2_freight,m1m6,16,9e-04,-0.3358,0.6156,0.5625,0.4545,11,0,0.275275953737617,-0.00090153438770664,0,0,,0.000121990756809034,0,,2.91865791009792e-06,0.000445993102398852,0.00019615251259433,,,,,,,,,,,,,,,
CL,Backwardation-Deficit,tier2_freight,fly123,16,9e-04,-0.1325,0.0726,0.5,0.3636,11,0,-0.00323165936202574,3.54610233868886e-05,0,0,,-1.44522223368188e-06,0,,-3.79351180197001e-05,-4.47304438493604e-05,-2.60917603422065e-05,,,,,,,,,,,,,,,
CL,Backwardation-Deficit,tier2_freight,fly136,16,0.0149,-0.1406,0.182,0.5,0.5455,11,0,0.0116887747448058,0.00156089829896302,0,0,,0.000405195162735171,0,,-0.000872544867134043,-0.00236244290130376,-0.00108831169544446,,,,,,,,,,,,,,,
CL,Backwardation-Deficit,tier3_full,m1m2,16,0.2354,-0.0017,0.1389,0.625,0.5455,11,0,0.0633867876652164,-0.00431745040208082,0,0,0,0.00439829297613373,0,0,-0.000733244929981884,0.00401340549438396,0.00145762373369254,0,0,0,-0.0106089847770279,0,-0.00168301127494896,0.000597623296043541,0,0.0182128100928793,-0.0167819676677068,-0.00835661228280042,0.00682195522381925,-0.0141949579276294,0.004845034506746,0.00594509935576428
CL,Backwardation-Deficit,tier3_full,m2m3,16,0.1669,-0.2529,0.1368,0.625,0.5455,11,0,0.0695376415846061,-0.00385486784569639,0,0,0,0.00215469264649552,0,0,0.000221958987900426,0.00257977808425419,0.00117881599469914,0,0,0,-0.00420700343994297,0,-0.00127273854198228,0.00076975992783237,0,0.010923243263027,-0.00977750183784535,-0.0020385599282395,0.0022980733341742,-0.00868472966752421,0.00473818933252666,0.00168101628181942
CL,Backwardation-Deficit,tier3_full,m1m6,16,0.096,-0.1114,0.5856,0.5625,0.4545,11,0,0.267830905173365,-0.010105200260963,0,0,0,0.00309212005735135,0,0,0.00030831833628515,0.00659723781103997,0.0028555328044252,0,0,0,-0.00751960875392549,0,-0.0025774322296377,0.00186678514955599,0,0.0248791611056313,-0.0215421580189372,-0.00857000605480089,0.00498981839908407,-0.0190009087554426,0.0116387490230788,0.00735871343315588
CL,Backwardation-Deficit,tier3_full,fly123,16,0.0029,-0.0681,0.0726,0.5,0.3636,11,0,-0.00322473546764898,3.69685460455087e-05,0,0,0,-1.71848718387677e-06,0,0,-3.95633516866665e-05,-4.64612722539628e-05,-2.72252106874806e-05,0,0,0,-0.000107285618727963,0,2.30594995176788e-06,-1.3612581437851e-05,0,3.05060933846617e-05,-5.16915993509423e-05,-0.000125917398227281,9.60912674956658e-05,-1.31075735911358e-05,-5.62209151300904e-05,6.5840759960764e-05
CL,Backwardation-Deficit,tier3_full,fly136,16,0.0797,-0.0216,0.1759,0.6875,0.7273,11,0,0.0109744263400608,0.00379025554145785,0,0,0,0.0003381827228964,0,0,-0.00195832265648165,-0.00577728399067879,-0.00256349731069504,0,0,0,-0.00831371595193518,0,-0.000696884825097298,-0.00100940102979135,0,0.00166213439789962,-0.0053659153915115,0.00355154558423182,0.00534080632710699,-0.00199411421153561,-0.00477148959411298,-0.000437639126605463
CL,Stable-Elevated,tier2_physical,m1m2,49,0,-0.0574,0.2058,0.5714,0.6207,29,1,0.00653926456695446,0,0,0,0,0,0,0,,,,,,,,,,,,,,,,,,
CL,Stable-Elevated,tier2_physical,m2m3,49,0,-0.0574,0.2156,0.5918,0.6207,29,1,0.0160958637048894,0,0,0,0,1.71399608487569e-17,0,0,,,,,,,,,,,,,,,,,,
CL,Stable-Elevated,tier2_physical,m1m6,49,0,-0.104,0.7951,0.5714,0.6207,29,1,0.0836736370096204,0,0,0,0,0,0,0,,,,,,,,,,,,,,,,,,
CL,Stable-Elevated,tier2_physical,fly123,49,0,-0.0851,0.1036,0.5306,0.4828,29,1,-0.00955659913793492,0,0,0,0,0,0,0,,,,,,,,,,,,,,,,,,
CL,Stable-Elevated,tier2_physical,fly136,49,0,-0.2193,0.1791,0.551,0.5862,29,1,-0.0384033804659327,0,0,0,0,0,0,0,,,,,,,,,,,,,,,,,,
CL,Stable-Elevated,tier2_freight,m1m2,49,0,-0.024,0.2058,0.5714,0.6207,29,1,0.00653926456695446,0,0,0,,0,0,,0,0,0,,,,,,,,,,,,,,,
CL,Stable-Elevated,tier2_freight,m2m3,49,0,-0.0915,0.2156,0.5918,0.6207,29,1,0.0160958637048894,0,0,0,,0,0,,0,0,0,,,,,,,,,,,,,,,
CL,Stable-Elevated,tier2_freight,m1m6,49,0,-0.0922,0.7951,0.5714,0.6207,29,1,0.0836736370096204,0,0,0,,0,0,,0,0,0,,,,,,,,,,,,,,,
CL,Stable-Elevated,tier2_freight,fly123,49,0,-0.119,0.1036,0.5306,0.4828,29,1,-0.00955659913793492,0,0,0,,0,0,,0,0,0,,,,,,,,,,,,,,,
CL,Stable-Elevated,tier2_freight,fly136,49,0,-0.1123,0.1791,0.551,0.5862,29,1,-0.0384033804659327,0,0,0,,0,0,,0,0,0,,,,,,,,,,,,,,,
CL,Stable-Elevated,tier3_full,m1m2,49,0.0213,-0.071,0.2036,0.6122,0.6897,29,1,0.0107040603861693,0,0,0,0,0,0,0,0,0,0,0,0,0,0,0,0,-0.00118304345009581,0,0,0,0,0,0,0,0
CL,Stable-Elevated,tier3_full,m2m3,49,0,-0.0731,0.2156,0.5918,0.6207,29,1,0.0160958637048894,0,0,0,0,0,0,0,0,0,0,0,0,0,0,0,0,0,0,0,0,0,0,0,0,0
CL,Stable-Elevated,tier3_full,m1m6,49,0,-0.0586,0.7951,0.5714,0.6207,29,1,0.0836736370096204,0,0,0,0,0,0,0,0,0,0,0,0,0,0,0,0,0,0,0,0,0,0,0,0,0
CL,Stable-Elevated,tier3_full,fly123,49,0,-0.2269,0.1036,0.5306,0.4828,29,1,-0.00955659913793492,0,0,0,0,0,0,0,0,0,0,0,0,0,0,0,0,0,0,0,0,0,0,0,0,0
CL,Stable-Elevated,tier3_full,fly136,49,0,-0.0233,0.1791,0.551,0.5862,29,1,-0.0384033804659327,0,0,0,0,0,0,0,0,0,0,0,0,0,0,0,0,0,0,0,0,0,0,0,0,0
CL,ALL_REGIMES,tier2_physical,m1m2,269,0,-0.0133,0.2414,0.4907,0.4921,189,1,0.00641399125759555,0,0,0,0,0,0,0,,,,,,,,,,,,,,,,,,
CL,ALL_REGIMES,tier2_physical,m2m3,269,0,-0.0126,0.2176,0.5613,0.5503,189,1,0.0208481985485566,-4.53821138945183e-18,0,0,0,0,0,0,,,,,,,,,,,,,,,,,,
CL,ALL_REGIMES,tier2_physical,m1m6,269,0,-0.0075,0.9612,0.5613,0.5661,189,1,0.104352126895816,0,0,0,0,0,0,0,,,,,,,,,,,,,,,,,,
CL,ALL_REGIMES,tier2_physical,fly123,269,0,-0.0104,0.1735,0.5576,0.5556,189,1,-0.014434207290961,0,0,0,0,0,0,0,,,,,,,,,,,,,,,,,,
CL,ALL_REGIMES,tier2_physical,fly136,269,0,-0.0135,0.4911,0.5651,0.582,189,1,-0.0498277472835115,0,0,0,0,3.41412601531026e-18,0,0,,,,,,,,,,,,,,,,,,
CL,ALL_REGIMES,tier2_freight,m1m2,269,0.0033,-9e-04,0.2411,0.5428,0.5503,189,1,0.00641399125759555,0,0,0,,0,0,,0,0.00894539328255125,0,,,,,,,,,,,,,,,
CL,ALL_REGIMES,tier2_freight,m2m3,269,0,-0.0171,0.2176,0.5613,0.5503,189,1,0.0208481985485566,0,0,0,,0,0,,0,0,5.05364909645404e-18,,,,,,,,,,,,,,,
CL,ALL_REGIMES,tier2_freight,m1m6,269,8e-04,-0.0026,0.9608,0.5613,0.5661,189,1,0.104352126895816,0,0,0,,0,0,,0,0.0115815158312688,0,,,,,,,,,,,,,,,
CL,ALL_REGIMES,tier2_freight,fly123,269,0,-0.0155,0.1735,0.5576,0.5556,189,1,-0.014434207290961,0,0,0,,0,0,,0,0,0,,,,,,,,,,,,,,,
CL,ALL_REGIMES,tier2_freight,fly136,269,0,-0.0072,0.4911,0.5651,0.582,189,1,-0.0498277472835115,0,0,0,,3.41412601531026e-18,0,,0,0,0,,,,,,,,,,,,,,,
CL,ALL_REGIMES,tier3_full,m1m2,269,0,-0.0133,0.2414,0.4907,0.4921,189,1,0.00641399125759555,0,0,0,0,0,0,0,0,0,0,0,0,0,0,0,0,0,0,0,0,0,0,0,0,0
CL,ALL_REGIMES,tier3_full,m2m3,269,0.0035,-0.0055,0.2172,0.5613,0.5503,189,1,0.0248758806390493,0,0,0,0,0,0,0,0,0,0,0,0,0,0,0,0,0,0,0,-0.00779457900965852,0,0,0,0,0
CL,ALL_REGIMES,tier3_full,m1m6,269,0,-0.0349,0.9612,0.5613,0.5661,189,1,0.104352126895816,0,0,0,0,0,0,0,0,0,0,0,0,0,0,0,0,0,0,0,0,0,0,0,0,0
CL,ALL_REGIMES,tier3_full,fly123,269,0,-0.0481,0.1735,0.5576,0.5556,189,1,-0.014434207290961,0,0,0,0,0,0,0,0,0,0,0,0,0,0,0,0,0,0,0,0,0,0,0,0,0
CL,ALL_REGIMES,tier3_full,fly136,269,0,-0.0206,0.4911,0.5651,0.582,189,1,-0.0498277472835115,0,0,0,0,0,0,0,0,0,0,0,0,0,0,0,0,0,0,0,0,0,0,0,0,0
LCO,Warm-Up,tier2_physical,m1m2,33,0.0122,-0.031,0.1908,0.5152,0.4643,28,0,0.0192835859056301,-0.00319978800582063,0,0,0,-0.00474596022069219,0,0,,,,,,,,,,,,,,,,,,
LCO,Warm-Up,tier2_physical,m2m3,33,0.0983,-0.0947,0.0772,0.5758,0.6071,28,0,-0.0161307945368305,0.00442704579634003,0,0,0,-0.034455710798768,0,0,,,,,,,,,,,,,,,,,,
LCO,Warm-Up,tier2_physical,m1m6,33,0.0468,-0.0394,0.3876,0.697,0.6786,28,0,0.0264560770946758,-0.000773009999007112,0,0,0,-0.0417456432441762,0,0,,,,,,,,,,,,,,,,,,
LCO,Warm-Up,tier2_physical,fly123,33,0.0303,-0.0594,0.1746,0.5758,0.5357,28,0,0.0027044863730528,-0.012999896010025,0,0,0,-0.00343875633831367,0,0,,,,,,,,,,,,,,,,,,
LCO,Warm-Up,tier2_physical,fly136,33,0.1275,-0.0336,0.1584,0.697,0.7143,28,0,0.0243324342253962,-0.0359204921928214,0,0,0,0.0269410249774507,0,0,,,,,,,,,,,,,,,,,,
LCO,Warm-Up,tier2_freight,m1m2,33,0.0276,-0.0728,0.1894,0.5152,0.4643,28,0,0.0110237504072516,-0.0079473965286699,0,0,,-0.0117648022622338,0,,0,0,0,,,,,,,,,,,,,,,
LCO,Warm-Up,tier2_freight,m2m3,33,0.0013,-0.1194,0.0812,0.5455,0.5357,28,0,0.013956241993406,2.05865893955631e-05,0,0,,-0.000238371865513281,0,,0,0,0,,,,,,,,,,,,,,,
LCO,Warm-Up,tier2_freight,m1m6,33,0.1078,-0.1332,0.375,0.7273,0.75,28,0,-0.0532658690594586,0.000189606671741483,0,0,,-0.128140858927937,0,,0,0,0,,,,,,,,,,,,,,,
LCO,Warm-Up,tier2_freight,fly123,33,4e-04,-0.0771,0.1773,0.5152,0.5,28,0,0.0105945624936557,-0.000153703351875056,0,0,,-4.73532332805221e-05,0,,0,0,0,,,,,,,,,,,,,,,
LCO,Warm-Up,tier2_freight,fly136,33,0.1257,0.0442,0.1586,0.697,0.7143,28,0,0.0239412466215534,-0.0348983703410699,0,0,,0.0261115055009812,0,,0,0,0,,,,,,,,,,,,,,,
LCO,Warm-Up,tier3_full,m1m2,33,0.0033,-0.0926,0.1917,0.5152,0.4643,28,0,0.0244732310128404,-0.000129078203467872,0,0,0,-0.000195121670238665,0,0,0,0,0,0,0,0,0,0,1.89556077765618e-05,3.57798189012835e-05,0,0.000356280720701687,-0.000465835334345155,-0.000224398558450529,-3.06165709288794e-05,-0.000229258023504111,-0.000430119236138431,-8.43993276122177e-05
LCO,Warm-Up,tier3_full,m2m3,33,0.0012,-0.0905,0.0812,0.5455,0.5357,28,0,0.0140820360132984,9.45806909603435e-06,0,0,0,-0.000113720437149555,0,0,0,0,0,0,0,0,0,0,-2.17532654556861e-05,-6.62728567853214e-06,0,-5.12850768165049e-05,-1.43908159833487e-05,9.64985991878851e-05,5.42623854810698e-05,1.89118306394861e-05,3.15165503271671e-05,9.16252458079143e-07
LCO,Warm-Up,tier3_full,m1m6,33,0.001,-0.0813,0.3968,0.6667,0.6429,28,0,0.0648101552082376,-1.55559747432377e-05,0,0,0,-0.000555224430551433,0,0,0,0,0,0,0,0,0,0,-5.4777165392529e-05,9.09266932666074e-06,0,3.08248280580802e-05,-0.000315351265348712,0.000282043193666586,0.00016658202012687,-9.83763596977403e-05,-5.18362279246768e-05,-2.28163592828804e-05
LCO,Warm-Up,tier3_full,fly123,33,0.1104,-0.0348,0.1673,0.5455,0.5714,28,0,-0.00121100197036881,-0.00261885072380953,0,0,0,-0.000545160582773622,0,0,0,0,0,0,0,0,0,0,0.00231883495326857,0.00213801455126366,0,0.0124963770241021,-0.0185398744364806,-0.0109186040989316,0.00842968424704394,-0.00718513119103921,-0.00871167411455335,-0.00278169452526681
LCO,Warm-Up,tier3_full,fly136,33,0.2873,0.0824,0.1432,0.7576,0.75,28,0,0.0265237873999494,4.03884888677327e-05,0,0,0,0.0278831206825165,0,0,0,0,0,0,0,0,0,0,0.000978138288440376,0.00431225002191444,0,0.023766605188346,-0.0553497054510323,-0.0586313583632676,0.0482360857772696,0.000779126718409035,0.000470746084143767,-0.010250835278799
LCO,Deep-Backwardation,tier2_physical,m1m2,70,0.0184,-0.0464,0.3244,0.6286,0.6346,52,1,0.0982453038698205,-0.0420231666442769,0,0,0,-0.000784636061537561,0,0,,,,,,,,,,,,,,,,,,
LCO,Deep-Backwardation,tier2_physical,m2m3,70,0.0111,-0.0373,0.2415,0.6714,0.6731,52,1,0.0419485116032615,-0.0142118632321088,0,0,0,0,0,0,,,,,,,,,,,,,,,,,,
LCO,Deep-Backwardation,tier2_physical,m1m6,70,0,-0.0289,0.9592,0.6286,0.6346,52,1,0.224689762147419,0,0,0,0,0,0,0,,,,,,,,,,,,,,,,,,
LCO,Deep-Backwardation,tier2_physical,fly123,70,0,-0.077,0.2873,0.5286,0.5962,52,1,0.0589342957907439,0,0,0,0,0,0,0,,,,,,,,,,,,,,,,,,
LCO,Deep-Backwardation,tier2_physical,fly136,70,0,-0.0474,0.3666,0.5571,0.5769,52,1,0.0658984743204198,0,0,0,0,0,0,0,,,,,,,,,,,,,,,,,,
LCO,Deep-Backwardation,tier2_freight,m1m2,70,0,-0.031,0.3274,0.6286,0.6346,52,1,0.102114207012332,0,0,0,,0,0,,0,0,0,,,,,,,,,,,,,,,
LCO,Deep-Backwardation,tier2_freight,m2m3,70,0.0194,-0.0182,0.2405,0.6857,0.6923,52,1,0.042773096045156,-0.0129279790964163,0,0,,0,0,,0,0.0242252738599625,0,,,,,,,,,,,,,,,
LCO,Deep-Backwardation,tier2_freight,m1m6,70,0.0535,-0.0031,0.9332,0.6429,0.6538,52,1,0.242982971280319,-0.238583798540153,0,0,,0.0778164222764532,0,,0.236045166779721,0.0897921938044303,-0.288465878957426,,,,,,,,,,,,,,,
LCO,Deep-Backwardation,tier2_freight,fly123,70,0,-0.0209,0.2873,0.5286,0.5962,52,1,0.0589342957907439,0,0,0,,0,0,,0,0,0,,,,,,,,,,,,,,,
LCO,Deep-Backwardation,tier2_freight,fly136,70,0,-0.0413,0.3666,0.5571,0.5769,52,1,0.0658984743204198,0,0,0,,0,0,,0,0,0,,,,,,,,,,,,,,,
LCO,Deep-Backwardation,tier3_full,m1m2,70,0,-0.0527,0.3274,0.6286,0.6346,52,1,0.102114207012332,0,0,0,0,0,0,0,0,0,0,0,0,0,0,0,0,0,0,0,0,0,0,0,0,0
LCO,Deep-Backwardation,tier3_full,m2m3,70,0,-0.0442,0.2429,0.6714,0.6731,52,1,0.0431799112215879,0,0,0,0,0,0,0,0,0,0,0,0,0,0,0,0,0,0,0,-5.74104484800333e-17,0,0,0,0,0
LCO,Deep-Backwardation,tier3_full,m1m6,70,0,-0.0315,0.9592,0.6286,0.6346,52,1,0.224689762147419,0,0,0,0,0,0,0,0,0,0,0,0,0,0,0,0,0,0,0,0,0,0,0,0,0
LCO,Deep-Backwardation,tier3_full,fly123,70,0,-0.0416,0.2873,0.5286,0.5962,52,1,0.0589342957907439,0,0,0,0,0,0,0,0,0,0,0,0,0,0,0,2.88172050057102e-17,0,0,0,0,0,0,0,0,0
LCO,Deep-Backwardation,tier3_full,fly136,70,0.0224,0.0025,0.3625,0.5571,0.5769,52,1,0.0649381730449737,0,0,0,0,0,0,0,0,0,0,0,0,0,0,0,0.0201231270665369,0,0,0,0,0,0,0,0,0
LCO,Easing-Backwardation,tier2_physical,m1m2,64,0,-0.0126,0.3829,0.5625,0.5435,46,1,0.0203609006946561,0,0,0,0,0,0,0,,,,,,,,,,,,,,,,,,
LCO,Easing-Backwardation,tier2_physical,m2m3,64,0,-0.0539,0.1677,0.6562,0.6522,46,1,0.0406499787655419,0,0,0,0,0,0,0,,,,,,,,,,,,,,,,,,
LCO,Easing-Backwardation,tier2_physical,m1m6,64,0.022,-0.0211,0.7566,0.6406,0.6087,46,1,0.126043872680292,-0.0598568623218887,0,0,0,0,0,0,,,,,,,,,,,,,,,,,,
LCO,Easing-Backwardation,tier2_physical,fly123,64,0,-0.0994,0.3049,0.5156,0.5435,46,1,-0.0202890780708858,0,0,0,0,-1.84999919042635e-17,0,0,,,,,,,,,,,,,,,,,,
LCO,Easing-Backwardation,tier2_physical,fly136,64,0,-0.0232,0.3479,0.5625,0.6304,46,1,0.00399002158881456,0,0,0,0,0,0,0,,,,,,,,,,,,,,,,,,
LCO,Easing-Backwardation,tier2_freight,m1m2,64,0,-0.035,0.3829,0.5625,0.5435,46,1,0.0203609006946561,0,0,0,,0,0,,0,0,0,,,,,,,,,,,,,,,
LCO,Easing-Backwardation,tier2_freight,m2m3,64,0,-0.0108,0.1677,0.6562,0.6522,46,1,0.0406499787655419,0,0,0,,0,0,,0,0,0,,,,,,,,,,,,,,,
LCO,Easing-Backwardation,tier2_freight,m1m6,64,0.0088,-0.0422,0.7617,0.625,0.587,46,1,0.120623222619728,-0.0193604041058476,0,0,,0,0,,0,0,0,,,,,,,,,,,,,,,
LCO,Easing-Backwardation,tier2_freight,fly123,64,0,-0.0766,0.3049,0.5156,0.5435,46,1,-0.0202890780708858,0,0,0,,-1.84999919042635e-17,0,,0,0,0,,,,,,,,,,,,,,,
LCO,Easing-Backwardation,tier2_freight,fly136,64,0,-0.0403,0.3479,0.5625,0.6304,46,1,0.00399002158881456,0,0,0,,0,0,,0,0,0,,,,,,,,,,,,,,,
LCO,Easing-Backwardation,tier3_full,m1m2,64,0.2808,-0.0211,0.3247,0.6406,0.6087,46,1,-0.221689871755006,0,0,0,0,-0.0106992337871159,0,0,-0.000727715358414685,0,0,0,0,0,0,0,0,0.00475316164193987,0,0.568944038923516,0,0,0,0.321568330616989,0.0538401160017298,-0.0607884995138081
LCO,Easing-Backwardation,tier3_full,m2m3,64,0,-0.0476,0.1677,0.6562,0.6522,46,1,0.0406499787655419,0,0,0,0,0,0,0,0,0,0,0,0,0,0,0,0,0,0,0,0,0,0,0,0,0
LCO,Easing-Backwardation,tier3_full,m1m6,64,0.0605,-0.0106,0.7416,0.7031,0.6522,46,1,0.114006509180388,0,0,0,0,0,0,0,0,0,0,0,0,0,0,0,0,0,0,0.118966880861219,0,-0.153707253367236,0,0,0.00294856151913471,0
LCO,Easing-Backwardation,tier3_full,fly123,64,0.1139,0.0049,0.287,0.4844,0.4783,46,1,0.00283209360545035,0,0,0,0,0,0,0,0,0,0,0,0,0,0,0,0,0,0,0.0182260711837733,0,-0.0889745029880895,-0.0490913792532426,0,0.0015626034560827,0
LCO,Easing-Backwardation,tier3_full,fly136,64,0.2848,0.0453,0.2942,0.625,0.6304,46,1,-0.238894531724185,0.0544770118142776,0,0,0,-0.0156747079007802,0,0,0,0,-0.0140868808933765,0,0,0,0.0148492579890361,0,-0.018453376251129,0.00721895004405214,0,0.518178495016464,0,4.70462776563272e-05,-0.00735241522883798,0.282085200097344,0.0620755764104126,-0.0138842318759995
LCO,Backwardation-Deficit,tier2_physical,m1m2,16,0.0138,-0.0205,0.278,0.6875,0.6364,11,0,0.152780629437791,-0.00700207094880243,0,0,0,-0.00098837042120653,0,0,,,,,,,,,,,,,,,,,,
LCO,Backwardation-Deficit,tier2_physical,m2m3,16,0.3576,-0.0506,0.1124,0.875,0.8182,11,0,0.096781628093301,-0.141925462975723,0,0,0,0.0452868736241069,0,0,,,,,,,,,,,,,,,,,,
LCO,Backwardation-Deficit,tier2_physical,m1m6,16,0.0403,-0.307,0.6231,0.6875,0.5455,11,0,0.357742075836891,-0.035311376750043,0,0,0,-0.00734079138409737,0,0,,,,,,,,,,,,,,,,,,
LCO,Backwardation-Deficit,tier2_physical,fly123,16,4e-04,-0.2045,0.1871,0.75,0.7273,11,0,0.0814750191802031,-0.000273468886460875,0,0,0,3.89166470164078e-05,0,0,,,,,,,,,,,,,,,,,,
LCO,Backwardation-Deficit,tier2_physical,fly136,16,4e-04,-0.184,0.2545,0.5625,0.5455,11,0,0.0947855002027713,-0.000371616943963256,0,0,0,-1.44240512234294e-05,0,0,,,,,,,,,,,,,,,,,,
LCO,Backwardation-Deficit,tier2_freight,m1m2,16,0.0014,-0.1247,0.2797,0.6875,0.6364,11,0,0.150107813967655,-0.000449480475887937,0,0,,-7.34631832029125e-05,0,,-8.66362844893555e-05,-0.000245513190267763,1.96172189668578e-05,,,,,,,,,,,,,,,
LCO,Backwardation-Deficit,tier2_freight,m2m3,16,0.1168,-0.0045,0.1318,0.75,0.6364,11,0,0.0768655706420357,-0.019105037030482,0,0,,-0.00414315069382499,0,,0.000536686163758377,0.00643127090458728,0.0023223499343413,,,,,,,,,,,,,,,
LCO,Backwardation-Deficit,tier2_freight,m1m6,16,0.0012,-0.1179,0.6357,0.6875,0.5455,11,0,0.3426301828469,-0.000931499787918847,0,0,,-0.000229485278171073,0,,-3.19586145692083e-05,5.38308345940541e-05,9.61185834491834e-05,,,,,,,,,,,,,,,
LCO,Backwardation-Deficit,tier2_freight,fly123,16,0.0039,-0.5117,0.1868,0.75,0.7273,11,0,0.0814955347399453,-0.00028202288039424,0,0,,4.05729540274647e-05,0,,-0.000203618303588203,-0.000693469808992886,-4.09955746074389e-05,,,,,,,,,,,,,,,
LCO,Backwardation-Deficit,tier2_freight,fly136,16,0.0174,-0.2432,0.2524,0.5625,0.5455,11,0,0.0958089699221397,-0.00300072343940995,0,0,,-2.9116386917926e-05,0,,-0.00149989060822841,-0.00569939737428433,-0.000176373790601079,,,,,,,,,,,,,,,
LCO,Backwardation-Deficit,tier3_full,m1m2,16,0.087,-0.1916,0.2675,0.6875,0.6364,11,0,0.15043545360532,-0.00472323271695757,0,0,0,-0.000505043582949825,0,0,-0.00086209573997242,-0.0024871786809857,0.000350765192767743,0,0,0,-0.00326663277397569,0,-0.000412502113891709,0.000119297634297997,0,0.00979443075357877,-0.00912464324050785,-0.00652334926300488,0.00383871461696845,-0.00638307134630493,0.00294690406387491,0.00198368946147871
LCO,Backwardation-Deficit,tier3_full,m2m3,16,0.2994,-0.0353,0.1174,0.75,0.6364,11,0,0.0674470836470045,-0.0111937631510613,0,0,0,-0.000954292555740365,0,0,0.000952958836701306,0.00566313442011065,0.00216255798712133,0,0,0,-0.00135482082910569,0,-0.0018868843442439,0.000668488687139941,0,0.0176142299590097,-0.0145546673420271,-0.00532831191084115,-0.000431914894048958,-0.0122219475537352,0.00625619343895038,0.0109526828524647
LCO,Backwardation-Deficit,tier3_full,m1m6,16,0.2812,-0.1382,0.5393,0.6875,0.5455,11,0,0.342100981105699,-0.0485073207425277,0,0,0,-0.000722541723511611,0,0,9.94504706422704e-05,0.0110445418458812,0.00897495477658723,0,0,0,-0.0119816124415617,0,-0.00512638238720873,0.00277649443319242,0,0.0788264978936627,-0.0646864679427609,-0.0490364984580078,0.0142945881554745,-0.0548064292161815,0.0332117049633165,0.0327941728922763
LCO,Backwardation-Deficit,tier3_full,fly123,16,0.2786,-0.0575,0.159,0.75,0.6364,11,0,0.0857950565845392,-0.00641485448067213,0,0,0,0.00271916323387256,0,0,-0.00396747560227403,-0.0155340107521849,0.00111582309756901,0,0,0,-0.0118350646520472,0,0.00107436871422577,-0.00134341943115087,0,0.0203147553316399,-0.0203210128136925,-0.0260211383109849,0.0167666744638444,-0.0114523664350868,0.00172395511704687,-0.00576296308087909
LCO,Backwardation-Deficit,tier3_full,fly136,16,0.0088,-0.3066,0.2535,0.5625,0.5455,11,0,0.0946995859965546,-0.00027799212603714,0,0,0,-9.57272986406172e-06,0,0,-0.000142261822043862,-0.000538005976633769,-2.31627752888528e-05,0,0,0,-0.000552519516843957,0,-4.82404970316499e-05,-4.1030333301952e-05,0,0.000957629018782965,-0.00101754832781276,-0.000512293225834125,0.000479339645450784,-0.000557175938940498,-1.73471269184157e-05,2.22336025020719e-06
LCO,Stable-Elevated,tier2_physical,m1m2,49,0.2325,0.0917,0.2698,0.6327,0.5862,29,1,0.0648268753433032,-0.197025636772884,0,0,0,0.132159290205311,0,0,,,,,,,,,,,,,,,,,,
LCO,Stable-Elevated,tier2_physical,m2m3,49,0,-0.0506,0.1443,0.6327,0.6897,29,1,0.0383464910415568,0,0,0,0,0,0,0,,,,,,,,,,,,,,,,,,
LCO,Stable-Elevated,tier2_physical,m1m6,49,0.0666,-0.034,0.5289,0.6531,0.7241,29,1,0.170786548772614,-0.171702486095003,0,0,0,0.105380674855225,0,0,,,,,,,,,,,,,,,,,,
LCO,Stable-Elevated,tier2_physical,fly123,49,0,-0.0328,0.3175,0.551,0.5862,29,1,0.0696885191332047,0,0,0,0,0,0,0,,,,,,,,,,,,,,,,,,
LCO,Stable-Elevated,tier2_physical,fly136,49,0.1533,0.054,0.3518,0.551,0.5172,29,1,0.0977328870510207,-0.103135635853723,0,0,0,0,0,0,,,,,,,,,,,,,,,,,,
LCO,Stable-Elevated,tier2_freight,m1m2,49,0.2246,0.0555,0.2712,0.6939,0.7241,29,1,0.115371014741448,-0.0999910984979086,0,0,,0,0,,0,0.0373034765932256,0,,,,,,,,,,,,,,,
LCO,Stable-Elevated,tier2_freight,m2m3,49,0,-0.0262,0.1443,0.6327,0.6897,29,1,0.0383464910415568,0,0,0,,0,0,,0,1.37214117686552e-17,0,,,,,,,,,,,,,,,
LCO,Stable-Elevated,tier2_freight,m1m6,49,0.159,-0.0022,0.502,0.6327,0.6897,29,1,0.205978646549078,-0.0965906074305376,0,0,,0,0,,0,0.106419281408013,0.0102715626907516,,,,,,,,,,,,,,,
LCO,Stable-Elevated,tier2_freight,fly123,49,0.1648,0.1019,0.2902,0.5306,0.5517,29,1,0.0718084749927998,-0.106887896962364,0,0,,0.0135996750786509,0,,0,0.0263963555324159,0,,,,,,,,,,,,,,,
LCO,Stable-Elevated,tier2_freight,fly136,49,0.1581,0.0964,0.3508,0.5102,0.4483,29,1,0.0982503698359663,-0.109103134562664,0,0,,0,0,,0,0,0,,,,,,,,,,,,,,,
LCO,Stable-Elevated,tier3_full,m1m2,49,0.2237,0.1078,0.2714,0.6939,0.7241,29,1,0.0940948816543803,-0.0552659244416113,0,0,0,0,0,0,0,0.0189482672638202,0,0,0,0,0,0,0.00556269027216959,0,0,0,0,0,0,0,0,0.0697578799700031
LCO,Stable-Elevated,tier3_full,m2m3,49,0,-0.1873,0.1443,0.6327,0.6897,29,1,0.0383464910415568,0,0,0,0,0,0,0,0,0,0,0,0,0,0,0,0,0,0,0,0,0,0,0,0,2.961966291604e-17
LCO,Stable-Elevated,tier3_full,m1m6,49,0,-0.0402,0.5474,0.6122,0.6552,29,1,0.2039737144793,0,0,0,0,0,0,0,0,0,0,0,0,0,0,0,0,0,0,0,0,0,0,0,0,0
LCO,Stable-Elevated,tier3_full,fly123,49,0,-0.119,0.3175,0.551,0.5862,29,1,0.0696885191332047,0,0,0,0,0,0,0,0,0,0,0,0,0,0,0,0,0,0,0,0,0,0,0,0,0
LCO,Stable-Elevated,tier3_full,fly136,49,0.1441,-0.0394,0.3536,0.5714,0.5517,29,1,0.0911126789199064,-0.0793898662875711,0,0,0,0,0,0,0,0,0,0,0,0,0,0,0,0,0,0,0,0,0,0,0,0.0185550740009751
LCO,ALL_REGIMES,tier2_physical,m1m2,269,0.0388,0.0257,0.3192,0.5948,0.5873,189,1,0.075489575069263,-0.053125151803427,0,0,0,0,0,0,,,,,,,,,,,,,,,,,,
LCO,ALL_REGIMES,tier2_physical,m2m3,269,0.0095,0.0036,0.1797,0.6245,0.6296,189,1,0.0337948778858255,-0.0125813608383023,0,0,0,0,0,0,,,,,,,,,,,,,,,,,,
LCO,ALL_REGIMES,tier2_physical,m1m6,269,0.0191,-4e-04,0.7364,0.6283,0.619,189,1,0.16617070931976,-0.078786814610551,0,0,0,-0.00570511813411229,0,0,,,,,,,,,,,,,,,,,,
LCO,ALL_REGIMES,tier2_physical,fly123,269,0.0265,-0.0058,0.2764,0.5502,0.5767,189,1,0.0416946971834375,-0.0370708255057144,0,0,0,0,0,0,,,,,,,,,,,,,,,,,,
LCO,ALL_REGIMES,tier2_physical,fly136,269,0.0345,0.0158,0.3305,0.539,0.5608,189,1,0.0523981965904169,-0.0535081253178717,0,0,0,0,0,0,,,,,,,,,,,,,,,,,,
LCO,ALL_REGIMES,tier2_freight,m1m2,269,0.0381,0.0207,0.3193,0.6022,0.5979,189,1,0.075489575069263,-0.0506199557911215,0,0,,0,0,,0,0,0,,,,,,,,,,,,,,,
LCO,ALL_REGIMES,tier2_freight,m2m3,269,0.0209,0.0043,0.1787,0.6283,0.6349,189,1,0.0337948778858255,-0.015917780143691,0,0,,-0.000611190332442568,0,,0,0.020956861770326,0,,,,,,,,,,,,,,,
LCO,ALL_REGIMES,tier2_freight,m1m6,269,0.0227,-2e-04,0.7351,0.6283,0.619,189,1,0.16617070931976,-0.0683492189740815,0,0,,0,0,,0,0.038730968222671,0,,,,,,,,,,,,,,,
LCO,ALL_REGIMES,tier2_freight,fly123,269,0.0247,-0.0013,0.2766,0.5539,0.582,189,1,0.0416946971834375,-0.0313864670165292,0,0,,0,0,,0,0,0,,,,,,,,,,,,,,,
LCO,ALL_REGIMES,tier2_freight,fly136,269,0.0351,0.0132,0.3304,0.539,0.5608,189,1,0.0522895009311703,-0.0524294993242204,0,0,,0,0,,-0.00298341830078583,0,0,,,,,,,,,,,,,,,
LCO,ALL_REGIMES,tier3_full,m1m2,269,0.065,0.0242,0.3148,0.5762,0.5608,189,1,0.0523966535336791,-0.0156898520082993,0,0,0,0,0,0,0,0,0,0,0,0,0,0,0.0100102115852112,0,0,0.0658932758188646,0,-0.00882957241794119,-0.00758061272514617,0,0.0189250030408738,0
LCO,ALL_REGIMES,tier3_full,m2m3,269,0.04,0.0012,0.1769,0.6245,0.6243,189,1,0.0548718345311925,-0.00614828792418989,0,0,0,0,0,0,0,0.0133243673676948,0,0,0,0,0,0,0,-0.00265324032008464,0,0.00615897238667003,-0.0196197691997782,-0.0163046826062043,0,0,0.00841226304073447,0
LCO,ALL_REGIMES,tier3_full,m1m6,269,0,-0.0169,0.7436,0.6245,0.6138,189,1,0.16617070931976,0,0,0,0,0,0,0,0,0,0,0,0,0,0,0,0,0,0,0,0,0,0,0,5.16868222336843e-17,0
LCO,ALL_REGIMES,tier3_full,fly123,269,0.041,-0.0046,0.2743,0.5279,0.5397,189,1,0.02327162812314,-0.0106537977321181,0,0,0,0,0,0,0,0,0,0,0,0,0,0,0.0113547165693622,0,0,0.045545964100517,0,0,-0.00158501752541741,0,0.000265010945969903,0
LCO,ALL_REGIMES,tier3_full,fly136,269,0.0778,0.0249,0.323,0.5874,0.5926,189,1,0.0184089320155886,-0.00737910618322292,0,0,0,0,0,0,0,0,0,0,0,0,0,0,0.0265430683716507,0,0,0.0923391313150046,0,-0.00810692471504313,-0.0148294429656997,0,0.0173375612571265,0
HO,Warm-Up,tier2_physical,m1m2,68,0,-0.0197,1.0776,0.4853,0.5208,48,1,-0.0137963547237097,0,0,0,0,0,0,0,,,,,,,,,,,,,,,,,,
HO,Warm-Up,tier2_physical,m2m3,68,0,-0.0172,1.0232,0.5882,0.5208,48,1,0.219707847593586,0,0,0,0,0,0,0,,,,,,,,,,,,,,,,,,
HO,Warm-Up,tier2_physical,m1m6,68,0,-0.0196,2.7264,0.6324,0.5625,48,1,0.138560276292335,0,0,0,0,0,0,0,,,,,,,,,,,,,,,,,,
HO,Warm-Up,tier2_physical,fly123,68,0,-0.0207,1.3541,0.6176,0.5833,48,1,-0.233504202317295,0,0,0,0,0,0,0,,,,,,,,,,,,,,,,,,
HO,Warm-Up,tier2_physical,fly136,68,0,-0.043,1.5284,0.5,0.5208,48,1,0.273262709447417,0,0,0,0,0,0,0,,,,,,,,,,,,,,,,,,
HO,Warm-Up,tier2_freight,m1m2,68,0,-0.0322,1.0776,0.4853,0.5208,48,1,-0.0137963547237097,0,0,0,,0,0,,0,0,0,,,,,,,,,,,,,,,
HO,Warm-Up,tier2_freight,m2m3,68,0,-0.0597,1.0232,0.5882,0.5208,48,1,0.219707847593586,0,0,0,,0,0,,0,0,0,,,,,,,,,,,,,,,
HO,Warm-Up,tier2_freight,m1m6,68,0,-0.0199,2.7264,0.6324,0.5625,48,1,0.138560276292335,0,0,0,,0,0,,0,0,0,,,,,,,,,,,,,,,
HO,Warm-Up,tier2_freight,fly123,68,0,-0.0355,1.3541,0.6176,0.5833,48,1,-0.233504202317295,0,0,0,,0,0,,0,0,0,,,,,,,,,,,,,,,
HO,Warm-Up,tier2_freight,fly136,68,0,-0.0412,1.5284,0.5,0.5208,48,1,0.273262709447417,0,0,0,,0,0,,0,0,0,,,,,,,,,,,,,,,
HO,Warm-Up,tier3_full,m1m2,68,0,-0.015,1.0776,0.4853,0.5208,48,1,-0.0137963547237097,0,0,0,0,0,0,0,0,0,0,0,0,0,0,0,0,0,0,0,0,0,0,0,0,-2.03092616481522e-17
HO,Warm-Up,tier3_full,m2m3,68,0,-0.0597,1.0232,0.5882,0.5208,48,1,0.219707847593586,0,0,0,0,0,0,0,0,0,0,0,0,0,0,0,0,0,0,0,0,0,0,0,0,0
HO,Warm-Up,tier3_full,m1m6,68,0,-0.0858,2.7264,0.6324,0.5625,48,1,0.138560276292335,0,0,0,0,0,0,0,0,0,0,0,0,0,0,0,0,0,0,0,0,0,0,0,0,0
HO,Warm-Up,tier3_full,fly123,68,0,-0.0371,1.3541,0.6176,0.5833,48,1,-0.233504202317295,0,0,0,0,0,0,0,0,0,0,0,0,0,0,0,0,0,0,0,0,0,0,0,0,0
HO,Warm-Up,tier3_full,fly136,68,0,-0.0072,1.5284,0.5,0.5208,48,1,0.273262709447417,0,0,0,0,0,0,0,0,0,0,0,0,0,0,0,0,0,0,0,0,0,0,0,0,0
HO,Deep-Backwardation,tier2_physical,m1m2,18,0,-0.1765,7.1726,0.5556,0.5333,15,0,1.19884843940276,-0.00521612678174999,0,0,0,0.00755276984725515,0,0,,,,,,,,,,,,,,,,,,
HO,Deep-Backwardation,tier2_physical,m2m3,18,6e-04,-0.1443,1.6215,0.6667,0.6667,15,0,0.292999795831469,-0.000439662572792066,0,0,0,0.00211162929097144,0,0,,,,,,,,,,,,,,,,,,
HO,Deep-Backwardation,tier2_physical,m1m6,18,1e-04,-0.1288,8.4972,0.6667,0.6667,15,0,1.34450510112186,-0.00948573183983656,0,0,0,0.00447329437515385,0,0,,,,,,,,,,,,,,,,,,
HO,Deep-Backwardation,tier2_physical,fly123,18,1e-04,-0.1336,6.8016,0.5,0.5333,15,0,0.9067665432789,-5.81045765093382e-05,0,0,0,-0.00719184653223642,0,0,,,,,,,,,,,,,,,,,,
HO,Deep-Backwardation,tier2_physical,fly136,18,2e-04,-0.1377,7.4814,0.5,0.5333,15,0,1.64041973547712,0.00161308000566884,0,0,0,0.00881330861830353,0,0,,,,,,,,,,,,,,,,,,
HO,Deep-Backwardation,tier2_freight,m1m2,18,2e-04,-0.1586,7.172,0.5556,0.5333,15,0,1.20497528612882,-0.00094162993023062,0,0,,0.00159935352243195,0,,-0.00213823100912954,0.0014454348693869,-0.00533863343654626,,,,,,,,,,,,,,,
HO,Deep-Backwardation,tier2_freight,m2m3,18,0.0191,-0.1795,1.6065,0.6667,0.6667,15,0,0.30360034147597,-0.00382675096251501,0,0,,0.0228013584977724,0,,-0.0140563894334091,-0.0621941761617573,-0.00217732810643029,,,,,,,,,,,,,,,
HO,Deep-Backwardation,tier2_freight,m1m6,18,4e-04,-0.1263,8.4961,0.6667,0.6667,15,0,1.35328844764936,-0.00445361461138443,0,0,,0.0021890726680042,0,,-0.00404169242913466,5.53975285679654e-05,-0.00631418474766637,,,,,,,,,,,,,,,
HO,Deep-Backwardation,tier2_freight,fly123,18,3e-04,-0.1571,6.8008,0.5,0.5333,15,0,0.909913602866437,-2.7764938305117e-05,0,0,,-0.00330639393078383,0,,0.000944419266817966,0.0160110036118968,-0.00510784876461227,,,,,,,,,,,,,,,
HO,Deep-Backwardation,tier2_freight,fly136,18,0.0115,-0.0629,7.4393,0.5,0.5333,15,0,1.78890105531422,0.0522871872071078,0,0,,0.181878780178599,0,,-0.0831087696363644,-0.374410895952703,-0.0589253486431356,,,,,,,,,,,,,,,
HO,Deep-Backwardation,tier3_full,m1m2,18,0.0028,-0.1628,7.1627,0.5556,0.5333,15,0,1.20838829827378,-9.66829641324633e-05,0,0,0,0.000141113792186297,0,0,-0.000202816427717571,0.000111698271675772,-0.000495052877959974,0,0,0,0.000989803882357089,0,0.00421683183915098,-0.000185604792128664,0,-0.0083310521377397,-0.00144407132878005,0.0312660076307191,0.0036694579493866,0.000868776032943231,0.000476289303789494,-0.00286501802273436
HO,Deep-Backwardation,tier3_full,m2m3,18,0.0031,-0.1195,1.6195,0.6667,0.6667,15,0,0.292096387732502,-0.000198978267840718,0,0,0,0.000992803009415168,0,0,-0.000645177585384955,-0.00286979858060433,-0.000137299770449038,0,0,0,-0.00343819398948479,0,0.000539800661223707,0.000215458337086429,0,-0.000511917734340318,-0.00126139333971926,0.00502529961059349,-0.000615064884763323,-0.00125660911020556,-0.000235878612800051,-0.000853056648335187
HO,Deep-Backwardation,tier3_full,m1m6,18,0.0026,-0.1818,8.4868,0.6667,0.6667,15,0,1.35682635396448,-0.000553139460883886,0,0,0,0.000256523987552936,0,0,-0.000498370825565003,-2.23653254345121e-05,-0.000772971604463573,0,0,0,4.70224969304763e-05,0,0.00423707160582196,-0.000126293664554611,0,-0.00921472414218267,-0.0025262416928818,0.037041495796734,0.00396642918503502,0.000132924261455257,0.000874956587710916,-0.0026916757466113
HO,Deep-Backwardation,tier3_full,fly123,18,0.003,-0.0782,6.7916,0.5,0.5333,15,0,0.915969469425088,-1.03898644190657e-05,0,0,0,-0.000290715538365568,0,0,7.7040157026211e-05,0.00137340922727816,-0.000442787121781577,0,0,0,0.00251674047196506,0,0.00405978077139998,-0.000283536015687349,0,-0.00826527485882122,-0.000914262908215917,0.0296468954818818,0.00400531049546283,0.00143759201993545,0.000587559166430443,-0.00254144938890706
HO,Deep-Backwardation,tier3_full,fly136,18,0.0027,-0.1336,7.4722,0.5,0.5333,15,0,1.64567456347981,0.000174633592225094,0,0,0,0.000929987219327924,0,0,-0.000505019280409712,-0.00233424299257148,-0.000382953090119029,0,0,0,-0.00107709754032767,0,0.00503802055877017,-6.68860904402319e-05,0,-0.00859946421863918,-0.00161912437926647,0.032613564318275,0.00313040751142524,0.000548519121133983,-9.63220524462754e-05,-0.00405781189562388
HO,Easing-Backwardation,tier2_physical,m1m2,47,0,-0.0641,0.6348,0.4894,0.5,28,1,-0.0238993217775142,0,0,0,0,-6.24646664058419e-17,0,0,,,,,,,,,,,,,,,,,,
HO,Easing-Backwardation,tier2_physical,m2m3,47,0,-0.1028,0.5246,0.5532,0.4643,28,1,0.0404305544809791,0,0,0,0,0,0,0,,,,,,,,,,,,,,,,,,
HO,Easing-Backwardation,tier2_physical,m1m6,47,0,-0.0366,1.6166,0.4894,0.3929,28,1,0.0575900076873492,0,0,0,0,0,0,0,,,,,,,,,,,,,,,,,,
HO,Easing-Backwardation,tier2_physical,fly123,47,0,-0.018,0.6702,0.5532,0.5,28,1,-0.0643298762584933,0,0,0,0,-2.19799761630811e-17,0,0,,,,,,,,,,,,,,,,,,
HO,Easing-Backwardation,tier2_physical,fly136,47,0,-0.062,1.1338,0.6383,0.5357,28,1,-0.0245275422804196,0,0,0,0,0,0,0,,,,,,,,,,,,,,,,,,
HO,Easing-Backwardation,tier2_freight,m1m2,47,0,-0.0733,0.6348,0.4894,0.5,28,1,-0.0238993217775142,0,0,0,,0,0,,0,0,0,,,,,,,,,,,,,,,
HO,Easing-Backwardation,tier2_freight,m2m3,47,0,-0.0844,0.5246,0.5532,0.4643,28,1,0.0404305544809791,0,0,0,,0,0,,0,0,0,,,,,,,,,,,,,,,
HO,Easing-Backwardation,tier2_freight,m1m6,47,0,-0.083,1.6166,0.4894,0.3929,28,1,0.0575900076873492,0,0,0,,0,0,,0,0,0,,,,,,,,,,,,,,,
HO,Easing-Backwardation,tier2_freight,fly123,47,0,-0.0416,0.6702,0.5532,0.5,28,1,-0.0643298762584933,0,0,0,,0,0,,0,1.0853531832954e-16,0,,,,,,,,,,,,,,,
HO,Easing-Backwardation,tier2_freight,fly136,47,0,-0.0235,1.1338,0.6383,0.5357,28,1,-0.0245275422804196,0,0,0,,0,0,,0,0,0,,,,,,,,,,,,,,,
HO,Easing-Backwardation,tier3_full,m1m2,47,0,-0.0756,0.6348,0.4894,0.5,28,1,-0.0238993217775142,0,0,0,0,0,0,0,0,0,0,0,0,0,0,0,0,0,0,0,0,0,0,0,0,0
HO,Easing-Backwardation,tier3_full,m2m3,47,0.2363,0.0178,0.4584,0.6383,0.5,28,1,0.0410589440559446,0,0,0,0,0,0,0,0,0,0,0,0,0,0.0230598310708834,0,0.0997656440105141,0,0,0.0920079012985257,0,-0.082181096916747,-0.146173911007841,0,-0.00604411598715562,0
HO,Easing-Backwardation,tier3_full,m1m6,47,0,-0.0446,1.6166,0.4894,0.3929,28,1,0.0575900076873492,0,0,0,0,0,0,0,0,0,0,0,0,0,0,0,0,0,0,0,0,0,0,0,0,0
HO,Easing-Backwardation,tier3_full,fly123,47,0,-0.0729,0.6702,0.5532,0.5,28,1,-0.0643298762584933,0,0,0,0,0,0,0,0,0,0,0,0,0,0,0,0,0,0,0,0,0,0,0,0,0
HO,Easing-Backwardation,tier3_full,fly136,47,0,-0.0961,1.1338,0.6383,0.5357,28,1,-0.0245275422804196,0,0,0,0,0,0,0,0,0,0,0,0,0,0,0,0,0,0,0,0,0,0,0,0,0
HO,Stable-Elevated,tier2_physical,m1m2,94,0.0951,0.0206,0.6525,0.6064,0.6,70,1,-0.0448810805666216,-0.226560469111316,0,0,0,0.262133632008396,0,0,,,,,,,,,,,,,,,,,,
HO,Stable-Elevated,tier2_physical,m2m3,94,0.0063,-0.0159,0.3698,0.5638,0.5286,70,1,0.0860945750589474,-0.00661033239586214,0,0,0,0,0,0,,,,,,,,,,,,,,,,,,
HO,Stable-Elevated,tier2_physical,m1m6,94,0.0649,-0.0151,1.4569,0.5426,0.5286,70,1,0.0131790876039657,-0.410620721487487,0,0,0,0.476606049321716,0,0,,,,,,,,,,,,,,,,,,
HO,Stable-Elevated,tier2_physical,fly123,94,0.0554,-0.0056,0.5623,0.5,0.5143,70,1,-0.125469518578975,-0.116328423670743,0,0,0,0.181954793316424,0,0,,,,,,,,,,,,,,,,,,
HO,Stable-Elevated,tier2_physical,fly136,94,0.0462,-0.0054,0.9493,0.6702,0.6429,70,1,0.0624194699803308,-0.24758514890774,0,0,0,0.188882477647768,0,0,,,,,,,,,,,,,,,,,,
HO,Stable-Elevated,tier2_freight,m1m2,94,0.0931,-0.0637,0.6532,0.5638,0.5429,70,1,-0.00996428538056968,-0.114493198288246,0,0,,0.125565160565798,0,,-0.0336146248194395,-0.0200444049012373,0,,,,,,,,,,,,,,,
HO,Stable-Elevated,tier2_freight,m2m3,94,0.0288,0.002,0.3656,0.5638,0.5286,70,1,0.0960510796137797,-0.0390589443348682,0,0,,0,0,,0,0,0,,,,,,,,,,,,,,,
HO,Stable-Elevated,tier2_freight,m1m6,94,0,-0.0464,1.5067,0.4681,0.4429,70,1,0.108914427534018,0,0,0,,0,0,,0,0,0,,,,,,,,,,,,,,,
HO,Stable-Elevated,tier2_freight,fly123,94,0,-0.0241,0.5785,0.5319,0.5571,70,1,-0.0765134075738643,0,0,0,,0,0,,0,0,0,,,,,,,,,,,,,,,
HO,Stable-Elevated,tier2_freight,fly136,94,0,-0.0263,0.972,0.5319,0.4714,70,1,0.0743238224200324,0,0,0,,0,0,,0,0,0,,,,,,,,,,,,,,,
HO,Stable-Elevated,tier3_full,m1m2,94,0,-0.036,0.6859,0.4574,0.4143,70,1,0.0075528587015804,0,0,0,0,0,0,0,0,0,0,0,0,0,0,0,0,0,0,0,0,0,0,0,0,0
HO,Stable-Elevated,tier3_full,m2m3,94,0.0834,-0.029,0.3551,0.5106,0.5,70,1,0.0689764166503433,-0.0382202744701544,0,0,0,0,0,0,0,0,0,0,0,0,0,0,0,0,0,0,0,-0.00201770244434001,0,0.083676478093362,0,0.0193903251724421
HO,Stable-Elevated,tier3_full,m1m6,94,0,-0.0482,1.5067,0.4681,0.4429,70,1,0.108914427534018,0,0,0,0,0,0,0,0,0,0,0,0,0,0,0,0,0,0,0,0,0,0,0,0,0
HO,Stable-Elevated,tier3_full,fly123,94,0,-0.01,0.5785,0.5319,0.5571,70,1,-0.0765134075738643,0,0,0,0,0,0,0,0,0,0,0,0,0,0,0,0,0,0,0,0,0,0,0,0,0
HO,Stable-Elevated,tier3_full,fly136,94,0,-0.0375,0.972,0.5319,0.4714,70,1,0.0743238224200324,0,0,0,0,0,0,0,0,0,0,0,0,0,0,0,0,0,0,0,0,0,0,0,0,0
HO,Deep-Contango,tier2_physical,m1m2,19,4e-04,-0.0346,0.1205,0.6316,0.6923,13,0,-0.044387798157609,-0.000186608363098842,0,0,0,-0.000160384700216093,0,0,,,,,,,,,,,,,,,,,,
HO,Deep-Contango,tier2_physical,m2m3,19,3e-04,-0.077,0.1437,0.6842,0.6923,13,0,0.000543367826679742,-0.000102914847326801,0,0,0,-0.00168123958406263,0,0,,,,,,,,,,,,,,,,,,
HO,Deep-Contango,tier2_physical,m1m6,19,5e-04,-0.0456,0.4343,0.6316,0.6154,13,0,-0.0807054381624428,-0.000289260348415044,0,0,0,-0.00511423918990954,0,0,,,,,,,,,,,,,,,,,,
HO,Deep-Contango,tier2_physical,fly123,19,5e-04,-0.0965,0.1034,0.7895,0.8462,13,0,-0.0445619969942374,-0.000133162171139687,0,0,0,0.00106023768126642,0,0,,,,,,,,,,,,,,,,,,
HO,Deep-Contango,tier2_physical,fly136,19,6e-04,-0.1687,0.2161,0.5789,0.6154,13,0,-0.00790122376848973,-5.44704662686262e-05,0,0,0,0.00254944272853884,0,0,,,,,,,,,,,,,,,,,,
HO,Deep-Contango,tier2_freight,m1m2,19,0.0404,-0.0559,0.118,0.6316,0.6923,13,0,-0.04616824897434,-0.00174025549400363,0,0,,-0.00197589885493833,0,,-0.00336817447158199,-0.00655254689113657,-0.00162324340248519,,,,,,,,,,,,,,,
HO,Deep-Contango,tier2_freight,m2m3,19,0.0514,-0.0083,0.14,0.7368,0.7692,13,0,0.0068519961360136,-0.000752957124256808,0,0,,-0.0155689192119915,0,,-0.00295706019461366,-0.0151835214603677,-0.0038953828433139,,,,,,,,,,,,,,,
HO,Deep-Contango,tier2_freight,m1m6,19,0.0024,-0.2078,0.4339,0.6316,0.6154,13,0,-0.0820546442924321,-0.000225023236675777,0,0,,-0.0039897134664144,0,,-0.000416840744533861,-0.00150104273027274,-0.000627050270643283,,,,,,,,,,,,,,,
HO,Deep-Contango,tier2_freight,fly123,19,0.0011,-0.0451,0.1034,0.7895,0.8462,13,0,-0.044169460553346,-6.88062262733168e-05,0,0,,0.000550184897649453,0,,-6.03002416334918e-05,0.000297133446060209,8.5296193886662e-05,,,,,,,,,,,,,,,
HO,Deep-Contango,tier2_freight,fly136,19,0.0016,-0.2039,0.216,0.5789,0.6154,13,0,-0.00814755885409384,-5.17728059184059e-05,0,0,,0.00245475379494537,0,,-0.000213530833214702,-0.000516695437445924,9.14096235562855e-05,,,,,,,,,,,,,,,
HO,Deep-Contango,tier3_full,m1m2,19,0.0722,-0.109,0.1161,0.6316,0.6923,13,0,-0.0461626927116421,-0.00107082855232826,0,0,0,-0.00147651788327435,0,0,-0.00207850061128808,-0.00431997483359346,-0.000987435124167905,0,0,0,-0.0064834694782688,0,-0.00218180057771741,0.000272779514321864,0,-3.56336754116343e-05,0.00654579375693153,-0.000246692702510167,-0.00175222813528688,0.00197879017696852,-0.00356601267555462,0.00205001848480266
HO,Deep-Contango,tier3_full,m2m3,19,0.0038,-0.1852,0.1435,0.7368,0.7692,13,0,-0.000562219265366384,-2.345727997698e-05,0,0,0,-0.000388437401313825,0,0,-8.30183535266664e-05,-0.000412695996142639,-0.00010926705943368,0,0,0,-0.000320952524685517,0,-0.000148901622871871,1.23432377848311e-05,0,-4.23220784659042e-05,0.00056120870674896,-6.17612003316363e-05,-7.47138754624711e-05,0.000183121845123917,-0.000217082338565556,0.000103829457798458
HO,Deep-Contango,tier3_full,m1m6,19,0.0045,-0.0656,0.4335,0.6316,0.6154,13,0,-0.0826492239563192,-0.000148145700612764,0,0,0,-0.00264406886459625,0,0,-0.000274167161717879,-0.000993542542735221,-0.000413892689787389,0,0,0,-0.00133702713694208,0,-0.000304009131732365,2.41724291162131e-05,0,-5.12624920186505e-05,0.00192913976388503,-0.000173955414781561,-0.000293336091722957,0.00082223537909042,-0.000708859384622551,0.000482725722133685
HO,Deep-Contango,tier3_full,fly123,19,0.0017,-0.1166,0.1033,0.7895,0.8462,13,0,-0.0442929595743921,-6.82461853762552e-05,0,0,0,0.000550814663879372,0,0,-6.01251905185512e-05,0.0002970199278508,8.48447997065756e-05,0,0,0,-9.04713613231878e-05,0,6.31885315051379e-05,3.50940610190621e-06,0,5.6346267409816e-05,-0.000303959436228033,9.50163094668819e-05,-5.37887990985151e-05,-0.00010483759621384,3.78450005244011e-05,2.80475712236295e-05
HO,Deep-Contango,tier3_full,fly136,19,0.0033,-0.2149,0.2158,0.5789,0.6154,13,0,-0.00874335561882723,-5.54480535513518e-05,0,0,0,0.00264215497977506,0,0,-0.000229741544548943,-0.000557205342112069,9.85971386308276e-05,0,0,0,-0.00018398473540265,0,-0.000370371247371397,4.93477841867996e-05,0,-8.40538265162622e-05,5.49156458905934e-05,5.31269959568347e-05,-0.000133818823189458,-0.000291979894758993,-0.000234080481822924,-1.99637573528574e-05
HO,ALL_REGIMES,tier2_physical,m1m2,269,0.0186,-0.0088,2.3139,0.5353,0.5185,189,1,0.167738835711994,-0.336168159373324,0,0,0,0.221430733184418,0,0,,,,,,,,,,,,,,,,,,
HO,ALL_REGIMES,tier2_physical,m2m3,269,0,-0.0082,0.7706,0.5651,0.5238,189,1,0.1375444951313,-2.67868682214469e-17,0,0,0,0,0,0,,,,,,,,,,,,,,,,,,
HO,ALL_REGIMES,tier2_physical,m1m6,269,0.0199,0.0058,3.1568,0.5725,0.5608,189,1,0.309282295385108,-0.35713885754376,0,0,0,0.110267906317455,0,0,,,,,,,,,,,,,,,,,,
HO,ALL_REGIMES,tier2_physical,fly123,269,0.0156,-0.0032,2.2562,0.5316,0.545,189,1,0.0301943405806949,-0.290475297156235,0,0,0,0.220408008476512,0,0,,,,,,,,,,,,,,,,,,
HO,ALL_REGIMES,tier2_physical,fly136,269,0.0081,-0.0061,2.4848,0.4907,0.4921,189,1,0.30128436630148,-0.226657659124529,0,0,0,0.154707066047879,0,0,,,,,,,,,,,,,,,,,,
HO,ALL_REGIMES,tier2_freight,m1m2,269,0.0231,0.0093,2.3086,0.5502,0.5397,189,1,0.184184303198825,-0.361211747749571,0,0,,0.242020997909802,0,,0.181385455658601,-0.000773518046096582,-0.25066750868837,,,,,,,,,,,,,,,
HO,ALL_REGIMES,tier2_freight,m2m3,269,0,-0.0134,0.7706,0.5651,0.5238,189,1,0.1375444951313,-2.67868682214469e-17,0,0,,0,0,,0,0,0,,,,,,,,,,,,,,,
HO,ALL_REGIMES,tier2_freight,m1m6,269,0.0254,0.0052,3.1479,0.5539,0.5397,189,1,0.322362370318687,-0.55883441622621,0,0,,0.306080672658698,0,,0.108409358133287,0.100107015589621,-0.2326609574766,,,,,,,,,,,,,,,
HO,ALL_REGIMES,tier2_freight,fly123,269,0.0197,-6e-04,2.2515,0.5279,0.5291,189,1,0.0385212390108375,-0.230303294880237,0,0,,0.157984351344009,0,,0.0929128715373052,0,-0.125926916728616,,,,,,,,,,,,,,,
HO,ALL_REGIMES,tier2_freight,fly136,269,0.0082,-0.0123,2.4847,0.4981,0.5132,189,1,0.30128436630148,-0.162153922631658,0,0,,0.0917452068768897,0,,0,-0.0705504440904446,0,,,,,,,,,,,,,,,
HO,ALL_REGIMES,tier3_full,m1m2,269,0,-0.0177,2.3357,0.5056,0.4762,189,1,0.167738835711994,0,0,0,0,0,0,0,0,0,0,0,0,0,0,0,0,0,0,0,0,0,0,0,0,0
HO,ALL_REGIMES,tier3_full,m2m3,269,0.0119,-0.0254,0.766,0.5651,0.5238,189,1,0.135698528879413,0,0,0,0,0,0,0,0,0,0,0,0,0,0,0,0,0,0,0,0,0,0,0,0,0.0304789525172143
HO,ALL_REGIMES,tier3_full,m1m6,269,0,-0.0114,3.1886,0.5428,0.5079,189,1,0.309282295385108,0,0,0,0,0,0,0,0,0,0,0,0,0,0,0,0,0,0,0,0,0,0,0,0,0
HO,ALL_REGIMES,tier3_full,fly123,269,0.0179,0.0049,2.2536,0.5576,0.5503,189,1,-0.0733521699067158,-0.0827846439519147,0,0,0,0,0,0,0,0,0,0,0,0,0,0,0,0,0,0,0,0.320161049667971,0,0,0,0
HO,ALL_REGIMES,tier3_full,fly136,269,0.0323,-0.0066,2.4542,0.5353,0.5503,189,1,0.230348579647332,-0.0765033516272966,0,0,0,0,0,0,0,0,0,0,0,0,0,0,0,0,0,-0.176890710052739,0,0.42745074798496,0,0,0.0242499200443173,0.0856315174725395
LGO,Warm-Up,tier2_physical,m1m2,68,0,-0.1028,0.9504,0.6324,0.6667,48,1,0.162221189335272,0,0,0,0,0,0,0,,,,,,,,,,,,,,,,,,
LGO,Warm-Up,tier2_physical,m2m3,68,0.0046,-0.0514,0.8278,0.5735,0.5417,48,1,0.0407499014027394,0,0,0,0,-0.050891339994797,0,0,,,,,,,,,,,,,,,,,,
LGO,Warm-Up,tier2_physical,m1m6,68,0,-0.0807,2.7693,0.6618,0.6458,48,1,0.232415590857522,0,0,0,0,0,0,0,,,,,,,,,,,,,,,,,,
LGO,Warm-Up,tier2_physical,fly123,68,0,-0.0481,0.5491,0.4559,0.4583,48,1,0.0659766620772742,0,0,0,0,0,0,0,,,,,,,,,,,,,,,,,,
LGO,Warm-Up,tier2_physical,fly136,68,0,-0.0524,1.3576,0.5441,0.5208,48,1,0.284515842329018,0,0,0,0,-6.80579144919736e-18,0,0,,,,,,,,,,,,,,,,,,
LGO,Warm-Up,tier2_freight,m1m2,68,0,-0.0359,0.9504,0.6324,0.6667,48,1,0.162221189335272,0,0,0,,0,0,,0,0,0,,,,,,,,,,,,,,,
LGO,Warm-Up,tier2_freight,m2m3,68,0,-0.0355,0.8297,0.5735,0.5417,48,1,0.0962445272579976,0,0,0,,0,0,,0,0,0,,,,,,,,,,,,,,,
LGO,Warm-Up,tier2_freight,m1m6,68,0,-0.0143,2.7693,0.6618,0.6458,48,1,0.232415590857522,0,0,0,,0,0,,0,0,0,,,,,,,,,,,,,,,
LGO,Warm-Up,tier2_freight,fly123,68,0,-0.0403,0.5491,0.4559,0.4583,48,1,0.0659766620772742,0,0,0,,0,0,,0,0,0,,,,,,,,,,,,,,,
LGO,Warm-Up,tier2_freight,fly136,68,0,-0.061,1.3576,0.5441,0.5208,48,1,0.284515842329018,0,0,0,,-6.80579144919736e-18,0,,0,0,0,,,,,,,,,,,,,,,
LGO,Warm-Up,tier3_full,m1m2,68,0,-0.1511,0.9504,0.6324,0.6667,48,1,0.162221189335272,0,0,0,0,0,0,0,0,0,0,0,0,0,0,0,0,0,0,0,0,0,0,0,0,0
LGO,Warm-Up,tier3_full,m2m3,68,0,-0.0924,0.8297,0.5735,0.5417,48,1,0.0962445272579976,0,0,0,0,0,0,0,0,0,0,0,0,0,0,0,0,0,0,0,0,0,0,0,0,0
LGO,Warm-Up,tier3_full,m1m6,68,0,-0.1659,2.7693,0.6618,0.6458,48,1,0.232415590857522,0,0,0,0,0,0,0,0,0,0,0,0,0,0,0,0,0,0,0,0,0,0,0,0,0
LGO,Warm-Up,tier3_full,fly123,68,0,-0.0169,0.5491,0.4559,0.4583,48,1,0.0659766620772741,0,0,0,0,0,0,0,0,0,0,0,0,0,0,0,0,0,0,0,1.23272086301054e-16,0,0,0,0,0
LGO,Warm-Up,tier3_full,fly136,68,0,-0.0523,1.3576,0.5441,0.5208,48,1,0.284515842329018,0,0,0,0,0,0,0,0,0,0,0,0,0,0,0,0,0,0,0,0,0,0,0,0,0
LGO,Deep-Backwardation,tier2_physical,m1m2,18,0.0011,-0.0718,2.044,0.6111,0.6667,15,0,0.179328502328161,-0.0018910775124644,0,0,0,-0.00291698512389697,0,0,,,,,,,,,,,,,,,,,,
LGO,Deep-Backwardation,tier2_physical,m2m3,18,0.0938,-0.0507,0.7825,0.5,0.4667,15,0,-0.108541809267778,-0.136270206763632,0,0,0,-0.044545184019925,0,0,,,,,,,,,,,,,,,,,,
LGO,Deep-Backwardation,tier2_physical,m1m6,18,8e-04,-0.2274,3.2742,0.3333,0.2667,15,0,-0.0378514852444858,-0.00368042398518473,0,0,0,-0.00259880593169963,0,0,,,,,,,,,,,,,,,,,,
LGO,Deep-Backwardation,tier2_physical,fly123,18,5e-04,-0.0203,1.9873,0.6111,0.6,15,0,0.19010977577362,-0.000449603462462068,0,0,0,-0.00214712383821568,0,0,,,,,,,,,,,,,,,,,,
LGO,Deep-Backwardation,tier2_physical,fly136,18,0.099,-0.2204,2.3656,0.5,0.4667,15,0,0.225140963684321,-0.124564488964328,0,0,0,-0.39310670831827,0,0,,,,,,,,,,,,,,,,,,
LGO,Deep-Backwardation,tier2_freight,m1m2,18,0.0018,-0.1386,2.0433,0.6111,0.6667,15,0,0.179079543163233,-0.00207163695365188,0,0,,-0.00319991730673359,0,,0.000327736936784119,-0.00637898013705055,0.000150843459838347,,,,,,,,,,,,,,,
LGO,Deep-Backwardation,tier2_freight,m2m3,18,0.0013,-0.1533,0.8215,0.3889,0.3333,15,0,-0.0100699079074589,-0.000923243625405494,0,0,,-0.000515549220782279,0,,-0.000240399805949396,-0.000702203007292944,-0.000306417335202847,,,,,,,,,,,,,,,
LGO,Deep-Backwardation,tier2_freight,m1m6,18,0.0017,-0.2517,3.2727,0.3333,0.2667,15,0,-0.0376906432641378,-0.00530295351086179,0,0,,-0.00374908211350664,0,,-0.00103787504439533,-0.0100304379788121,-0.00114341050254539,,,,,,,,,,,,,,,
LGO,Deep-Backwardation,tier2_freight,fly123,18,0.001,-0.1924,1.9867,0.6111,0.6,15,0,0.189526701241664,-0.000453253913602543,0,0,,-0.00215004132845299,0,,0.000684690987009136,-0.00480618038728825,0.000625228217812066,,,,,,,,,,,,,,,
LGO,Deep-Backwardation,tier2_freight,fly136,18,0.0014,-0.1083,2.4905,0.6667,0.7333,15,0,0.375977504263953,-0.00164446198313975,0,0,,-0.00295841903034731,0,,0.000435758561360497,-0.00390252033447834,0.000142626576439857,,,,,,,,,,,,,,,
LGO,Deep-Backwardation,tier3_full,m1m2,18,0.0032,-0.0869,2.0419,0.6111,0.6667,15,0,0.176723309042564,-0.00168154258200618,0,0,0,-0.00259869866498818,0,0,0.00026272750708991,-0.00521317673019486,0.000120657283183735,0,0,0,0.00252708201692848,0,-0.00203537785032411,-0.000102696269513946,0,-0.000177140280329,0.000818333206013801,-0.00158265420375203,-0.000429752746477915,0.000144971592828789,0.00198660265897949,0.00644752336587752
LGO,Deep-Backwardation,tier3_full,m2m3,18,0.003,-0.0964,0.8208,0.3889,0.3333,15,0,-0.0118542585706688,-0.000917591482625221,0,0,0,-0.000511814677203024,0,0,-0.000237635101997366,-0.000697096527925381,-0.00030314347494163,0,0,0,-0.00020801645760917,0,-0.000655602196837386,9.68869363194675e-06,0,0.000230224543146718,-0.00106943438979758,0.00207246918407404,0.000290706454039181,-0.000962447059366229,0.000501737598421019,0.00173021648038594
LGO,Deep-Backwardation,tier3_full,m1m6,18,0.0029,-0.2524,3.2709,0.3333,0.2667,15,0,-0.0436428436447573,-0.00335859803367793,0,0,0,-0.0023746026696933,0,0,-0.000656294624904922,-0.00637686475522655,-0.000722571075705024,0,0,0,-0.000866545438394752,0,-0.00779289775084268,9.76277556966856e-05,0,-5.03626944448246e-05,-0.00243253477722647,0.00660496452804958,-0.000545245527614159,-0.00303322547349824,0.00219146703863574,0.00821725357871804
LGO,Deep-Backwardation,tier3_full,fly123,18,0.0025,-0.07,1.9853,0.6111,0.6,15,0,0.189247576776607,-0.00045518304999116,0,0,0,-0.00214480598304268,0,0,0.000674144196480974,-0.00483304390549362,0.000616779158218607,0,0,0,0.00320015287107951,0,-0.00127716664243293,-0.00013192404200875,0,-0.000556430643750535,0.00262218114435751,-0.00510811912698548,-0.000945130638572115,0.00169156529480861,0.00146518715438354,0.00457412074314864
LGO,Deep-Backwardation,tier3_full,fly136,18,0.1365,-0.0887,2.3158,0.7222,0.6667,15,0,0.233315165173808,-0.062222961518406,0,0,0,-0.128550503802966,0,0,0.0200095735201,-0.230298503991937,0.0125722857276973,0,0,0,0.163808457177722,0,0.11745799936835,-0.0094923425803799,0,0.00559000935192439,0.0582178382133239,-0.172558947857228,0.00629541943898396,0.042177842419603,0.0937266492540733,0.260155640177875
LGO,Easing-Backwardation,tier2_physical,m1m2,47,0,-0.1329,0.5292,0.5106,0.5357,28,1,0.0380619351981911,0,0,0,0,0,0,0,,,,,,,,,,,,,,,,,,
LGO,Easing-Backwardation,tier2_physical,m2m3,47,0,-0.1671,0.3697,0.5319,0.4643,28,1,0.0427707040409037,0,0,0,0,0,0,0,,,,,,,,,,,,,,,,,,
LGO,Easing-Backwardation,tier2_physical,m1m6,47,0,-0.0277,1.1988,0.5532,0.5357,28,1,0.208369944628767,-3.19986923475834e-17,0,0,0,0,0,0,,,,,,,,,,,,,,,,,,
LGO,Easing-Backwardation,tier2_physical,fly123,47,0,-0.1251,0.4453,0.5957,0.5357,28,1,-0.00470876884271252,0,0,0,0,-1.46052628286263e-17,0,0,,,,,,,,,,,,,,,,,,
LGO,Easing-Backwardation,tier2_physical,fly136,47,0,-0.1487,0.7202,0.5106,0.5714,28,1,-0.0467046661505772,0,0,0,0,-3.54324122421116e-17,0,0,,,,,,,,,,,,,,,,,,
LGO,Easing-Backwardation,tier2_freight,m1m2,47,0.0188,-0.0215,0.5242,0.5106,0.5357,28,1,0.0406680183700338,0,0,0,,0,0,,0,0.0304403746133168,0,,,,,,,,,,,,,,,
LGO,Easing-Backwardation,tier2_freight,m2m3,47,0,-0.124,0.3697,0.5319,0.4643,28,1,0.0427707040409037,0,0,0,,0,0,,0,0,0,,,,,,,,,,,,,,,
LGO,Easing-Backwardation,tier2_freight,m1m6,47,0,-0.0927,1.1988,0.5532,0.5357,28,1,0.208369944628767,0,0,0,,0,0,,0,0,0,,,,,,,,,,,,,,,
LGO,Easing-Backwardation,tier2_freight,fly123,47,0.0436,-0.0282,0.4355,0.5745,0.5714,28,1,0.00105637961660264,0,0,0,,0,0,,0,0.0673398610984666,0,,,,,,,,,,,,,,,
LGO,Easing-Backwardation,tier2_freight,fly136,47,0.0201,-0.0191,0.7129,0.5745,0.6429,28,1,-0.0403714501863876,0,0,0,,0,0,,0,0.0739751779758644,0,,,,,,,,,,,,,,,
LGO,Easing-Backwardation,tier3_full,m1m2,47,0.2126,-0.0115,0.4696,0.5745,0.5,28,1,0.109319952352469,0,0,0,0,-0.0137384067841623,0,0,0,0.287801880700741,0,0,0,0,0,0,0.129255413933813,-0.00223201886079514,0,0,0,0,-0.0877495327142462,0.0377763530100092,-0.00739310762668298,0
LGO,Easing-Backwardation,tier3_full,m2m3,47,0.0782,-0.0887,0.355,0.6383,0.5357,28,1,0.0562259066072529,0,0,0,0,0,0,0,0,0,0,0,0,0,0,0,0.0609045757029886,0,0,0,0,0,-0.00889250739758695,0,0,0
LGO,Easing-Backwardation,tier3_full,m1m6,47,0.2279,0.0674,1.0534,0.6383,0.5714,28,1,0.297977854546146,0,0,0,0,0,0,0,0,0.215424335689969,0,0,0,0,0,0,0.329811025663088,0,0,0,0,0,-0.271511028427553,0,0,0
LGO,Easing-Backwardation,tier3_full,fly123,47,0.0317,-0.0113,0.4382,0.617,0.6071,28,1,-0.000689575693383882,0,0,0,0,0,0,0,0,0.0469462166176115,0,0,0,0,0,0,0,0,0,0,0,0,0,0,0,0
LGO,Easing-Backwardation,tier3_full,fly136,47,0,-0.0699,0.7202,0.5106,0.5714,28,1,-0.0467046661505772,0,0,0,0,0,0,0,0,0,0,0,0,0,0,0,0,0,0,0,0,0,0,0,0,0
LGO,Stable-Elevated,tier2_physical,m1m2,94,0,-0.0743,0.6864,0.4574,0.4571,70,1,0.0600460353965144,-9.91523741286758e-17,0,0,0,0,0,0,,,,,,,,,,,,,,,,,,
LGO,Stable-Elevated,tier2_physical,m2m3,94,0,-0.0353,0.4589,0.4894,0.5,70,1,0.0522470665220937,0,0,0,0,0,0,0,,,,,,,,,,,,,,,,,,
LGO,Stable-Elevated,tier2_physical,m1m6,94,0.0918,-0.0278,1.391,0.5745,0.5714,70,1,-0.0397089748711863,-0.476907817541831,0,0,0,0.542404217244095,0,0,,,,,,,,,,,,,,,,,,
LGO,Stable-Elevated,tier2_physical,fly123,94,0,-0.1055,0.6051,0.4894,0.4714,70,1,0.0077989688744206,0,0,0,0,0,0,0,,,,,,,,,,,,,,,,,,
LGO,Stable-Elevated,tier2_physical,fly136,94,0,-0.0759,0.9994,0.4574,0.4714,70,1,0.15828825136289,0,0,0,0,0,0,0,,,,,,,,,,,,,,,,,,
LGO,Stable-Elevated,tier2_freight,m1m2,94,0.032,0.0045,0.6753,0.5,0.5143,70,1,0.0834486029690133,-0.076269822341198,0,0,,0,0,,0,0,0,,,,,,,,,,,,,,,
LGO,Stable-Elevated,tier2_freight,m2m3,94,0,-0.045,0.4589,0.4894,0.5,70,1,0.0522470665220937,0,0,0,,0,0,,0,0,0,,,,,,,,,,,,,,,
LGO,Stable-Elevated,tier2_freight,m1m6,94,0.0907,-0.1103,1.3918,0.5745,0.5714,70,1,-0.020389560531169,-0.40672110759939,0,0,,0.453013673004598,0,,-0.00704058779734531,0.0207615965750966,0,,,,,,,,,,,,,,,
LGO,Stable-Elevated,tier2_freight,fly123,94,0,-0.0551,0.6051,0.4894,0.4714,70,1,0.0077989688744206,0,0,0,,0,0,,0,0,0,,,,,,,,,,,,,,,
LGO,Stable-Elevated,tier2_freight,fly136,94,0,-0.0578,0.9994,0.4574,0.4714,70,1,0.15828825136289,0,0,0,,0,0,,0,0,0,,,,,,,,,,,,,,,
LGO,Stable-Elevated,tier3_full,m1m2,94,0,-0.0161,0.6864,0.4574,0.4571,70,1,0.0600460353965144,-9.91523741286758e-17,0,0,0,0,0,0,0,0,0,0,0,0,0,0,0,0,0,0,0,0,0,0,0,0
LGO,Stable-Elevated,tier3_full,m2m3,94,0,-0.0346,0.4589,0.4894,0.5,70,1,0.0522470665220937,0,0,0,0,0,0,0,0,0,0,0,0,0,0,0,0,0,0,0,0,0,0,0,0,0
LGO,Stable-Elevated,tier3_full,m1m6,94,0,-0.0718,1.4596,0.4894,0.4429,70,1,0.0662979524743262,0,0,0,0,0,0,0,0,0,0,0,0,0,0,0,0,0,0,0,0,0,0,0,0,0
LGO,Stable-Elevated,tier3_full,fly123,94,0,-0.0276,0.6051,0.4894,0.4714,70,1,0.00779896887442056,0,0,0,0,0,0,0,0,0,0,0,0,0,0,0,0,0,0,0,0,1.08083226223081e-16,0,0,0,0
LGO,Stable-Elevated,tier3_full,fly136,94,0.0707,0.0076,0.9634,0.4574,0.4714,70,1,0.248159765895037,0,0,0,0,-0.193177899920853,0,0,0,0,0,0,0,0,0,0,0,0,0,0,0,0,0,0,0,0
LGO,Deep-Contango,tier2_physical,m1m2,19,0.0918,-0.076,0.188,0.5789,0.4615,13,0,0.207254326140147,-0.022460954294992,0,0,0,-0.219290623533192,0,0,,,,,,,,,,,,,,,,,,
LGO,Deep-Contango,tier2_physical,m2m3,19,7e-04,-0.2017,0.1066,0.4737,0.3846,13,0,0.00239047305779379,-1.7883346297914e-05,0,0,0,-0.00166056505606991,0,0,,,,,,,,,,,,,,,,,,
LGO,Deep-Contango,tier2_physical,m1m6,19,0.0012,-0.0356,0.4153,0.5789,0.6154,13,0,-0.0340431272051902,-0.000184408703753476,0,0,0,-0.00490869283151393,0,0,,,,,,,,,,,,,,,,,,
LGO,Deep-Contango,tier2_physical,fly123,19,0.0636,-0.2081,0.1893,0.6316,0.6154,13,0,0.136624310421623,-0.0267301342945554,0,0,0,-0.129294034192965,0,0,,,,,,,,,,,,,,,,,,
LGO,Deep-Contango,tier2_physical,fly136,19,6e-04,-0.1195,0.2701,0.6842,0.5385,13,0,0.10147802520907,-0.000382204545547534,0,0,0,0.00267569967265897,0,0,,,,,,,,,,,,,,,,,,
LGO,Deep-Contango,tier2_freight,m1m2,19,0.0257,-0.1388,0.1947,0.5789,0.4615,13,0,0.0654958423370482,-0.00434253677354106,0,0,,-0.0424757300796613,0,,-0.0017542175331391,0.00131977633842227,-0.00178153819540704,,,,,,,,,,,,,,,
LGO,Deep-Contango,tier2_freight,m2m3,19,0.0016,-0.0943,0.1066,0.4737,0.3846,13,0,0.00184492076889817,-1.11440154865713e-05,0,0,,-0.00102734393499879,0,,-5.09689982152717e-05,-0.000243003352702798,-0.000137605555084361,,,,,,,,,,,,,,,
LGO,Deep-Contango,tier2_freight,m1m6,19,0.2396,-0.326,0.3624,0.6842,0.7692,13,0,0.793002660688167,-0.0353993305533087,0,0,,-1.05049763293402,0,,0.00781893133282341,-0.0739539680655258,-0.0478340487521058,,,,,,,,,,,,,,,
LGO,Deep-Contango,tier2_freight,fly123,19,0.0011,-0.2887,0.1955,0.5263,0.4615,13,0,0.031801056984803,-0.000251990694569701,0,0,,-0.00141252713653317,0,,-5.25519020587153e-05,0.000343789328896167,4.96316733637954e-05,,,,,,,,,,,,,,,
LGO,Deep-Contango,tier2_freight,fly136,19,0.0011,-0.0778,0.2701,0.6842,0.5385,13,0,0.102445412706218,-0.00017474098232677,0,0,,0.00122544442966534,0,,-0.000267364397575514,0.000121487162563852,-7.00421645097564e-05,,,,,,,,,,,,,,,
LGO,Deep-Contango,tier3_full,m1m2,19,0.2238,-0.1396,0.1738,0.5789,0.4615,13,0,0.125526197944771,-0.00923631828962656,0,0,0,-0.120833086756287,0,0,-0.00210058648615891,0.00608896950082688,-0.00704949353758585,0,0,0,-0.032447776253766,0,0.0156917127502861,-0.00169122864726755,0,0.0274277183951445,-0.00842520340980367,0.0220047443149713,-0.0107268601708177,0.0180450130741062,0.0230678526316741,0.0170562703227188
LGO,Deep-Contango,tier3_full,m2m3,19,0.0045,-0.1258,0.1064,0.4737,0.3846,13,0,0.00192980605384416,-9.27673630936374e-06,0,0,0,-0.000866420494076073,0,0,-4.23756709340395e-05,-0.000204123322402246,-0.000115316831869978,0,0,0,-0.000295764218634837,0,1.61562043436423e-06,6.92699910418285e-06,0,-0.000118084222202587,0.000472871407287203,5.70364890919769e-05,-4.05320875554845e-05,0.000304577928320463,-0.000209606190057393,8.77343260109898e-05
LGO,Deep-Contango,tier3_full,m1m6,19,0.0029,-0.0475,0.415,0.5789,0.6154,13,0,-0.0337715137385295,-0.000183445673417252,0,0,0,-0.00490194173578727,0,0,2.56803407242065e-06,-0.000297790890484699,-0.000232603930505522,0,0,0,-0.000843213922618924,0,0.000356821111782011,-2.59558334474888e-05,0,0.00026656514412533,0.000605717892901024,-1.4168121851972e-05,-5.28099629450613e-05,0.0005090470982062,3.47545284577235e-05,0.000498835376040199
LGO,Deep-Contango,tier3_full,fly123,19,0.2075,-0.0555,0.1741,0.6316,0.6154,13,0,0.0560083791496811,-0.00789524991462843,0,0,0,-0.0401995882710063,0,0,-0.00134200860673569,0.0149731585785534,-6.80691605274712e-05,0,0,0,-0.0142132276023757,0,0.0109303202984646,-0.00179731734850187,0,0.0234270681063913,-0.026369499617795,0.0155452838503012,-0.00754416505410613,-0.000794825403736657,0.0296963266399085,0.0103217193182586
LGO,Deep-Contango,tier3_full,fly136,19,0.1657,-0.0667,0.2468,0.6842,0.5385,13,0,0.0302514954896635,-0.00688648662267449,0,0,0,0.0861322016872363,0,0,-0.0127613476452703,0.0165329572649458,-0.00326832436675101,0,0,0,-0.0300025572689818,0,0.00215590300237612,0.00067946243452169,0,0.0025273687738638,-0.0176619620956769,0.0467856403092172,-0.0191911973819231,0.0202360771349586,0.015061772240205,0.00475918043233512
LGO,ALL_REGIMES,tier2_physical,m1m2,269,0.014,0.0034,0.909,0.5279,0.5344,189,1,0.102472716864646,-0.0798647965758898,0,0,0,0,0,0,,,,,,,,,,,,,,,,,,
LGO,ALL_REGIMES,tier2_physical,m2m3,269,0,-0.0101,0.6584,0.539,0.5238,189,1,0.0476977815800226,0,0,0,0,0,0,0,,,,,,,,,,,,,,,,,,
LGO,ALL_REGIMES,tier2_physical,m1m6,269,0.0098,-0.0018,2.0478,0.5688,0.5503,189,1,0.154337758418621,-0.114633842210139,0,0,0,0,0,0,,,,,,,,,,,,,,,,,,
LGO,ALL_REGIMES,tier2_physical,fly123,269,0,-0.0139,0.7394,0.4907,0.5026,189,1,0.0547749352846238,0,0,0,0,0,0,0,,,,,,,,,,,,,,,,,,
LGO,ALL_REGIMES,tier2_physical,fly136,269,0.0147,-0.0078,1.3051,0.5316,0.5397,189,1,0.146003238470717,-0.0154517286726125,0,0,0,-0.121127317691849,0,0,,,,,,,,,,,,,,,,,,
LGO,ALL_REGIMES,tier2_freight,m1m2,269,0.013,-0.0044,0.9095,0.5502,0.5661,189,1,0.102472716864646,-0.0689310768331506,0,0,,0,0,,0,0,0,,,,,,,,,,,,,,,
LGO,ALL_REGIMES,tier2_freight,m2m3,269,0,-0.0101,0.6584,0.539,0.5238,189,1,0.0476977815800226,0,0,0,,0,0,,0,0,0,,,,,,,,,,,,,,,
LGO,ALL_REGIMES,tier2_freight,m1m6,269,0.011,-0.0048,2.0466,0.5688,0.5503,189,1,0.154337758418621,-0.135837235741605,0,0,,0,0,,0,0,0,,,,,,,,,,,,,,,
LGO,ALL_REGIMES,tier2_freight,fly123,269,0.0019,-0.0099,0.7387,0.4907,0.5026,189,1,0.0547749352846238,-0.00995017151641254,0,0,,0,0,,0,0,0,,,,,,,,,,,,,,,
LGO,ALL_REGIMES,tier2_freight,fly136,269,0,-0.0211,1.3147,0.5242,0.5291,189,1,0.146003238470717,0,0,0,,0,0,,0,0,0,,,,,,,,,,,,,,,
LGO,ALL_REGIMES,tier3_full,m1m2,269,0.0078,0.0014,0.9119,0.5465,0.5608,189,1,0.102799494795769,-0.0213853056860171,0,0,0,0,0,0,0,0,0,0,0,0,0,0,0,0,0,0,0,0,0,0,0.00966668125277271,0
LGO,ALL_REGIMES,tier3_full,m2m3,269,0,-0.0082,0.6584,0.539,0.5238,189,1,0.0476977815800226,0,0,0,0,0,0,0,0,0,0,0,0,0,0,0,0,0,0,0,0,0,0,0,0,0
LGO,ALL_REGIMES,tier3_full,m1m6,269,0.0082,0.0013,2.0495,0.5613,0.5397,189,1,0.154337758418621,-0.0890942796359878,0,0,0,0,0,0,0,0,0,0,0,0,0,0,0,0,0,0,0,0,0,0,0,0
LGO,ALL_REGIMES,tier3_full,fly123,269,0.0311,-0.0151,0.7279,0.5019,0.4868,189,1,-0.0244998666412937,-0.0243215716112731,0,0,0,0,0,0,0,0,0,0,0,0,0,0,0,0,0,0,0.0974537582309061,0.0934666519726929,0,0,0.0387916882092182,0
LGO,ALL_REGIMES,tier3_full,fly136,269,0.0025,-0.0274,1.3131,0.5242,0.5291,189,1,0.146003238470717,0,0,0,0,-0.0142614532593163,0,0,0,0,0,0,0,0,0,0,0,0,0,0,0,0,0,0,0,0
