product,regime,tier,spread_target,estimator,n_events,r2_insample,r2_cv,rmse_bbl,hit_rate,hit_sig,n_sig,alpha_used,coef_intercept,coef_surprise_z,coef_cushing_stocks_chg_z,coef_refinery_util_dev,coef_crude_prod_chg_z,coef_crude_net_exports_z,coef_sx_cushing,coef_sx_util,coef_td3c_z52,coef_td3c_wow_ws_z,coef_sx_td3c,coef_gasoline_stocks_chg_z,coef_distillate_stocks_chg_z,coef_rig_chg_wow_z,coef_td3c_storage_cost_z,coef_bdi_z52,coef_hdd_dev_5yr_z,coef_cdd_us_ne,coef_cftc_mm_net_chg_z,coef_driving_season,coef_heating_season,coef_turnaround_season,coef_sin_ann,coef_cos_ann,coef_sx_cftc,coef_sx_5yr_dev
CL,Warm-Up,tier2_physical,m1m2,Ridge,33,1e-04,-0.0782,0.078,0.5152,0.5357,28,0,0.0124816323098896,6.4487925429603e-06,0,0,0,-0.000107882165405893,0,0,,,,,,,,,,,,,,,,,,
CL,Warm-Up,tier2_physical,m2m3,Ridge,33,0.0035,-0.038,0.0765,0.6667,0.6071,28,0,0.0316845966550851,-0.000195399227275319,0,0,0,-0.000734394669006073,0,0,,,,,,,,,,,,,,,,,,
CL,Warm-Up,tier2_physical,m1m6,Ridge,33,7e-04,-0.0307,0.5022,0.6667,0.6429,28,0,0.163126533538904,0.000477883096330922,0,0,0,-0.000497572932641758,0,0,,,,,,,,,,,,,,,,,,
CL,Warm-Up,tier2_physical,fly123,Ridge,33,5e-04,-0.0372,0.0654,0.697,0.6786,28,0,-0.0197597742760112,3.77091928421918e-05,0,0,0,9.12081361867464e-05,0,0,,,,,,,,,,,,,,,,,,
CL,Warm-Up,tier2_physical,fly136,Ridge,33,0.0351,-0.0199,0.402,0.6061,0.6071,28,0,-0.0733575497449425,-0.0209535121627004,0,0,0,0.00837485520327041,0,0,,,,,,,,,,,,,,,,,,
CL,Warm-Up,tier2_freight,m1m2,Ridge,33,1e-04,-0.098,0.078,0.5152,0.5357,28,0,0.0124816323098896,6.4487925429603e-06,0,0,,-0.000107882165405893,0,,0,0,0,,,,,,,,,,,,,,,
CL,Warm-Up,tier2_freight,m2m3,Ridge,33,8e-04,-0.1034,0.0766,0.6667,0.6071,28,0,0.0322631324291641,-4.53874835478035e-05,0,0,,-0.000170018661679156,0,,0,0,0,,,,,,,,,,,,,,,
CL,Warm-Up,tier2_freight,m1m6,Ridge,33,6e-04,-0.0356,0.5022,0.6667,0.6429,28,0,0.163151723408566,0.000435607031714802,0,0,,-0.000453542360681429,0,,0,0,0,,,,,,,,,,,,,,,
CL,Warm-Up,tier2_freight,fly123,Ridge,33,5e-04,-0.0121,0.0654,0.697,0.6786,28,0,-0.0197597742760112,3.77091928421918e-05,0,0,,9.12081361867464e-05,0,,0,0,0,,,,,,,,,,,,,,,
CL,Warm-Up,tier2_freight,fly136,Ridge,33,0.0064,-0.0445,0.4079,0.6061,0.6071,28,0,-0.0734307062714941,-0.00353317437530596,0,0,,0.00135129336701602,0,,0,0,0,,,,,,,,,,,,,,,
CL,Warm-Up,tier3_full,m1m2,Ridge,33,7e-04,-0.0224,0.078,0.5152,0.5357,28,0,0.0124845015782273,2.40548366897283e-06,0,0,0,-3.93675036604062e-05,0,0,0,0,0,0,0,0,0,0,-3.10063887537965e-05,3.48979034501766e-06,0,3.26213264937971e-05,-3.38657864956198e-05,-8.83110998530659e-05,0.00014930211556928,-1.82920761056142e-05,8.01565866432538e-06,-6.72683530259912e-06
CL,Warm-Up,tier3_full,m2m3,Ridge,33,0.3438,0.0165,0.0621,0.7273,0.7143,28,0,-0.0423981880220015,0.00168092407388779,0,0,0,-0.02309925736711,0,0,0,0,0,0,0,0,0,0,-0.0107926550943379,0.00365959639348693,0,0.0241177776569921,0.0160955725253269,-0.0374014877892082,0.070008912042408,-0.0136545976347531,0.00513835350989379,-0.0010942022779945
CL,Warm-Up,tier3_full,m1m6,Ridge,33,0.0023,-0.1096,0.5018,0.6667,0.6429,28,0,0.162708616974116,0.000361387644458609,0,0,0,-0.000382425853989065,0,0,0,0,0,0,0,0,0,0,-0.000149499224508244,1.90499380562089e-06,0,-0.0002286734579556,0.000387961486810637,0.000887341750391862,0.00079707802494168,-0.000123798941200146,0.00120422996244587,0.00024140112775177
CL,Warm-Up,tier3_full,fly123,Ridge,33,0.0022,-0.1236,0.0653,0.697,0.6786,28,0,-0.019737691411711,2.09849049561398e-05,0,0,0,5.14161888080709e-05,0,0,0,0,0,0,0,0,0,0,2.65694210445168e-05,-8.25390328188326e-06,0,-0.000111084379833431,8.43775957133918e-05,-1.16143292812338e-05,4.61123596119402e-05,9.00791190618968e-05,6.9926725891853e-05,3.28743453491447e-06
CL,Warm-Up,tier3_full,fly136,Ridge,33,0.0031,-0.0619,0.4086,0.6061,0.6071,28,0,-0.0732561581095639,-0.000298052865583531,0,0,0,0.000115104679965287,0,0,0,0,0,0,0,0,0,0,3.28962556567803e-06,1.97704286857191e-05,0,0.000424867177005979,-0.000498227201310115,-0.000812751678710552,-0.000368365166160789,-9.98693100917692e-05,-0.000993183624931404,-0.000197333608553146
CL,Deep-Backwardation,tier2_physical,m1m2,Lasso,70,0,-0.0776,0.335,0.4857,0.5192,52,1,0.00874181922679053,-1.61868566597021e-17,0,0,0,0,0,0,,,,,,,,,,,,,,,,,,
CL,Deep-Backwardation,tier2_physical,m2m3,Lasso,70,0.023,-0.0145,0.2862,0.5714,0.5577,52,1,0.0358907955640085,-0.058667577728067,0,0,0,0.0267921350041411,0,0,,,,,,,,,,,,,,,,,,
CL,Deep-Backwardation,tier2_physical,m1m6,Lasso,70,0,-0.0848,1.2235,0.5286,0.5385,52,1,0.102251193185711,0,0,0,0,0,0,0,,,,,,,,,,,,,,,,,,
CL,Deep-Backwardation,tier2_physical,fly123,Lasso,70,0,-0.0584,0.197,0.5286,0.5,52,1,-0.0244549210452587,0,0,0,0,0,0,0,,,,,,,,,,,,,,,,,,
CL,Deep-Backwardation,tier2_physical,fly136,Lasso,70,0,-0.017,0.3839,0.5857,0.5962,52,1,-0.0183740741880315,0,0,0,0,-1.92252689814621e-17,0,0,,,,,,,,,,,,,,,,,,
CL,Deep-Backwardation,tier2_freight,m1m2,Lasso,70,0,-0.0843,0.335,0.4857,0.5192,52,1,0.00874181922679053,0,0,0,,0,0,,0,0,0,,,,,,,,,,,,,,,
CL,Deep-Backwardation,tier2_freight,m2m3,Lasso,70,0.0414,1e-04,0.2835,0.6143,0.5962,52,1,0.0389320990721609,-0.0836520213896021,0,0,,0.0378277535626481,0,,0.0679576797631717,0.0313362626025461,-0.0959856645637826,,,,,,,,,,,,,,,
CL,Deep-Backwardation,tier2_freight,m1m6,Lasso,70,0,-0.0378,1.2235,0.5286,0.5385,52,1,0.102251193185711,0,0,0,,0,0,,0,0,0,,,,,,,,,,,,,,,
CL,Deep-Backwardation,tier2_freight,fly123,Lasso,70,0,-0.2031,0.197,0.5286,0.5,52,1,-0.0244549210452587,0,0,0,,0,0,,0,0,0,,,,,,,,,,,,,,,
CL,Deep-Backwardation,tier2_freight,fly136,Lasso,70,0.0126,-0.0269,0.3814,0.7,0.6923,52,1,-0.0193424030395074,0,0,0,,-0.0138742372971985,0,,0.00927970776079174,0,0,,,,,,,,,,,,,,,
CL,Deep-Backwardation,tier3_full,m1m2,Lasso,70,0,-0.0738,0.335,0.4857,0.5192,52,1,0.00874181922679057,0,0,0,0,0,0,0,0,0,0,0,0,0,0,0,0,0,0,0,-5.93907983305728e-17,0,0,0,0,0
CL,Deep-Backwardation,tier3_full,m2m3,Lasso,70,0.0276,-0.0035,0.2855,0.5429,0.5577,52,1,0.0550578767936453,0,0,0,0,0,0,0,0,0,0,0,0,0,0,0,-0.00688452984737439,0,0,0,-0.0320698267806116,0,0,0,0,0
CL,Deep-Backwardation,tier3_full,m1m6,Lasso,70,0,-0.0203,1.2235,0.5286,0.5385,52,1,0.102251193185711,0,0,0,0,0,0,0,0,0,0,0,0,0,0,0,0,0,0,0,0,0,0,0,0,0
CL,Deep-Backwardation,tier3_full,fly123,Lasso,70,0,-0.0398,0.197,0.5286,0.5,52,1,-0.0244549210452587,0,0,0,0,0,0,0,0,0,0,0,0,0,0,0,0,0,0,0,0,2.21981390643263e-17,0,0,0,0
CL,Deep-Backwardation,tier3_full,fly136,Lasso,70,0,-0.0285,0.3839,0.5857,0.5962,52,1,-0.0183740741880315,0,0,0,0,0,0,0,0,0,0,0,0,0,7.90130130680331e-17,0,0,0,0,0,0,0,0,0,0,0
CL,Easing-Backwardation,tier2_physical,m1m2,Lasso,64,0,-0.1487,0.2362,0.6094,0.6304,46,1,-0.0361486890346039,0,0,0,0,0,0,0,,,,,,,,,,,,,,,,,,
CL,Easing-Backwardation,tier2_physical,m2m3,Lasso,64,0,-0.0601,0.192,0.5156,0.4783,46,1,0.0135314640201033,0,0,0,0,7.27999358034491e-19,0,0,,,,,,,,,,,,,,,,,,
CL,Easing-Backwardation,tier2_physical,m1m6,Lasso,64,0,-0.0729,1.0717,0.5469,0.5435,46,1,0.0479606695909171,0,0,0,0,-6.50321988381589e-17,0,0,,,,,,,,,,,,,,,,,,
CL,Easing-Backwardation,tier2_physical,fly123,Lasso,64,0,-0.0683,0.2141,0.5938,0.6304,46,1,-0.0496801530547072,0,0,0,0,0,0,0,,,,,,,,,,,,,,,,,,
CL,Easing-Backwardation,tier2_physical,fly136,Lasso,64,0,-0.0398,0.7836,0.5469,0.5435,46,1,-0.0931951196199182,0,0,0,0,7.13269052683632e-17,0,0,,,,,,,,,,,,,,,,,,
CL,Easing-Backwardation,tier2_freight,m1m2,Lasso,64,0,-0.0547,0.2362,0.6094,0.6304,46,1,-0.0361486890346039,0,0,0,,0,0,,0,0,0,,,,,,,,,,,,,,,
CL,Easing-Backwardation,tier2_freight,m2m3,Lasso,64,0,-0.0512,0.192,0.5156,0.4783,46,1,0.0135314640201033,0,0,0,,0,0,,0,0,0,,,,,,,,,,,,,,,
CL,Easing-Backwardation,tier2_freight,m1m6,Lasso,64,0,-0.068,1.0717,0.5469,0.5435,46,1,0.0479606695909171,0,0,0,,-6.50321988381589e-17,0,,0,0,0,,,,,,,,,,,,,,,
CL,Easing-Backwardation,tier2_freight,fly123,Lasso,64,0,-0.1135,0.2141,0.5938,0.6304,46,1,-0.0496801530547072,0,0,0,,0,0,,0,4.31228104622019e-17,0,,,,,,,,,,,,,,,
CL,Easing-Backwardation,tier2_freight,fly136,Lasso,64,0,-0.0249,0.7836,0.5469,0.5435,46,1,-0.0931951196199182,0,0,0,,7.13269052683632e-17,0,,0,0,0,,,,,,,,,,,,,,,
CL,Easing-Backwardation,tier3_full,m1m2,Lasso,64,0,-0.0712,0.2362,0.6094,0.6304,46,1,-0.0361486890346039,0,0,0,0,0,0,0,0,0,0,0,0,0,0,0,0,0,0,0,0,0,0,0,0,0
CL,Easing-Backwardation,tier3_full,m2m3,Lasso,64,0,-0.0233,0.192,0.5156,0.4783,46,1,0.0135314640201033,0,0,0,0,0,0,0,0,0,0,0,0,0,0,0,0,0,0,0,0,0,0,0,0,0
CL,Easing-Backwardation,tier3_full,m1m6,Lasso,64,0,-0.0646,1.0717,0.5469,0.5435,46,1,0.0479606695909171,0,0,0,0,0,0,0,0,0,0,0,0,0,0,0,0,0,0,0,0,0,0,0,0,0
CL,Easing-Backwardation,tier3_full,fly123,Lasso,64,0,-0.0319,0.2141,0.5938,0.6304,46,1,-0.0496801530547072,0,0,0,0,0,0,0,0,4.31228104622019e-17,0,0,0,0,0,0,0,0,0,0,0,0,0,0,0,0
CL,Easing-Backwardation,tier3_full,fly136,Lasso,64,0,-0.0358,0.7836,0.5469,0.5435,46,1,-0.0931951196199182,0,0,0,0,7.13269052683632e-17,0,0,0,0,0,0,0,0,0,0,0,0,0,0,0,0,0,0,0,0
CL,Backwardation-Deficit,tier2_physical,m1m2,Ridge,16,0.1421,-0.0254,0.1472,0.75,0.7273,11,0,0.0747441485949529,-0.102881982066893,0,0,0,0.06773282126406,0,0,,,,,,,,,,,,,,,,,,
CL,Backwardation-Deficit,tier2_physical,m2m3,Ridge,16,0.0105,-0.1946,0.149,0.625,0.5455,11,0,0.0743389459006732,-0.00374759253952685,0,0,0,0.00084063686648932,0,0,,,,,,,,,,,,,,,,,,
CL,Backwardation-Deficit,tier2_physical,m1m6,Ridge,16,6e-04,-0.0599,0.6156,0.5625,0.4545,11,0,0.275282923945808,-0.00090140063667098,0,0,0,0.000122113147353117,0,0,,,,,,,,,,,,,,,,,,
CL,Backwardation-Deficit,tier2_physical,fly123,Ridge,16,2e-04,-0.3985,0.0727,0.5,0.3636,11,0,-0.00326140651603783,0.000105662098738729,0,0,0,-4.78293569532958e-06,0,0,,,,,,,,,,,,,,,,,,
CL,Backwardation-Deficit,tier2_physical,fly136,Ridge,16,4e-04,-0.1427,0.1833,0.5,0.5455,11,0,0.0120885275797737,0.000321200531285283,0,0,0,8.67645103317148e-05,0,0,,,,,,,,,,,,,,,,,,
CL,Backwardation-Deficit,tier2_freight,m1m2,Ridge,16,7e-04,-0.1885,0.1588,0.625,0.5455,11,0,0.070266807621244,-0.000232391464968011,0,0,,5.24454013579874e-05,0,,-5.02074699779405e-05,4.85351465728385e-05,1.56749923760626e-05,,,,,,,,,,,,,,,
CL,Backwardation-Deficit,tier2_freight,m2m3,Ridge,16,8e-04,-0.1673,0.1498,0.625,0.5455,11,0,0.0734851272147417,-0.000219319204759123,0,0,,4.27503229109213e-05,0,,-1.09356966853982e-06,8.36184671923683e-05,3.88222753307278e-05,,,,,,,,,,,,,,,
CL,Backwardation-Deficit,tier2_freight,m1m6,Ridge,16,9e-04,-0.1366,0.6156,0.5625,0.4545,11,0,0.275275953737617,-0.00090153438770664,0,0,,0.000121990756809034,0,,2.91865791009792e-06,0.000445993102398852,0.00019615251259433,,,,,,,,,,,,,,,
CL,Backwardation-Deficit,tier2_freight,fly123,Ridge,16,0.001,-0.2387,0.0726,0.5,0.3636,11,0,-0.0032320990258496,3.8908655171074e-05,0,0,,-1.59036176867198e-06,0,,-4.16109518238514e-05,-4.90427166480773e-05,-2.86112111739097e-05,,,,,,,,,,,,,,,
CL,Backwardation-Deficit,tier2_freight,fly136,Ridge,16,0.0018,-0.1193,0.1832,0.5,0.5455,11,0,0.012177725138074,0.000173154282202221,0,0,,4.71773722338214e-05,0,,-0.000100981430649589,-0.000270654813070402,-0.000124826116784384,,,,,,,,,,,,,,,
CL,Backwardation-Deficit,tier3_full,m1m2,Ridge,16,0.2354,-0.0311,0.1389,0.625,0.5455,11,0,0.0633867876652164,-0.00431745040208082,0,0,0,0.00439829297613373,0,0,-0.000733244929981884,0.00401340549438396,0.00145762373369254,0,0,0,-0.0106089847770279,0,-0.00168301127494896,0.000597623296043541,0,0.0182128100928793,-0.0167819676677068,-0.00835661228280042,0.00682195522381925,-0.0141949579276294,0.004845034506746,0.00594509935576428
CL,Backwardation-Deficit,tier3_full,m2m3,Ridge,16,0.2433,-0.083,0.1303,0.625,0.5455,11,0,0.0665001677150078,-0.00554809099412808,0,0,0,0.00463174276556385,0,0,0.00056521772524987,0.00489593548024042,0.00222138973403441,0,0,0,-0.00703019141159767,0,-0.00183639283568976,0.00117563483235393,0,0.0168184633111268,-0.0146438780375311,-0.00364961810276884,0.0034643158670614,-0.0135951444745877,0.00710809956642133,0.00174734228961486
CL,Backwardation-Deficit,tier3_full,m1m6,Ridge,16,0.2421,-0.1889,0.5361,0.5625,0.4545,11,0,0.248114481904661,-0.0254144676145544,0,0,0,0.0189550918995183,0,0,0.00231792607843359,0.0266274305864595,0.0111751175911452,0,0,0,-0.0252525825173422,0,-0.00636835740190305,0.00511180452407778,0,0.0696934271743029,-0.0568644599962323,-0.0303098692858139,0.0138777231930905,-0.0544093143270438,0.0314416164762153,0.0148251168544953
CL,Backwardation-Deficit,tier3_full,fly123,Ridge,16,0.0029,-0.2758,0.0726,0.5,0.3636,11,0,-0.00322473546764898,3.69685460455087e-05,0,0,0,-1.71848718387677e-06,0,0,-3.95633516866665e-05,-4.64612722539628e-05,-2.72252106874806e-05,0,0,0,-0.000107285618727963,0,2.30594995176788e-06,-1.3612581437851e-05,0,3.05060933846617e-05,-5.16915993509423e-05,-0.000125917398227281,9.60912674956658e-05,-1.31075735911358e-05,-5.62209151300904e-05,6.5840759960764e-05
CL,Backwardation-Deficit,tier3_full,fly136,Ridge,16,0.0032,-0.0477,0.183,0.5,0.5455,11,0,0.0121895605578798,0.000132605782993487,0,0,0,3.55594760213075e-05,0,0,-7.74247655386229e-05,-0.000207830977796604,-9.57694716591975e-05,0,0,0,-0.000314085687085012,0,-3.08626106320228e-05,-3.14663815719824e-05,0,5.94629702574953e-05,-0.000180947092613427,9.04015228781727e-05,0.000201699202561897,-6.90657534253792e-05,-0.000146016801874734,-9.02564037658019e-05
CL,Stable-Elevated,tier2_physical,m1m2,Lasso,49,0.0603,-0.0112,0.1995,0.551,0.6552,29,1,-0.0142195717980877,0,0,0,0,0.0455019100674222,0,0,,,,,,,,,,,,,,,,,,
CL,Stable-Elevated,tier2_physical,m2m3,Lasso,49,0,-0.03,0.2156,0.5918,0.6207,29,1,0.0160958637048894,0,0,0,0,1.71399608487569e-17,0,0,,,,,,,,,,,,,,,,,,
CL,Stable-Elevated,tier2_physical,m1m6,Lasso,49,0,-0.0704,0.7951,0.5714,0.6207,29,1,0.0836736370096204,0,0,0,0,0,0,0,,,,,,,,,,,,,,,,,,
CL,Stable-Elevated,tier2_physical,fly123,Lasso,49,0,-0.0613,0.1036,0.5306,0.4828,29,1,-0.00955659913793492,0,0,0,0,0,0,0,,,,,,,,,,,,,,,,,,
CL,Stable-Elevated,tier2_physical,fly136,Lasso,49,0,-0.1342,0.1791,0.551,0.5862,29,1,-0.0384033804659327,0,0,0,0,0,0,0,,,,,,,,,,,,,,,,,,
CL,Stable-Elevated,tier2_freight,m1m2,Lasso,49,0,-0.0302,0.2058,0.5714,0.6207,29,1,0.00653926456695446,0,0,0,,0,0,,0,0,0,,,,,,,,,,,,,,,
CL,Stable-Elevated,tier2_freight,m2m3,Lasso,49,0,-0.0626,0.2156,0.5918,0.6207,29,1,0.0160958637048894,0,0,0,,0,0,,0,0,0,,,,,,,,,,,,,,,
CL,Stable-Elevated,tier2_freight,m1m6,Lasso,49,0,-0.0613,0.7951,0.5714,0.6207,29,1,0.0836736370096204,0,0,0,,0,0,,0,0,0,,,,,,,,,,,,,,,
CL,Stable-Elevated,tier2_freight,fly123,Lasso,49,0,-0.1158,0.1036,0.5306,0.4828,29,1,-0.00955659913793492,0,0,0,,0,0,,0,0,0,,,,,,,,,,,,,,,
CL,Stable-Elevated,tier2_freight,fly136,Lasso,49,0,-0.0794,0.1791,0.551,0.5862,29,1,-0.0384033804659327,0,0,0,,0,0,,0,0,0,,,,,,,,,,,,,,,
CL,Stable-Elevated,tier3_full,m1m2,Lasso,49,0.1676,-0.0218,0.1877,0.6327,0.6552,29,1,0.0495459256295173,0,0,0,0,0.010259069444288,0,0,0,0,0,0,0,0,0,0,0.00679977555984306,-0.0102355133384303,0,0,0,-0.0383758015607497,0,0,-0.00806370562229389,0.00492423232124469
CL,Stable-Elevated,tier3_full,m2m3,Lasso,49,0,-0.1021,0.2156,0.5918,0.6207,29,1,0.0160958637048894,0,0,0,0,0,0,0,0,0,0,0,0,0,0,0,0,0,0,0,0,0,0,0,0,0
CL,Stable-Elevated,tier3_full,m1m6,Lasso,49,0,-0.0415,0.7951,0.5714,0.6207,29,1,0.0836736370096204,0,0,0,0,0,0,0,0,0,0,0,0,0,0,0,0,0,0,0,0,0,0,0,0,0
CL,Stable-Elevated,tier3_full,fly123,Lasso,49,0,-0.1135,0.1036,0.5306,0.4828,29,1,-0.00955659913793492,0,0,0,0,0,0,0,0,0,0,0,0,0,0,0,0,0,0,0,0,0,0,0,0,0
CL,Stable-Elevated,tier3_full,fly136,Lasso,49,0,-0.1313,0.1791,0.551,0.5862,29,1,-0.0384033804659327,0,0,0,0,0,0,0,0,0,0,0,0,0,0,0,0,0,0,0,0,0,0,0,0,0
CL,ALL_REGIMES,tier2_physical,m1m2,Lasso,269,0,-0.0065,0.2414,0.4907,0.4921,189,1,0.00641399125759555,0,0,0,0,0,0,0,,,,,,,,,,,,,,,,,,
CL,ALL_REGIMES,tier2_physical,m2m3,Lasso,269,0,-0.0034,0.2176,0.5613,0.5503,189,1,0.0208481985485566,-4.53821138945183e-18,0,0,0,0,0,0,,,,,,,,,,,,,,,,,,
CL,ALL_REGIMES,tier2_physical,m1m6,Lasso,269,0,-0.0057,0.9612,0.5613,0.5661,189,1,0.104352126895816,0,0,0,0,0,0,0,,,,,,,,,,,,,,,,,,
CL,ALL_REGIMES,tier2_physical,fly123,Lasso,269,0.0019,-0.0113,0.1734,0.5576,0.5556,189,1,-0.014434207290961,0,0,0,0,0.00397557998953364,0,0,,,,,,,,,,,,,,,,,,
CL,ALL_REGIMES,tier2_physical,fly136,Lasso,269,0,-0.0176,0.4911,0.5651,0.582,189,1,-0.0498277472835115,0,0,0,0,3.41412601531026e-18,0,0,,,,,,,,,,,,,,,,,,
CL,ALL_REGIMES,tier2_freight,m1m2,Lasso,269,0,-0.0135,0.2414,0.4907,0.4921,189,1,0.00641399125759555,0,0,0,,0,0,,0,0,0,,,,,,,,,,,,,,,
CL,ALL_REGIMES,tier2_freight,m2m3,Lasso,269,0,-0.0077,0.2176,0.5613,0.5503,189,1,0.0208481985485566,0,0,0,,0,0,,0,0,5.05364909645404e-18,,,,,,,,,,,,,,,
CL,ALL_REGIMES,tier2_freight,m1m6,Lasso,269,0.0012,-0.0046,0.9606,0.5613,0.5661,189,1,0.104352126895816,0,0,0,,0,0,,0,0.0166125776170589,0,,,,,,,,,,,,,,,
CL,ALL_REGIMES,tier2_freight,fly123,Lasso,269,0,-0.0412,0.1735,0.5576,0.5556,189,1,-0.014434207290961,0,0,0,,0,0,,0,0,0,,,,,,,,,,,,,,,
CL,ALL_REGIMES,tier2_freight,fly136,Lasso,269,0,-0.0111,0.4911,0.5651,0.582,189,1,-0.0498277472835115,0,0,0,,3.41412601531026e-18,0,,0,0,0,,,,,,,,,,,,,,,
CL,ALL_REGIMES,tier3_full,m1m2,Lasso,269,0,-0.0064,0.2414,0.4907,0.4921,189,1,0.00641399125759555,0,0,0,0,0,0,0,0,0,0,0,0,0,0,0,0,0,0,0,0,0,0,0,0,0
CL,ALL_REGIMES,tier3_full,m2m3,Lasso,269,0.0048,-0.0073,0.2171,0.5613,0.5503,189,1,0.0266255235826854,0,0,0,0,0,0,0,0,0,0,0,0,0,0,0,0,0,0,0,-0.0111805786631701,0,0,0,0,0
CL,ALL_REGIMES,tier3_full,m1m6,Lasso,269,0,-0.0063,0.9612,0.5613,0.5661,189,1,0.104352126895816,0,0,0,0,0,0,0,0,0,0,0,0,0,0,0,0,0,0,0,0,0,0,0,0,0
CL,ALL_REGIMES,tier3_full,fly123,Lasso,269,0,-0.0097,0.1735,0.5576,0.5556,189,1,-0.014434207290961,0,0,0,0,0,0,0,0,0,0,0,0,0,0,0,0,0,0,0,0,0,0,0,0,0
CL,ALL_REGIMES,tier3_full,fly136,Lasso,269,0,-0.0093,0.4911,0.5651,0.582,189,1,-0.0498277472835115,0,0,0,0,0,0,0,0,0,0,0,0,0,0,0,0,0,0,0,0,0,0,0,0,0
LCO,Warm-Up,tier2_physical,m1m2,Ridge,33,0.0415,-0.067,0.188,0.5758,0.5714,28,0,0.00145989479830366,-0.0134639503007538,0,0,0,-0.0198840020333487,0,0,,,,,,,,,,,,,,,,,,
LCO,Warm-Up,tier2_physical,m2m3,Ridge,33,0.0509,-0.033,0.0792,0.5455,0.5357,28,0,0.00445044281971303,0.00108925047247239,0,0,0,-0.010920138044882,0,0,,,,,,,,,,,,,,,,,,
LCO,Warm-Up,tier2_physical,m1m6,Ridge,33,0.0995,-0.0138,0.3768,0.7273,0.75,28,0,-0.0375624747618116,-0.000275672941652124,0,0,0,-0.111013089049313,0,0,,,,,,,,,,,,,,,,,,
LCO,Warm-Up,tier2_physical,fly123,Ridge,33,0.0328,-0.021,0.1744,0.5758,0.5357,28,0,0.00185290477905742,-0.0144974446165132,0,0,0,-0.00376052281563615,0,0,,,,,,,,,,,,,,,,,,
LCO,Warm-Up,tier2_physical,fly136,Ridge,33,0.137,0.0631,0.1576,0.697,0.7143,28,0,0.0272524478793725,-0.0433007161807243,0,0,0,0.033033541040262,0,0,,,,,,,,,,,,,,,,,,
LCO,Warm-Up,tier2_freight,m1m2,Ridge,33,8e-04,-0.049,0.1919,0.5152,0.4643,28,0,0.0245156452911357,-0.000200000887197157,0,0,,-0.000296994698985612,0,,0,0,0,,,,,,,,,,,,,,,
LCO,Warm-Up,tier2_freight,m2m3,Ridge,33,6e-04,-0.0634,0.0812,0.5455,0.5357,28,0,0.0140678586596768,9.79715682246922e-06,0,0,,-0.000113648183115269,0,,0,0,0,,,,,,,,,,,,,,,
LCO,Warm-Up,tier2_freight,m1m6,Ridge,33,0.0695,-0.0324,0.383,0.6667,0.6786,28,0,0.00312861479611099,-0.000849363621259903,0,0,,-0.0668830458526686,0,,0,0,0,,,,,,,,,,,,,,,
LCO,Warm-Up,tier2_freight,fly123,Ridge,33,0.0199,-0.0899,0.1756,0.6061,0.6071,28,0,0.005787586905369,-0.00777522597262642,0,0,,-0.0021952395973374,0,,0,0,0,,,,,,,,,,,,,,,
LCO,Warm-Up,tier2_freight,fly136,Ridge,33,0.1112,0.0084,0.1599,0.697,0.7143,28,0,0.0214441487334214,-0.0281588827710216,0,0,,0.020730700558069,0,,0,0,0,,,,,,,,,,,,,,,
LCO,Warm-Up,tier3_full,m1m2,Ridge,33,0.0027,-0.014,0.1918,0.5152,0.4643,28,0,0.0245390154630675,-0.000107673364825457,0,0,0,-0.000162280163686048,0,0,0,0,0,0,0,0,0,0,1.58187279525274e-05,2.9792659827389e-05,0,0.000297045789350314,-0.000387783604978899,-0.000187340600623807,-2.63676856081552e-05,-0.000191091776635195,-0.000358793361786465,-7.03176607294194e-05
LCO,Warm-Up,tier3_full,m2m3,Ridge,33,0.0012,-0.0269,0.0812,0.5455,0.5357,28,0,0.0140820360132984,9.45806909603435e-06,0,0,0,-0.000113720437149555,0,0,0,0,0,0,0,0,0,0,-2.17532654556861e-05,-6.62728567853214e-06,0,-5.12850768165049e-05,-1.43908159833487e-05,9.64985991878851e-05,5.42623854810698e-05,1.89118306394861e-05,3.15165503271671e-05,9.16252458079143e-07
LCO,Warm-Up,tier3_full,m1m6,Ridge,33,0.001,-0.0511,0.3968,0.6667,0.6429,28,0,0.0648101552082376,-1.55559747432377e-05,0,0,0,-0.000555224430551433,0,0,0,0,0,0,0,0,0,0,-5.4777165392529e-05,9.09266932666074e-06,0,3.08248280580802e-05,-0.000315351265348712,0.000282043193666586,0.00016658202012687,-9.83763596977403e-05,-5.18362279246768e-05,-2.28163592828804e-05
LCO,Warm-Up,tier3_full,fly123,Ridge,33,0.0052,-0.0293,0.1769,0.5152,0.5,28,0,0.0103833930807561,-0.00016037694383211,0,0,0,-4.92259491295565e-05,0,0,0,0,0,0,0,0,0,0,5.43524863570885e-05,5.06322812068505e-05,0,0.000481313451408736,-0.000506728663836954,-0.000399941017841531,-0.000115714255998029,-0.000288512156825907,-0.000534413868059215,-9.69921520276139e-05
LCO,Warm-Up,tier3_full,fly136,Ridge,33,0.2257,0.0748,0.1493,0.7576,0.75,28,0,0.0197362449709275,-0.00437958301909341,0,0,0,0.0185242278406745,0,0,0,0,0,0,0,0,0,0,0.00145805569183015,0.00224266889251575,0,0.0200546028067502,-0.0306556159668324,-0.0328844553868018,0.017217282937609,-0.00649639850530379,-0.0145546816947052,-0.00614259817004334
LCO,Deep-Backwardation,tier2_physical,m1m2,Lasso,70,0,-0.0537,0.3274,0.6286,0.6346,52,1,0.102114207012332,0,0,0,0,0,0,0,,,,,,,,,,,,,,,,,,
LCO,Deep-Backwardation,tier2_physical,m2m3,Lasso,70,0.0244,-0.0366,0.2399,0.6857,0.6731,52,1,0.0444434070718103,-0.0509411743390857,0,0,0,0.0195577991633066,0,0,,,,,,,,,,,,,,,,,,
LCO,Deep-Backwardation,tier2_physical,m1m6,Lasso,70,0.0178,-0.0148,0.9506,0.6286,0.6346,52,1,0.215856821152764,-0.101942982184741,0,0,0,0,0,0,,,,,,,,,,,,,,,,,,
LCO,Deep-Backwardation,tier2_physical,fly123,Lasso,70,0.0028,-0.0321,0.2869,0.5286,0.5962,52,1,0.0577253732120791,0,0,0,0,-0.00416460296096582,0,0,,,,,,,,,,,,,,,,,,
LCO,Deep-Backwardation,tier2_physical,fly136,Lasso,70,0.0084,-0.076,0.3651,0.5571,0.5769,52,1,0.060091911366703,0,0,0,0,-0.0200029594093549,0,0,,,,,,,,,,,,,,,,,,
LCO,Deep-Backwardation,tier2_freight,m1m2,Lasso,70,0.0032,-0.023,0.3269,0.6286,0.6346,52,1,0.101711320301277,-0.00464980721963541,0,0,,0,0,,0,0,0,,,,,,,,,,,,,,,
LCO,Deep-Backwardation,tier2_freight,m2m3,Lasso,70,0,-0.0382,0.2429,0.6714,0.6731,52,1,0.0431799112215878,0,0,0,,0,0,,0,0,0,,,,,,,,,,,,,,,
LCO,Deep-Backwardation,tier2_freight,m1m6,Lasso,70,0.0573,-0.0041,0.9313,0.6429,0.6538,52,1,0.253954137632114,-0.267749873447144,0,0,,0.100114851380459,0,,0.306742960681823,0.10051229731685,-0.363175192150946,,,,,,,,,,,,,,,
LCO,Deep-Backwardation,tier2_freight,fly123,Lasso,70,0,-0.0221,0.2873,0.5286,0.5962,52,1,0.0589342957907439,0,0,0,,0,0,,0,0,0,,,,,,,,,,,,,,,
LCO,Deep-Backwardation,tier2_freight,fly136,Lasso,70,0,-0.0258,0.3666,0.5571,0.5769,52,1,0.0658984743204198,0,0,0,,0,0,,0,0,0,,,,,,,,,,,,,,,
LCO,Deep-Backwardation,tier3_full,m1m2,Lasso,70,0,-0.0247,0.3274,0.6286,0.6346,52,1,0.102114207012332,0,0,0,0,0,0,0,0,0,0,0,0,0,0,0,0,0,0,0,0,0,0,0,0,0
LCO,Deep-Backwardation,tier3_full,m2m3,Lasso,70,0,-0.058,0.2429,0.6714,0.6731,52,1,0.0431799112215879,0,0,0,0,0,0,0,0,0,0,0,0,0,0,0,0,0,0,0,-5.74104484800333e-17,0,0,0,0,0
LCO,Deep-Backwardation,tier3_full,m1m6,Lasso,70,0,-0.023,0.9592,0.6286,0.6346,52,1,0.224689762147419,0,0,0,0,0,0,0,0,0,0,0,0,0,0,0,0,0,0,0,0,0,0,0,0,0
LCO,Deep-Backwardation,tier3_full,fly123,Lasso,70,0,-0.0218,0.2873,0.5286,0.5962,52,1,0.0589342957907439,0,0,0,0,0,0,0,0,0,0,0,0,0,0,0,2.88172050057102e-17,0,0,0,0,0,0,0,0,0
LCO,Deep-Backwardation,tier3_full,fly136,Lasso,70,0.0485,0.0229,0.3576,0.5857,0.5577,52,1,0.0634790156359026,0,0,0,0,0,0,0,0,0,0,0,0,0,0,0,0.0506997916025457,0,0,0,0,0,0,0,0,0
LCO,Easing-Backwardation,tier2_physical,m1m2,Lasso,64,0.0373,-0.0368,0.3757,0.4375,0.4783,46,1,0.0317680983115199,-0.048414416107327,0,0,0,-0.0395108844516186,0,0,,,,,,,,,,,,,,,,,,
LCO,Easing-Backwardation,tier2_physical,m2m3,Lasso,64,0,-0.0405,0.1677,0.6562,0.6522,46,1,0.0406499787655419,0,0,0,0,0,0,0,,,,,,,,,,,,,,,,,,
LCO,Easing-Backwardation,tier2_physical,m1m6,Lasso,64,0,-0.0562,0.765,0.625,0.587,46,1,0.118031737331581,0,0,0,0,0,0,0,,,,,,,,,,,,,,,,,,
LCO,Easing-Backwardation,tier2_physical,fly123,Lasso,64,0.0302,-0.0255,0.3002,0.4531,0.5435,46,1,-0.0123839986393894,-0.0267017518094286,0,0,0,-0.0347329399592211,0,0,,,,,,,,,,,,,,,,,,
LCO,Easing-Backwardation,tier2_physical,fly136,Lasso,64,0,-0.0314,0.3479,0.5625,0.6304,46,1,0.00399002158881456,0,0,0,0,0,0,0,,,,,,,,,,,,,,,,,,
LCO,Easing-Backwardation,tier2_freight,m1m2,Lasso,64,0.0347,-0.0255,0.3762,0.5312,0.5217,46,1,0.0268701721080702,-0.0338023326907742,0,0,,-0.0222470731932134,0,,0,0,0.0130962487410944,,,,,,,,,,,,,,,
LCO,Easing-Backwardation,tier2_freight,m2m3,Lasso,64,0.0539,-0.0416,0.1632,0.6406,0.6739,46,1,0.0436284710922837,-0.0180608531934533,0,0,,-0.000428547579323228,0,,-0.0648132681702054,0.0199711395468158,0.100658388638018,,,,,,,,,,,,,,,
LCO,Easing-Backwardation,tier2_freight,m1m6,Lasso,64,0.0721,-0.0215,0.737,0.6094,0.587,46,1,0.133693382738892,-0.0941967606356149,0,0,,-0.0402390599516412,0,,-0.301681906906024,0.0875393325363575,0.547621164013281,,,,,,,,,,,,,,,
LCO,Easing-Backwardation,tier2_freight,fly123,Lasso,64,0.0345,-0.0181,0.2996,0.5156,0.6304,46,1,-0.015575104334494,-0.0210887851745919,0,0,,-0.0296269973627594,0,,0,0,0.0299150690030589,,,,,,,,,,,,,,,
LCO,Easing-Backwardation,tier2_freight,fly136,Lasso,64,0,-0.0954,0.3479,0.5625,0.6304,46,1,0.00399002158881456,0,0,0,,0,0,,0,0,0,,,,,,,,,,,,,,,
LCO,Easing-Backwardation,tier3_full,m1m2,Lasso,64,0.0995,0.0021,0.3634,0.6406,0.6087,46,1,0.0257953934023729,0,0,0,0,0,0,0,0,0,0,0,0,0,0,0,0,0,0,0.0592612385417805,0,-0.0934119485242702,-0.0222397306583512,0,0.000942346801556497,0
LCO,Easing-Backwardation,tier3_full,m2m3,Lasso,64,0,-0.1289,0.1677,0.6562,0.6522,46,1,0.0406499787655419,0,0,0,0,0,0,0,0,0,0,0,0,0,0,0,0,0,0,0,0,0,0,0,0,0
LCO,Easing-Backwardation,tier3_full,m1m6,Lasso,64,0,-0.0516,0.765,0.625,0.587,46,1,0.118031737331581,0,0,0,0,0,0,0,0,0,0,0,0,0,0,0,0,0,0,0,0,0,0,0,0,0
LCO,Easing-Backwardation,tier3_full,fly123,Lasso,64,0.1063,0.0227,0.2882,0.4844,0.4783,46,1,0.00230229811402307,0,0,0,0,0,0,0,0,0,0,0,0,0,0,0,0,0,0,0.0150351249486885,0,-0.0834893734101731,-0.0460681772702288,0,0,0
LCO,Easing-Backwardation,tier3_full,fly136,Lasso,64,0.1207,0.0209,0.3263,0.5312,0.4565,46,1,-0.00979125535710716,0,0,0,0,0,0,0,0,0,0,0,0,0,0,0,0,0,0,0.0932741986534079,0,-0.064613310617414,-0.0341044435520158,0,0.00546808889340442,0
LCO,Backwardation-Deficit,tier2_physical,m1m2,Ridge,16,0.001,-0.0791,0.2798,0.6875,0.6364,11,0,0.150120458337271,-0.000493254764241592,0,0,0,-8.05943662161598e-05,0,0,,,,,,,,,,,,,,,,,,
LCO,Backwardation-Deficit,tier2_physical,m2m3,Ridge,16,0.2643,-0.0945,0.1203,0.8125,0.7273,11,0,0.0913441116431274,-0.0722334515279176,0,0,0,0.00457264383685791,0,0,,,,,,,,,,,,,,,,,,
LCO,Backwardation-Deficit,tier2_physical,m1m6,Ridge,16,0.2054,-0.0348,0.567,0.6875,0.5455,11,0,0.421842065061216,-0.244844431121472,0,0,0,0.0105675363638771,0,0,,,,,,,,,,,,,,,,,,
LCO,Backwardation-Deficit,tier2_physical,fly123,Ridge,16,4e-04,-0.1404,0.1871,0.75,0.7273,11,0,0.0814750191802031,-0.000273468886460875,0,0,0,3.89166470164078e-05,0,0,,,,,,,,,,,,,,,,,,
LCO,Backwardation-Deficit,tier2_physical,fly136,Ridge,16,4e-04,-0.0657,0.2545,0.5625,0.5455,11,0,0.0947855002027713,-0.000371616943963256,0,0,0,-1.44240512234294e-05,0,0,,,,,,,,,,,,,,,,,,
LCO,Backwardation-Deficit,tier2_freight,m1m2,Ridge,16,0.0013,-0.5095,0.2798,0.6875,0.6364,11,0,0.150090629901957,-0.000409669267712739,0,0,,-6.70152717774882e-05,0,,-7.89680277068215e-05,-0.000223803653359043,1.78532160677099e-05,,,,,,,,,,,,,,,
LCO,Backwardation-Deficit,tier2_freight,m2m3,Ridge,16,0.0292,-0.0197,0.1382,0.75,0.6364,11,0,0.0704855398155579,-0.00423556226763027,0,0,,-0.00121174858468855,0,,0.000193620530859678,0.00140624071747135,0.000547054405186062,,,,,,,,,,,,,,,
LCO,Backwardation-Deficit,tier2_freight,m1m6,Ridge,16,0.0688,-0.218,0.6138,0.6875,0.5455,11,0,0.367061878192988,-0.0581891094457437,0,0,,-0.0105938067491251,0,,-0.00256137266359406,0.00433121821548218,0.00630965065779195,,,,,,,,,,,,,,,
LCO,Backwardation-Deficit,tier2_freight,fly123,Ridge,16,0.0017,-0.2502,0.187,0.75,0.7273,11,0,0.0814408310606827,-0.000122531686766827,0,0,,1.73143007372916e-05,0,,-8.86415579334266e-05,-0.000301733557633904,-1.81903107888047e-05,,,,,,,,,,,,,,,
LCO,Backwardation-Deficit,tier2_freight,fly136,Ridge,16,0.0013,-0.0458,0.2544,0.5625,0.5455,11,0,0.0947365646971109,-0.000212758034803163,0,0,,-8.43501537925349e-06,0,,-0.000109012442266036,-0.000409952174665786,-1.87433186719817e-05,,,,,,,,,,,,,,,
LCO,Backwardation-Deficit,tier3_full,m1m2,Ridge,16,0.2664,-0.1205,0.2398,0.6875,0.6364,11,0,0.152224641030323,-0.0170644125215816,0,0,0,0.00124904600817644,0,0,-0.00250278400232096,-0.00747541113716943,0.00293785057859581,0,0,0,-0.0119273506078268,0,-0.00106017233531341,-0.000349668877477868,0,0.0356691727871015,-0.0324386894946933,-0.0274303204300149,0.0139463458201914,-0.0226208277932302,0.00829025126613827,0.00625045718232578
LCO,Backwardation-Deficit,tier3_full,m2m3,Ridge,16,0.2994,0.0933,0.1174,0.75,0.6364,11,0,0.0674470836470045,-0.0111937631510613,0,0,0,-0.000954292555740365,0,0,0.000952958836701306,0.00566313442011065,0.00216255798712133,0,0,0,-0.00135482082910569,0,-0.0018868843442439,0.000668488687139941,0,0.0176142299590097,-0.0145546673420271,-0.00532831191084115,-0.000431914894048958,-0.0122219475537352,0.00625619343895038,0.0109526828524647
LCO,Backwardation-Deficit,tier3_full,m1m6,Ridge,16,0.2812,0.1161,0.5393,0.6875,0.5455,11,0,0.342100981105699,-0.0485073207425277,0,0,0,-0.000722541723511611,0,0,9.94504706422704e-05,0.0110445418458812,0.00897495477658723,0,0,0,-0.0119816124415617,0,-0.00512638238720873,0.00277649443319242,0,0.0788264978936627,-0.0646864679427609,-0.0490364984580078,0.0142945881554745,-0.0548064292161815,0.0332117049633165,0.0327941728922763
LCO,Backwardation-Deficit,tier3_full,fly123,Ridge,16,0.2786,-0.0292,0.159,0.75,0.6364,11,0,0.0857950565845392,-0.00641485448067213,0,0,0,0.00271916323387256,0,0,-0.00396747560227403,-0.0155340107521849,0.00111582309756901,0,0,0,-0.0118350646520472,0,0.00107436871422577,-0.00134341943115087,0,0.0203147553316399,-0.0203210128136925,-0.0260211383109849,0.0167666744638444,-0.0114523664350868,0.00172395511704687,-0.00576296308087909
LCO,Backwardation-Deficit,tier3_full,fly136,Ridge,16,0.2352,-0.1803,0.2226,0.625,0.5455,11,0,0.097865461624732,-0.0086383299502062,0,0,0,0.00144253797687206,0,0,-0.00349947347816796,-0.0169205145335243,0.00154202509037992,0,0,0,-0.0163058340389597,0,-0.000777592525334255,-0.00268346999743067,0,0.0310247969601355,-0.0331634068393796,-0.0177279692092341,0.0139068373231341,-0.016172051023489,-0.00605672690283415,0.00231271832905305
LCO,Stable-Elevated,tier2_physical,m1m2,Lasso,49,0.0761,-0.0441,0.2961,0.6531,0.6552,29,1,0.110904857576768,-0.0330944548583087,0,0,0,0,0,0,,,,,,,,,,,,,,,,,,
LCO,Stable-Elevated,tier2_physical,m2m3,Lasso,49,0,-0.0934,0.1443,0.6327,0.6897,29,1,0.0383464910415568,0,0,0,0,0,0,0,,,,,,,,,,,,,,,,,,
LCO,Stable-Elevated,tier2_physical,m1m6,Lasso,49,0,-0.1454,0.5474,0.6122,0.6552,29,1,0.2039737144793,0,0,0,0,0,0,0,,,,,,,,,,,,,,,,,,
LCO,Stable-Elevated,tier2_physical,fly123,Lasso,49,0.1728,0.1065,0.2888,0.551,0.5517,29,1,0.0331718706060099,-0.174361028813599,0,0,0,0.11318399570457,0,0,,,,,,,,,,,,,,,,,,
LCO,Stable-Elevated,tier2_physical,fly136,Lasso,49,0.0776,-0.0494,0.3671,0.5306,0.4828,29,1,0.0923859994420586,-0.0414764931120174,0,0,0,0,0,0,,,,,,,,,,,,,,,,,,
LCO,Stable-Elevated,tier2_freight,m1m2,Lasso,49,0.2685,0.1537,0.2634,0.6735,0.6897,29,1,0.106390560871699,-0.128313351987353,0,0,,0.0239244751165898,0,,0,0.0518813316145952,0,,,,,,,,,,,,,,,
LCO,Stable-Elevated,tier2_freight,m2m3,Lasso,49,0.0622,-0.0154,0.1398,0.6531,0.7241,29,1,0.0352076828444849,-0.0186235561762297,0,0,,0.00652813314500455,0,,0,0.0214860516876542,0.00403446130406628,,,,,,,,,,,,,,,
LCO,Stable-Elevated,tier2_freight,m1m6,Lasso,49,0.1715,0.0324,0.4983,0.6735,0.7586,29,1,0.205561831974682,-0.11470769855678,0,0,,0,0,,0.00415524772631279,0.117220049096675,0.011573912346523,,,,,,,,,,,,,,,
LCO,Stable-Elevated,tier2_freight,fly123,Lasso,49,0,-0.0805,0.3175,0.551,0.5862,29,1,0.0696885191332047,0,0,0,,0,0,,0,0,0,,,,,,,,,,,,,,,
LCO,Stable-Elevated,tier2_freight,fly136,Lasso,49,0.1581,0.0768,0.3508,0.5102,0.4483,29,1,0.0982503698359663,-0.109103134562664,0,0,,0,0,,0,0,0,,,,,,,,,,,,,,,
LCO,Stable-Elevated,tier3_full,m1m2,Lasso,49,0.1764,0.0024,0.2795,0.6735,0.6897,29,1,0.0882065812580576,-0.0249242948865947,0,0,0,0,0,0,0,0.0011318447025372,0,0,0,0,0,0,0,0,0,0,0,0,0,0,0,0.0892931697355267
LCO,Stable-Elevated,tier3_full,m2m3,Lasso,49,0.1327,0.0195,0.1344,0.7347,0.7931,29,1,0.0469531184431352,0,0,0,0,0,0,0,0,0.00844546806677605,0,0,0,0,0,0,0,-0.00482370016554369,0,0,0,0,0,0,0.00497774343607519,0.0331515647872068
LCO,Stable-Elevated,tier3_full,m1m6,Lasso,49,0.2103,0.1457,0.4865,0.6735,0.7241,29,1,0.198825395296701,0,0,0,0,0,0,0,0,0.0616442116921526,0,0,0,0,0,0,0,-0.0105192824906346,0,0,0,0,0,0,0.0195987755150016,0.163847962096661
LCO,Stable-Elevated,tier3_full,fly123,Lasso,49,0.0821,-0.0776,0.3042,0.551,0.5862,29,1,0.0732329101929475,-0.0446827880427841,0,0,0,0,0,0,0,0,0,0,0,0,0,0,0,0,0,0,0,0,0,0,0,0.00134395811434002
LCO,Stable-Elevated,tier3_full,fly136,Lasso,49,0,-0.0782,0.3823,0.5306,0.4828,29,1,0.0887892879533364,0,0,0,0,0,0,0,0,0,0,0,0,0,0,0,0,0,0,0,0,0,0,0,0,0
LCO,ALL_REGIMES,tier2_physical,m1m2,Lasso,269,0.0401,0.0076,0.319,0.6022,0.5979,189,1,0.075489575069263,-0.0616629916545772,0,0,0,-0.00092709080622818,0,0,,,,,,,,,,,,,,,,,,
LCO,ALL_REGIMES,tier2_physical,m2m3,Lasso,269,0.0106,-3e-04,0.1796,0.632,0.6402,189,1,0.0337948778858255,-0.0153216055420648,0,0,0,-0.0011494969686649,0,0,,,,,,,,,,,,,,,,,,
LCO,ALL_REGIMES,tier2_physical,m1m6,Lasso,269,0.0205,0.0097,0.7359,0.6357,0.6296,189,1,0.16617070931976,-0.0950791240617089,0,0,0,-0.0219892457998174,0,0,,,,,,,,,,,,,,,,,,
LCO,ALL_REGIMES,tier2_physical,fly123,Lasso,269,0.0274,0.0114,0.2762,0.5428,0.5661,189,1,0.0416946971834375,-0.0421086684334275,0,0,0,0,0,0,,,,,,,,,,,,,,,,,,
LCO,ALL_REGIMES,tier2_physical,fly136,Lasso,269,0.0349,0.0031,0.3304,0.5279,0.545,189,1,0.0523981965904169,-0.0559088282021438,0,0,0,0,0,0,,,,,,,,,,,,,,,,,,
LCO,ALL_REGIMES,tier2_freight,m1m2,Lasso,269,0.0396,0.0178,0.3191,0.5911,0.582,189,1,0.0754319523441573,-0.0541912141699864,0,0,,0,0,,0,0.00157726812597067,0.00146834801804869,,,,,,,,,,,,,,,
LCO,ALL_REGIMES,tier2_freight,m2m3,Lasso,269,0.0201,-0.0014,0.1787,0.632,0.6402,189,1,0.0337948778858255,-0.014666225851255,0,0,,0,0,,0,0.0189344442213109,0,,,,,,,,,,,,,,,
LCO,ALL_REGIMES,tier2_freight,m1m6,Lasso,269,0.0272,0.005,0.7334,0.6245,0.6138,189,1,0.16596211020034,-0.0835547024598455,0,0,,-0.00789274559657847,0,,0,0.0612163123765864,0.00531554352913854,,,,,,,,,,,,,,,
LCO,ALL_REGIMES,tier2_freight,fly123,Lasso,269,0.0256,-0.0011,0.2765,0.5651,0.5979,189,1,0.0416946971834375,-0.0339810364372567,0,0,,0,0,,0,0,0,,,,,,,,,,,,,,,
LCO,ALL_REGIMES,tier2_freight,fly136,Lasso,269,0.0351,0.019,0.3304,0.539,0.5608,189,1,0.0522895009311703,-0.0524294993242204,0,0,,0,0,,-0.00298341830078583,0,0,,,,,,,,,,,,,,,
LCO,ALL_REGIMES,tier3_full,m1m2,Lasso,269,0.0519,-0.0026,0.317,0.6022,0.5979,189,1,0.0539954381310598,-0.0163998322336617,0,0,0,0,0,0,0,0,0,0,0,0,0,0,0.00224678983354496,0,0,0.0541285190158943,0,0,0,0,0.0129858338446734,0
LCO,ALL_REGIMES,tier3_full,m2m3,Lasso,269,0,-0.01,0.1806,0.6283,0.6349,189,1,0.0337948778858255,0,0,0,0,0,0,0,0,0,0,0,0,0,0,0,0,0,0,0,0,0,0,0,1.04587062955504e-17,0
LCO,ALL_REGIMES,tier3_full,m1m6,Lasso,269,0.0109,-0.0169,0.7395,0.6245,0.6138,189,1,0.166712212727038,-0.0128135742943582,0,0,0,0,0,0,0,0,0,0,0,0,0,0,0,0,0,0,0,0,0,0,0.0160186485588845,0
LCO,ALL_REGIMES,tier3_full,fly123,Lasso,269,0.0485,-0.0033,0.2732,0.5167,0.5185,189,1,0.0209483694620884,-0.0103256538228688,0,0,0,0,0,0,0,0,0,0,0,0,0,0,0.0152581555824442,0,0,0.0516839711890752,0,0,-0.00618104270928738,0,0.00310594085258672,0
LCO,ALL_REGIMES,tier3_full,fly136,Lasso,269,0.0797,0.0256,0.3227,0.5762,0.582,189,1,0.0185729848319944,-0.00702488325730856,0,0,0,0,0,0,-0.000398563182537862,0,0,0,0,0,0,0,0.0279595681558759,0,0,0.0941086560242635,0,-0.0106567909235025,-0.0168268483979419,0,0.0185630388444648,0
HO,Warm-Up,tier2_physical,m1m2,Lasso,68,0,-0.0623,1.0776,0.4853,0.5208,48,1,-0.0137963547237097,0,0,0,0,0,0,0,,,,,,,,,,,,,,,,,,
HO,Warm-Up,tier2_physical,m2m3,Lasso,68,0,-0.0192,1.0232,0.5882,0.5208,48,1,0.219707847593586,0,0,0,0,0,0,0,,,,,,,,,,,,,,,,,,
HO,Warm-Up,tier2_physical,m1m6,Lasso,68,0,-0.0143,2.7264,0.6324,0.5625,48,1,0.138560276292335,0,0,0,0,0,0,0,,,,,,,,,,,,,,,,,,
HO,Warm-Up,tier2_physical,fly123,Lasso,68,0,-0.0494,1.3541,0.6176,0.5833,48,1,-0.233504202317295,0,0,0,0,0,0,0,,,,,,,,,,,,,,,,,,
HO,Warm-Up,tier2_physical,fly136,Lasso,68,0,-0.0156,1.5284,0.5,0.5208,48,1,0.273262709447417,0,0,0,0,0,0,0,,,,,,,,,,,,,,,,,,
HO,Warm-Up,tier2_freight,m1m2,Lasso,68,0,-0.038,1.0776,0.4853,0.5208,48,1,-0.0137963547237097,0,0,0,,0,0,,0,0,0,,,,,,,,,,,,,,,
HO,Warm-Up,tier2_freight,m2m3,Lasso,68,0,-0.0221,1.0232,0.5882,0.5208,48,1,0.219707847593586,0,0,0,,0,0,,0,0,0,,,,,,,,,,,,,,,
HO,Warm-Up,tier2_freight,m1m6,Lasso,68,0,-0.0312,2.7264,0.6324,0.5625,48,1,0.138560276292335,0,0,0,,0,0,,0,0,0,,,,,,,,,,,,,,,
HO,Warm-Up,tier2_freight,fly123,Lasso,68,0,-0.0526,1.3541,0.6176,0.5833,48,1,-0.233504202317295,0,0,0,,0,0,,0,0,0,,,,,,,,,,,,,,,
HO,Warm-Up,tier2_freight,fly136,Lasso,68,0,-0.0375,1.5284,0.5,0.5208,48,1,0.273262709447417,0,0,0,,0,0,,0,0,0,,,,,,,,,,,,,,,
HO,Warm-Up,tier3_full,m1m2,Lasso,68,0,-0.0513,1.0776,0.4853,0.5208,48,1,-0.0137963547237097,0,0,0,0,0,0,0,0,0,0,0,0,0,0,0,0,0,0,0,0,0,0,0,0,-2.03092616481522e-17
HO,Warm-Up,tier3_full,m2m3,Lasso,68,0,-0.0761,1.0232,0.5882,0.5208,48,1,0.219707847593586,0,0,0,0,0,0,0,0,0,0,0,0,0,0,0,0,0,0,0,0,0,0,0,0,0
HO,Warm-Up,tier3_full,m1m6,Lasso,68,0,-0.0253,2.7264,0.6324,0.5625,48,1,0.138560276292335,0,0,0,0,0,0,0,0,0,0,0,0,0,0,0,0,0,0,0,0,0,0,0,0,0
HO,Warm-Up,tier3_full,fly123,Lasso,68,0,-0.1123,1.3541,0.6176,0.5833,48,1,-0.233504202317295,0,0,0,0,0,0,0,0,0,0,0,0,0,0,0,0,0,0,0,0,0,0,0,0,0
HO,Warm-Up,tier3_full,fly136,Lasso,68,0,-0.0909,1.5284,0.5,0.5208,48,1,0.273262709447417,0,0,0,0,0,0,0,0,0,0,0,0,0,0,0,0,0,0,0,0,0,0,0,0,0
HO,Deep-Backwardation,tier2_physical,m1m2,Ridge,18,0,-0.1652,7.1726,0.5556,0.5333,15,0,1.19884843940276,-0.00521612678174999,0,0,0,0.00755276984725515,0,0,,,,,,,,,,,,,,,,,,
HO,Deep-Backwardation,tier2_physical,m2m3,Ridge,18,6e-04,-0.0958,1.6215,0.6667,0.6667,15,0,0.293007005217835,-0.000483095211429636,0,0,0,0.00231652263659214,0,0,,,,,,,,,,,,,,,,,,
HO,Deep-Backwardation,tier2_physical,m1m6,Ridge,18,1e-04,-0.1461,8.4972,0.6667,0.6667,15,0,1.34450510112186,-0.00948573183983656,0,0,0,0.00447329437515385,0,0,,,,,,,,,,,,,,,,,,
HO,Deep-Backwardation,tier2_physical,fly123,Ridge,18,1e-04,-0.1074,6.8016,0.5,0.5333,15,0,0.9067665432789,-5.81045765093382e-05,0,0,0,-0.00719184653223642,0,0,,,,,,,,,,,,,,,,,,
HO,Deep-Backwardation,tier2_physical,fly136,Ridge,18,0.0087,-0.1483,7.4497,0.5,0.5333,15,0,1.6701414232876,-0.0652459274566218,0,0,0,0.429605017741611,0,0,,,,,,,,,,,,,,,,,,
HO,Deep-Backwardation,tier2_freight,m1m2,Ridge,18,2e-04,-0.0917,7.172,0.5556,0.5333,15,0,1.20497528612882,-0.00094162993023062,0,0,,0.00159935352243195,0,,-0.00213823100912954,0.0014454348693869,-0.00533863343654626,,,,,,,,,,,,,,,
HO,Deep-Backwardation,tier2_freight,m2m3,Ridge,18,0.0114,-0.2572,1.6128,0.6667,0.6667,15,0,0.299247449066055,-0.00239233893912056,0,0,,0.0131925789033571,0,,-0.0083231713702778,-0.0368872044256126,-0.00150914503767487,,,,,,,,,,,,,,,
HO,Deep-Backwardation,tier2_freight,m1m6,Ridge,18,4e-04,-0.2016,8.4961,0.6667,0.6667,15,0,1.35328844764936,-0.00445361461138443,0,0,,0.0021890726680042,0,,-0.00404169242913466,5.53975285679654e-05,-0.00631418474766637,,,,,,,,,,,,,,,
HO,Deep-Backwardation,tier2_freight,fly123,Ridge,18,3e-04,-0.1742,6.8008,0.5,0.5333,15,0,0.909913602866437,-2.7764938305117e-05,0,0,,-0.00330639393078383,0,,0.000944419266817966,0.0160110036118968,-0.00510784876461227,,,,,,,,,,,,,,,
HO,Deep-Backwardation,tier2_freight,fly136,Ridge,18,0.0171,-0.0471,7.418,0.5,0.5333,15,0,1.888814274457,0.0987572331779698,0,0,,0.303518369990237,0,,-0.13189094638609,-0.568293148753427,-0.0914953562585048,,,,,,,,,,,,,,,
HO,Deep-Backwardation,tier3_full,m1m2,Ridge,18,0.0155,-0.1537,7.1169,0.5556,0.5333,15,0,1.24182050192011,-0.000583035771543605,0,0,0,0.000769796872062876,0,0,-0.00115437200445966,0.00056123123546258,-0.00277384598339666,0,0,0,0.00539214415551605,0,0.0232990809392021,-0.00101905367054955,0,-0.0461747593799247,-0.00811481461794761,0.173585493844469,0.0203309874056743,0.0047285094188785,0.00267654577150679,-0.0158460037186555
HO,Deep-Backwardation,tier3_full,m2m3,Ridge,18,0.0031,-0.1991,1.6195,0.6667,0.6667,15,0,0.292096387732502,-0.000198978267840718,0,0,0,0.000992803009415168,0,0,-0.000645177585384955,-0.00286979858060433,-0.000137299770449038,0,0,0,-0.00343819398948479,0,0.000539800661223707,0.000215458337086429,0,-0.000511917734340318,-0.00126139333971926,0.00502529961059349,-0.000615064884763323,-0.00125660911020556,-0.000235878612800051,-0.000853056648335187
HO,Deep-Backwardation,tier3_full,m1m6,Ridge,18,0.0026,-0.1755,8.4868,0.6667,0.6667,15,0,1.35682635396448,-0.000553139460883886,0,0,0,0.000256523987552936,0,0,-0.000498370825565003,-2.23653254345121e-05,-0.000772971604463573,0,0,0,4.70224969304763e-05,0,0.00423707160582196,-0.000126293664554611,0,-0.00921472414218267,-0.0025262416928818,0.037041495796734,0.00396642918503502,0.000132924261455257,0.000874956587710916,-0.0026916757466113
HO,Deep-Backwardation,tier3_full,fly123,Ridge,18,0.003,-0.1651,6.7916,0.5,0.5333,15,0,0.915969469425088,-1.03898644190657e-05,0,0,0,-0.000290715538365568,0,0,7.7040157026211e-05,0.00137340922727816,-0.000442787121781577,0,0,0,0.00251674047196506,0,0.00405978077139998,-0.000283536015687349,0,-0.00826527485882122,-0.000914262908215917,0.0296468954818818,0.00400531049546283,0.00143759201993545,0.000587559166430443,-0.00254144938890706
HO,Deep-Backwardation,tier3_full,fly136,Ridge,18,0.0027,-0.1219,7.4722,0.5,0.5333,15,0,1.64567456347981,0.000174633592225094,0,0,0,0.000929987219327924,0,0,-0.000505019280409712,-0.00233424299257148,-0.000382953090119029,0,0,0,-0.00107709754032767,0,0.00503802055877017,-6.68860904402319e-05,0,-0.00859946421863918,-0.00161912437926647,0.032613564318275,0.00313040751142524,0.000548519121133983,-9.63220524462754e-05,-0.00405781189562388
HO,Easing-Backwardation,tier2_physical,m1m2,Lasso,47,0,-0.124,0.6348,0.4894,0.5,28,1,-0.0238993217775142,0,0,0,0,-6.24646664058419e-17,0,0,,,,,,,,,,,,,,,,,,
HO,Easing-Backwardation,tier2_physical,m2m3,Lasso,47,0,-0.0613,0.5246,0.5532,0.4643,28,1,0.0404305544809791,0,0,0,0,0,0,0,,,,,,,,,,,,,,,,,,
HO,Easing-Backwardation,tier2_physical,m1m6,Lasso,47,0,-0.0478,1.6166,0.4894,0.3929,28,1,0.0575900076873492,0,0,0,0,0,0,0,,,,,,,,,,,,,,,,,,
HO,Easing-Backwardation,tier2_physical,fly123,Lasso,47,0,-0.0394,0.6702,0.5532,0.5,28,1,-0.0643298762584933,0,0,0,0,-2.19799761630811e-17,0,0,,,,,,,,,,,,,,,,,,
HO,Easing-Backwardation,tier2_physical,fly136,Lasso,47,0,-0.1246,1.1338,0.6383,0.5357,28,1,-0.0245275422804196,0,0,0,0,0,0,0,,,,,,,,,,,,,,,,,,
HO,Easing-Backwardation,tier2_freight,m1m2,Lasso,47,0,-0.0696,0.6348,0.4894,0.5,28,1,-0.0238993217775142,0,0,0,,0,0,,0,0,0,,,,,,,,,,,,,,,
HO,Easing-Backwardation,tier2_freight,m2m3,Lasso,47,0,-0.0478,0.5246,0.5532,0.4643,28,1,0.0404305544809791,0,0,0,,0,0,,0,0,0,,,,,,,,,,,,,,,
HO,Easing-Backwardation,tier2_freight,m1m6,Lasso,47,0,-0.0924,1.6166,0.4894,0.3929,28,1,0.0575900076873492,0,0,0,,0,0,,0,0,0,,,,,,,,,,,,,,,
HO,Easing-Backwardation,tier2_freight,fly123,Lasso,47,0.0534,8e-04,0.652,0.5745,0.5714,28,1,-0.0941728965925714,0.0325432197217945,0,0,,-0.0787408227602819,0,,-0.0955315889839927,0.204308806515631,-0.0134842279426217,,,,,,,,,,,,,,,
HO,Easing-Backwardation,tier2_freight,fly136,Lasso,47,0,-0.0937,1.1338,0.6383,0.5357,28,1,-0.0245275422804196,0,0,0,,0,0,,0,0,0,,,,,,,,,,,,,,,
HO,Easing-Backwardation,tier3_full,m1m2,Lasso,47,0,-0.0408,0.6348,0.4894,0.5,28,1,-0.0238993217775142,0,0,0,0,0,0,0,0,0,0,0,0,0,0,0,0,0,0,0,0,0,0,0,0,0
HO,Easing-Backwardation,tier3_full,m2m3,Lasso,47,0.2584,0.0417,0.4518,0.6809,0.5714,28,1,0.0313344724255806,0,0,0,0,0,0,0,0,0,0,0,0,0,0.0350883562906669,0,0.108055096105399,0,0,0.1147983905811,0,-0.0860385770071781,-0.155155837313606,0,-0.0179386067174298,0
HO,Easing-Backwardation,tier3_full,m1m6,Lasso,47,0.2392,0.0218,1.4101,0.6596,0.6071,28,1,0.12408810923054,0,0,0,0,-0.0319842620435422,0,0,0,0.0668118277992329,0,0,0,0,0,0,0.368569998218307,0,0,0.255225658912142,0,-0.332816332378748,-0.361838937272167,0,0,0
HO,Easing-Backwardation,tier3_full,fly123,Lasso,47,0,-0.0951,0.6702,0.5532,0.5,28,1,-0.0643298762584933,0,0,0,0,0,0,0,0,0,0,0,0,0,0,0,0,0,0,0,0,0,0,0,0,0
HO,Easing-Backwardation,tier3_full,fly136,Lasso,47,0,-0.0631,1.1338,0.6383,0.5357,28,1,-0.0245275422804196,0,0,0,0,0,0,0,0,0,0,0,0,0,0,0,0,0,0,0,0,0,0,0,0,0
HO,Stable-Elevated,tier2_physical,m1m2,Lasso,94,0.0951,0.0663,0.6525,0.6064,0.6,70,1,-0.0448810805666216,-0.226560469111316,0,0,0,0.262133632008396,0,0,,,,,,,,,,,,,,,,,,
HO,Stable-Elevated,tier2_physical,m2m3,Lasso,94,0.0063,-0.0141,0.3698,0.5638,0.5286,70,1,0.0860945750589474,-0.00661033239586214,0,0,0,0,0,0,,,,,,,,,,,,,,,,,,
HO,Stable-Elevated,tier2_physical,m1m6,Lasso,94,0.0649,-0.0776,1.4569,0.5426,0.5286,70,1,0.0131790876039657,-0.410620721487487,0,0,0,0.476606049321716,0,0,,,,,,,,,,,,,,,,,,
HO,Stable-Elevated,tier2_physical,fly123,Lasso,94,0.0553,-0.0159,0.5623,0.5106,0.5143,70,1,-0.124717913142096,-0.113568361452432,0,0,0,0.178518832680382,0,0,,,,,,,,,,,,,,,,,,
HO,Stable-Elevated,tier2_physical,fly136,Lasso,94,0.0459,-0.0024,0.9494,0.6702,0.6429,70,1,0.0668212867344622,-0.231422314266258,0,0,0,0.168760658613438,0,0,,,,,,,,,,,,,,,,,,
HO,Stable-Elevated,tier2_freight,m1m2,Lasso,94,0.1154,0.0137,0.6451,0.5851,0.5714,70,1,-0.0201676405957809,-0.158513557793832,0,0,,0.182016369954735,0,,-0.046081273491405,-0.0327913284069109,0,,,,,,,,,,,,,,,
HO,Stable-Elevated,tier2_freight,m2m3,Lasso,94,0.0159,-0.0357,0.368,0.5638,0.5286,70,1,0.0896266320660373,-0.018121435166752,0,0,,0,0,,0,0,0,,,,,,,,,,,,,,,
HO,Stable-Elevated,tier2_freight,m1m6,Lasso,94,0,-0.0513,1.5067,0.4681,0.4429,70,1,0.108914427534018,0,0,0,,0,0,,0,0,0,,,,,,,,,,,,,,,
HO,Stable-Elevated,tier2_freight,fly123,Lasso,94,0,-0.0368,0.5785,0.5319,0.5571,70,1,-0.0765134075738643,0,0,0,,0,0,,0,0,0,,,,,,,,,,,,,,,
HO,Stable-Elevated,tier2_freight,fly136,Lasso,94,0,-0.0204,0.972,0.5319,0.4714,70,1,0.0743238224200324,0,0,0,,0,0,,0,0,0,,,,,,,,,,,,,,,
HO,Stable-Elevated,tier3_full,m1m2,Lasso,94,0,-0.0329,0.6859,0.4574,0.4143,70,1,0.0075528587015804,0,0,0,0,0,0,0,0,0,0,0,0,0,0,0,0,0,0,0,0,0,0,0,0,0
HO,Stable-Elevated,tier3_full,m2m3,Lasso,94,0,-0.0387,0.371,0.5638,0.5286,70,1,0.0840662662754447,0,0,0,0,0,0,0,0,0,0,0,0,0,0,0,0,0,0,0,0,0,0,4.79529457727832e-17,0,0
HO,Stable-Elevated,tier3_full,m1m6,Lasso,94,0,-0.0103,1.5067,0.4681,0.4429,70,1,0.108914427534018,0,0,0,0,0,0,0,0,0,0,0,0,0,0,0,0,0,0,0,0,0,0,0,0,0
HO,Stable-Elevated,tier3_full,fly123,Lasso,94,0,-0.0147,0.5785,0.5319,0.5571,70,1,-0.0765134075738643,0,0,0,0,0,0,0,0,0,0,0,0,0,0,0,0,0,0,0,0,0,0,0,0,0
HO,Stable-Elevated,tier3_full,fly136,Lasso,94,0,-0.0278,0.972,0.5319,0.4714,70,1,0.0743238224200324,0,0,0,0,0,0,0,0,0,0,0,0,0,0,0,0,0,0,0,0,0,0,0,0,0
HO,Deep-Contango,tier2_physical,m1m2,Ridge,19,0.0283,-0.1289,0.1188,0.6316,0.6923,13,0,-0.0547300523809746,-0.0177388796790069,0,0,0,0.0172454171804198,0,0,,,,,,,,,,,,,,,,,,
HO,Deep-Contango,tier2_physical,m2m3,Ridge,19,3e-04,-0.1797,0.1437,0.6842,0.6923,13,0,0.000543367826679742,-0.000102914847326801,0,0,0,-0.00168123958406263,0,0,,,,,,,,,,,,,,,,,,
HO,Deep-Contango,tier2_physical,m1m6,Ridge,19,5e-04,-0.0233,0.4343,0.6316,0.6154,13,0,-0.0807054381624428,-0.000289260348415044,0,0,0,-0.00511423918990954,0,0,,,,,,,,,,,,,,,,,,
HO,Deep-Contango,tier2_physical,fly123,Ridge,19,5e-04,-0.014,0.1034,0.7895,0.8462,13,0,-0.0445619969942374,-0.000133162171139687,0,0,0,0.00106023768126642,0,0,,,,,,,,,,,,,,,,,,
HO,Deep-Contango,tier2_physical,fly136,Ridge,19,6e-04,-0.185,0.2161,0.5789,0.6154,13,0,-0.00790122376848973,-5.44704662686262e-05,0,0,0,0.00254944272853884,0,0,,,,,,,,,,,,,,,,,,
HO,Deep-Contango,tier2_freight,m1m2,Ridge,19,0.0015,-0.1507,0.1204,0.6316,0.6923,13,0,-0.0446145884287356,-6.47332012591698e-05,0,0,,-5.74193029451405e-05,0,,-0.000119246069513803,-0.000233849510821004,-5.82872557116868e-05,,,,,,,,,,,,,,,
HO,Deep-Contango,tier2_freight,m2m3,Ridge,19,0.0844,-0.2328,0.1376,0.7368,0.7692,13,0,0.0139473682087619,-0.00114259109051721,0,0,,-0.0289447504069256,0,,-0.0049967811903216,-0.0264281061326936,-0.00656463470212308,,,,,,,,,,,,,,,
HO,Deep-Contango,tier2_freight,m1m6,Ridge,19,0.0022,-0.0467,0.434,0.6316,0.6154,13,0,-0.0822940373995197,-0.000205179676980637,0,0,,-0.00363628135521444,0,,-0.00038002428699623,-0.00136834357976151,-0.00057161974479979,,,,,,,,,,,,,,,
HO,Deep-Contango,tier2_freight,fly123,Ridge,19,0.0011,-0.0687,0.1034,0.7895,0.8462,13,0,-0.044169460553346,-6.88062262733168e-05,0,0,,0.000550184897649453,0,,-6.03002416334918e-05,0.000297133446060209,8.5296193886662e-05,,,,,,,,,,,,,,,
HO,Deep-Contango,tier2_freight,fly136,Ridge,19,0.0062,-0.1897,0.2155,0.5789,0.6154,13,0,-0.0147943218283415,-0.000201732890204915,0,0,,0.00977528050346608,0,,-0.000848752358866558,-0.0020542964055866,0.00036854920386134,,,,,,,,,,,,,,,
HO,Deep-Contango,tier3_full,m1m2,Ridge,19,0.0044,-0.2622,0.1202,0.6316,0.6923,13,0,-0.0446411316334966,-6.43097934989919e-05,0,0,0,-5.79315092004687e-05,0,0,-0.000118595111012018,-0.000233339847841451,-5.79135177641946e-05,0,0,0,-0.000373714791894916,0,-0.000110170440990958,1.43971956960059e-05,0,-8.06536935591482e-06,0.000376621219339631,-4.95314756115621e-06,-0.00010664385665299,0.000119330898405825,-0.000193384598020471,0.000120341098543948
HO,Deep-Contango,tier3_full,m2m3,Ridge,19,0.004,-0.0106,0.1435,0.7368,0.7692,13,0,-0.00055140498282007,-2.45552478603098e-05,0,0,0,-0.000406958266504943,0,0,-8.69247298800743e-05,-0.000432255086612182,-0.000114421354271821,0,0,0,-0.000336075456495058,0,-0.000155954794471208,1.29290597016715e-05,0,-4.42825333645457e-05,0.000587701705604113,-6.47378166643086e-05,-7.8219851968225e-05,0.000191737614509229,-0.000227350958667886,0.000108729016780183
HO,Deep-Contango,tier3_full,m1m6,Ridge,19,0.0075,-0.1367,0.4328,0.6316,0.6154,13,0,-0.0812502620707613,-0.000244870079497442,0,0,0,-0.00440409449615354,0,0,-0.000453399903723059,-0.00165110832941985,-0.000686520328512747,0,0,0,-0.0022156086643798,0,-0.000505135014886874,4.02269703152837e-05,0,-8.16173021406173e-05,0.00319986625867726,-0.000293266519038663,-0.000484912060158246,0.00136274868611866,-0.00117769754391628,0.000800395906065472
HO,Deep-Contango,tier3_full,fly123,Ridge,19,0.0017,-0.1765,0.1033,0.7895,0.8462,13,0,-0.0442929595743921,-6.82461853762552e-05,0,0,0,0.000550814663879372,0,0,-6.01251905185512e-05,0.0002970199278508,8.48447997065756e-05,0,0,0,-9.04713613231878e-05,0,6.31885315051379e-05,3.50940610190621e-06,0,5.6346267409816e-05,-0.000303959436228033,9.50163094668819e-05,-5.37887990985151e-05,-0.00010483759621384,3.78450005244011e-05,2.80475712236295e-05
HO,Deep-Contango,tier3_full,fly136,Ridge,19,0.0025,-0.0901,0.2159,0.5789,0.6154,13,0,-0.00805934861385944,-4.21467223309128e-05,0,0,0,0.00200246503314687,0,0,-0.000174160875493105,-0.000422159377522703,7.46122018405427e-05,0,0,0,-0.000139887803906158,0,-0.000280298700833737,3.7391797646551e-05,0,-6.34862128786403e-05,4.21718862402353e-05,4.01113431210191e-05,-0.000101741598483862,-0.000220985567045845,-0.000177630462066294,-1.49379106228511e-05
HO,ALL_REGIMES,tier2_physical,m1m2,Lasso,269,0.0184,-0.0087,2.3141,0.539,0.5238,189,1,0.167738835711994,-0.309849731245638,0,0,0,0.195111366430051,0,0,,,,,,,,,,,,,,,,,,
HO,ALL_REGIMES,tier2_physical,m2m3,Lasso,269,0,-0.0075,0.7706,0.5651,0.5238,189,1,0.1375444951313,-2.67868682214469e-17,0,0,0,0,0,0,,,,,,,,,,,,,,,,,,
HO,ALL_REGIMES,tier2_physical,m1m6,Lasso,269,0.0233,0.0045,3.1513,0.5688,0.5608,189,1,0.309282295385108,-0.499312068500885,0,0,0,0.252446187773795,0,0,,,,,,,,,,,,,,,,,,
HO,ALL_REGIMES,tier2_physical,fly123,Lasso,269,0.0156,0.0054,2.2562,0.5316,0.545,189,1,0.0301943405806949,-0.290475297156235,0,0,0,0.220408008476512,0,0,,,,,,,,,,,,,,,,,,
HO,ALL_REGIMES,tier2_physical,fly136,Lasso,269,0.008,-0.009,2.4849,0.4944,0.4921,189,1,0.30128436630148,-0.221226901946322,0,0,0,0.149276115185856,0,0,,,,,,,,,,,,,,,,,,
HO,ALL_REGIMES,tier2_freight,m1m2,Lasso,269,0.0231,0.0045,2.3086,0.5502,0.5397,189,1,0.184184303198825,-0.361211747749571,0,0,,0.242020997909802,0,,0.181385455658601,-0.000773518046096582,-0.25066750868837,,,,,,,,,,,,,,,
HO,ALL_REGIMES,tier2_freight,m2m3,Lasso,269,0,-0.0105,0.7706,0.5651,0.5238,189,1,0.1375444951313,-2.67868682214469e-17,0,0,,0,0,,0,0,0,,,,,,,,,,,,,,,
HO,ALL_REGIMES,tier2_freight,m1m6,Lasso,269,0.0214,0.0057,3.1543,0.5725,0.5556,189,1,0.309282295385108,-0.399747290690188,0,0,,0.152877859061178,0,,0,0,0,,,,,,,,,,,,,,,
HO,ALL_REGIMES,tier2_freight,fly123,Lasso,269,0.0248,0.0013,2.2456,0.5353,0.5344,189,1,0.0497719401470907,-0.300316906017801,0,0,,0.224955941293998,0,,0.221029056724904,0,-0.293675849600296,,,,,,,,,,,,,,,
HO,ALL_REGIMES,tier2_freight,fly136,Lasso,269,0.0088,-0.0046,2.4839,0.4944,0.5079,189,1,0.301722536175096,-0.174273829076607,0,0,,0.104172280311309,0,,0.0120266441996024,-0.0886779553436618,0,,,,,,,,,,,,,,,
HO,ALL_REGIMES,tier3_full,m1m2,Lasso,269,0.0433,0.004,2.2846,0.5613,0.5767,189,1,0.114876702854164,-0.26501247752708,0,0,0,0.0783269788906822,0,0,0,0,0,0,0,0,0,0,0,0,0,-0.253622384576152,0,0.483182773060946,0,0,0.0189309918628294,0
HO,ALL_REGIMES,tier3_full,m2m3,Lasso,269,0.0086,-0.0192,0.7673,0.5651,0.5238,189,1,0.136257573386642,0,0,0,0,0,0,0,0,0,0,0,0,0,0,0,0,0,0,0,0,0,0,0,0,0.0212485069587353
HO,ALL_REGIMES,tier3_full,m1m6,Lasso,269,0.0377,0.0164,3.128,0.5576,0.5608,189,1,0.289952668505383,-0.420817324456233,0,0,0,0.0811306328247863,0,0,0,0,0,0,0,0,0,0,0,0,0,-0.310666993166943,0,0.448992780297044,0,0,0,0
HO,ALL_REGIMES,tier3_full,fly123,Lasso,269,0,-0.0013,2.274,0.4312,0.4392,189,1,0.0301943405806949,0,0,0,0,0,0,0,0,0,0,0,0,0,0,0,0,0,0,0,0,2.02388545875832e-16,0,0,0,0
HO,ALL_REGIMES,tier3_full,fly136,Lasso,269,0.0291,-0.0114,2.4583,0.513,0.5291,189,1,0.22097874035367,-0.0535406106044663,0,0,0,0,0,0,0,0,0,0,0,0,0,0,0,0,0,-0.132125809434336,0,0.401496160506936,0,0,0.0214751133211738,0.0778933437571751
LGO,Warm-Up,tier2_physical,m1m2,Lasso,68,0,-0.127,0.9504,0.6324,0.6667,48,1,0.162221189335272,0,0,0,0,0,0,0,,,,,,,,,,,,,,,,,,
LGO,Warm-Up,tier2_physical,m2m3,Lasso,68,0,-0.0304,0.8297,0.5735,0.5417,48,1,0.0962445272579976,0,0,0,0,0,0,0,,,,,,,,,,,,,,,,,,
LGO,Warm-Up,tier2_physical,m1m6,Lasso,68,0,-0.0403,2.7693,0.6618,0.6458,48,1,0.232415590857522,0,0,0,0,0,0,0,,,,,,,,,,,,,,,,,,
LGO,Warm-Up,tier2_physical,fly123,Lasso,68,0,-0.0407,0.5491,0.4559,0.4583,48,1,0.0659766620772742,0,0,0,0,0,0,0,,,,,,,,,,,,,,,,,,
LGO,Warm-Up,tier2_physical,fly136,Lasso,68,0,-0.0766,1.3576,0.5441,0.5208,48,1,0.284515842329018,0,0,0,0,-6.80579144919736e-18,0,0,,,,,,,,,,,,,,,,,,
LGO,Warm-Up,tier2_freight,m1m2,Lasso,68,0,-0.0713,0.9504,0.6324,0.6667,48,1,0.162221189335272,0,0,0,,0,0,,0,0,0,,,,,,,,,,,,,,,
LGO,Warm-Up,tier2_freight,m2m3,Lasso,68,0,-0.0373,0.8297,0.5735,0.5417,48,1,0.0962445272579976,0,0,0,,0,0,,0,0,0,,,,,,,,,,,,,,,
LGO,Warm-Up,tier2_freight,m1m6,Lasso,68,0,-0.0486,2.7693,0.6618,0.6458,48,1,0.232415590857522,0,0,0,,0,0,,0,0,0,,,,,,,,,,,,,,,
LGO,Warm-Up,tier2_freight,fly123,Lasso,68,0,-0.0453,0.5491,0.4559,0.4583,48,1,0.0659766620772742,0,0,0,,0,0,,0,0,0,,,,,,,,,,,,,,,
LGO,Warm-Up,tier2_freight,fly136,Lasso,68,0,-0.0782,1.3576,0.5441,0.5208,48,1,0.284515842329018,0,0,0,,-6.80579144919736e-18,0,,0,0,0,,,,,,,,,,,,,,,
LGO,Warm-Up,tier3_full,m1m2,Lasso,68,0,-0.0235,0.9504,0.6324,0.6667,48,1,0.162221189335272,0,0,0,0,0,0,0,0,0,0,0,0,0,0,0,0,0,0,0,0,0,0,0,0,0
LGO,Warm-Up,tier3_full,m2m3,Lasso,68,0,-0.1879,0.8297,0.5735,0.5417,48,1,0.0962445272579976,0,0,0,0,0,0,0,0,0,0,0,0,0,0,0,0,0,0,0,0,0,0,0,0,0
LGO,Warm-Up,tier3_full,m1m6,Lasso,68,0,-0.1052,2.7693,0.6618,0.6458,48,1,0.232415590857522,0,0,0,0,0,0,0,0,0,0,0,0,0,0,0,0,0,0,0,0,0,0,0,0,0
LGO,Warm-Up,tier3_full,fly123,Lasso,68,0,-0.0191,0.5491,0.4559,0.4583,48,1,0.0659766620772741,0,0,0,0,0,0,0,0,0,0,0,0,0,0,0,0,0,0,0,1.23272086301054e-16,0,0,0,0,0
LGO,Warm-Up,tier3_full,fly136,Lasso,68,0,-0.05,1.3576,0.5441,0.5208,48,1,0.284515842329018,0,0,0,0,0,0,0,0,0,0,0,0,0,0,0,0,0,0,0,0,0,0,0,0,0
LGO,Deep-Backwardation,tier2_physical,m1m2,Ridge,18,0.0409,-0.0184,2.0028,0.5556,0.6,15,0,0.110054623205619,-0.0719758444065163,0,0,0,-0.130114721794437,0,0,,,,,,,,,,,,,,,,,,
LGO,Deep-Backwardation,tier2_physical,m2m3,Ridge,18,0.001,-0.0848,0.8217,0.3889,0.3333,15,0,-0.0103919116694015,-0.000925373639906877,0,0,0,-0.000516558864845209,0,0,,,,,,,,,,,,,,,,,,
LGO,Deep-Backwardation,tier2_physical,m1m6,Ridge,18,8e-04,-0.0669,3.2742,0.3333,0.2667,15,0,-0.0378514852444858,-0.00368042398518473,0,0,0,-0.00259880593169963,0,0,,,,,,,,,,,,,,,,,,
LGO,Deep-Backwardation,tier2_physical,fly123,Ridge,18,5e-04,-0.0664,1.9873,0.6111,0.6,15,0,0.19010977577362,-0.000449603462462068,0,0,0,-0.00214712383821568,0,0,,,,,,,,,,,,,,,,,,
LGO,Deep-Backwardation,tier2_physical,fly136,Ridge,18,0.0497,-0.1237,2.4294,0.6667,0.7333,15,0,0.300404880526411,-0.0743275272842186,0,0,0,-0.157024235201308,0,0,,,,,,,,,,,,,,,,,,
LGO,Deep-Backwardation,tier2_freight,m1m2,Ridge,18,0.0013,-0.0444,2.0437,0.6111,0.6667,15,0,0.179572374372546,-0.00157122291083868,0,0,,-0.00242447985074969,0,,0.000246115453307066,-0.00483226446730597,0.000111600346088958,,,,,,,,,,,,,,,
LGO,Deep-Backwardation,tier2_freight,m2m3,Ridge,18,0.0545,-0.0432,0.7993,0.5556,0.5333,15,0,-0.0376367402843428,-0.0522448506204438,0,0,,-0.0253604293925705,0,,-0.00822902841332459,-0.0278409001239561,-0.011030452494944,,,,,,,,,,,,,,,
LGO,Deep-Backwardation,tier2_freight,m1m6,Ridge,18,0.0015,-0.0996,3.2732,0.3333,0.2667,15,0,-0.0372234879589521,-0.00441192036265844,0,0,,-0.00311934562849584,0,,-0.000866771824891949,-0.00834368267818624,-0.000955543695067164,,,,,,,,,,,,,,,
LGO,Deep-Backwardation,tier2_freight,fly123,Ridge,18,0.001,-0.451,1.9867,0.6111,0.6,15,0,0.189526701241664,-0.000453253913602543,0,0,,-0.00215004132845299,0,,0.000684690987009136,-0.00480618038728825,0.000625228217812066,,,,,,,,,,,,,,,
LGO,Deep-Backwardation,tier2_freight,fly136,Ridge,18,0.0435,-0.0964,2.4374,0.6667,0.7333,15,0,0.313625866188414,-0.0511289437745843,0,0,,-0.0991816270743657,0,,0.0199269816505358,-0.133745621957062,0.0110845231782186,,,,,,,,,,,,,,,
LGO,Deep-Backwardation,tier3_full,m1m2,Ridge,18,0.0025,-0.0527,2.0425,0.6111,0.6667,15,0,0.177621852831109,-0.00133656168205212,0,0,0,-0.00206354566416581,0,0,0.000207602725805958,-0.00413359254781957,9.417291288833e-05,0,0,0,0.00200575288847829,0,-0.00161654549463161,-8.14658286164743e-05,0,-0.00013639175281516,0.000644598011314834,-0.00125699797163953,-0.000337787344307552,0.000112136338026501,0.00157779997234974,0.00511782496139844
LGO,Deep-Backwardation,tier3_full,m2m3,Ridge,18,0.004,-0.3647,0.8204,0.3889,0.3333,15,0,-0.0125394279582756,-0.00120829515343204,0,0,0,-0.000673333631786253,0,0,-0.000311708916292092,-0.000915972002368024,-0.00039782642518135,0,0,0,-0.000271730703363248,0,-0.000862003157899098,1.26123641863048e-05,0,0.000296706382028327,-0.00140356623852732,0.0027379371865163,0.000379124795003858,-0.00126586196869394,0.000659696505393657,0.00228513625850417
LGO,Deep-Backwardation,tier3_full,m1m6,Ridge,18,0.003,-0.0658,3.2706,0.3333,0.2667,15,0,-0.0440495802701246,-0.00351591432276534,0,0,0,-0.00248578696876894,0,0,-0.000686258114487902,-0.00667706806402299,-0.000755393606862703,0,0,0,-0.000906122243466756,0,-0.00816081466972386,0.000102165226060354,0,-5.70715231025096e-05,-0.00254301991761816,0.00691952510865617,-0.000573767527354952,-0.00317415719476095,0.00229382776622651,0.00860699364598353
LGO,Deep-Backwardation,tier3_full,fly123,Ridge,18,0.0025,-0.1181,1.9853,0.6111,0.6,15,0,0.189247576776607,-0.00045518304999116,0,0,0,-0.00214480598304268,0,0,0.000674144196480974,-0.00483304390549362,0.000616779158218607,0,0,0,0.00320015287107951,0,-0.00127716664243293,-0.00013192404200875,0,-0.000556430643750535,0.00262218114435751,-0.00510811912698548,-0.000945130638572115,0.00169156529480861,0.00146518715438354,0.00457412074314864
LGO,Deep-Backwardation,tier3_full,fly136,Ridge,18,0.0048,-0.103,2.4862,0.6667,0.7333,15,0,0.372463206222872,-0.00226250228866996,0,0,0,-0.00407647944726038,0,0,0.000596319769711862,-0.00542882538003268,0.0001954599796571,0,0,0,0.00552335008625352,0,0.00274180955451456,-0.000291069345662988,0,0.000342627327395212,0.00135756019731249,-0.00472219481706931,0.000559465047908436,0.000961776523947009,0.00300774105494334,0.0088262263185321
LGO,Easing-Backwardation,tier2_physical,m1m2,Lasso,47,0,-0.0936,0.5292,0.5106,0.5357,28,1,0.0380619351981911,0,0,0,0,0,0,0,,,,,,,,,,,,,,,,,,
LGO,Easing-Backwardation,tier2_physical,m2m3,Lasso,47,0,-0.1576,0.3697,0.5319,0.4643,28,1,0.0427707040409037,0,0,0,0,0,0,0,,,,,,,,,,,,,,,,,,
LGO,Easing-Backwardation,tier2_physical,m1m6,Lasso,47,0,-0.1017,1.1988,0.5532,0.5357,28,1,0.208369944628767,-3.19986923475834e-17,0,0,0,0,0,0,,,,,,,,,,,,,,,,,,
LGO,Easing-Backwardation,tier2_physical,fly123,Lasso,47,0,-0.1399,0.4453,0.5957,0.5357,28,1,-0.00470876884271252,0,0,0,0,-1.46052628286263e-17,0,0,,,,,,,,,,,,,,,,,,
LGO,Easing-Backwardation,tier2_physical,fly136,Lasso,47,0,-0.1322,0.7202,0.5106,0.5714,28,1,-0.0467046661505772,0,0,0,0,-3.54324122421116e-17,0,0,,,,,,,,,,,,,,,,,,
LGO,Easing-Backwardation,tier2_freight,m1m2,Lasso,47,0,-0.0617,0.5292,0.5106,0.5357,28,1,0.0380619351981911,0,0,0,,0,0,,0,0,0,,,,,,,,,,,,,,,
LGO,Easing-Backwardation,tier2_freight,m2m3,Lasso,47,0,-0.0611,0.3697,0.5319,0.4643,28,1,0.0427707040409037,0,0,0,,0,0,,0,0,0,,,,,,,,,,,,,,,
LGO,Easing-Backwardation,tier2_freight,m1m6,Lasso,47,0.0548,-0.0115,1.1655,0.5745,0.5714,28,1,0.247403305796207,-0.0754940215073495,0,0,,0,0,,0,0.246638363846072,0,,,,,,,,,,,,,,,
LGO,Easing-Backwardation,tier2_freight,fly123,Lasso,47,0.0317,-0.0032,0.4382,0.617,0.6071,28,1,-0.000689575693383882,0,0,0,,0,0,,0,0.0469462166176115,0,,,,,,,,,,,,,,,
LGO,Easing-Backwardation,tier2_freight,fly136,Lasso,47,0,-0.116,0.7202,0.5106,0.5714,28,1,-0.0467046661505772,0,0,0,,0,0,,0,0,0,,,,,,,,,,,,,,,
LGO,Easing-Backwardation,tier3_full,m1m2,Lasso,47,0.0344,-0.0812,0.52,0.4894,0.4643,28,1,0.0430425842955562,0,0,0,0,0,0,0,0,0.0581765102431745,0,0,0,0,0,0,0,0,0,0,0,0,0,0,0,0
LGO,Easing-Backwardation,tier3_full,m2m3,Lasso,47,0,-0.0293,0.3697,0.5319,0.4643,28,1,0.0427707040409037,0,0,0,0,0,0,0,0,0,0,0,0,0,0,0,0,0,0,0,0,0,0,0,0,0
LGO,Easing-Backwardation,tier3_full,m1m6,Lasso,47,0.2414,-0.0349,1.0441,0.617,0.5357,28,1,0.299907907928092,0,0,0,0,0,0,0,0,0.254272282379096,0,0,0,0,0,0,0.346062598268936,0,0,0.0094305150377597,0,0,-0.296324045575849,0,0,0
LGO,Easing-Backwardation,tier3_full,fly123,Lasso,47,0.0173,-0.0094,0.4414,0.5319,0.4643,28,1,-0.00260575949070013,0,0,0,0,0,0,0,0,0.0245642169759689,0,0,0,0,0,0,0,0,0,0,0,0,0,0,0,0
LGO,Easing-Backwardation,tier3_full,fly136,Lasso,47,0,-0.0749,0.7202,0.5106,0.5714,28,1,-0.0467046661505772,0,0,0,0,0,0,0,0,0,0,0,0,0,0,0,0,0,0,0,0,0,0,0,0,0
LGO,Stable-Elevated,tier2_physical,m1m2,Lasso,94,0.0336,-0.0027,0.6748,0.5106,0.5286,70,1,0.0853302318988062,-0.082402119737318,0,0,0,0,0,0,,,,,,,,,,,,,,,,,,
LGO,Stable-Elevated,tier2_physical,m2m3,Lasso,94,0,-0.032,0.4589,0.4894,0.5,70,1,0.0522470665220937,0,0,0,0,0,0,0,,,,,,,,,,,,,,,,,,
LGO,Stable-Elevated,tier2_physical,m1m6,Lasso,94,0,-0.0665,1.4596,0.4894,0.4429,70,1,0.0662979524743262,0,0,0,0,0,0,0,,,,,,,,,,,,,,,,,,
LGO,Stable-Elevated,tier2_physical,fly123,Lasso,94,0,-0.0395,0.6051,0.4894,0.4714,70,1,0.0077989688744206,0,0,0,0,0,0,0,,,,,,,,,,,,,,,,,,
LGO,Stable-Elevated,tier2_physical,fly136,Lasso,94,0.0653,-0.0086,0.9662,0.4574,0.4714,70,1,0.238613776395029,0,0,0,0,-0.172658893271438,0,0,,,,,,,,,,,,,,,,,,
LGO,Stable-Elevated,tier2_freight,m1m2,Lasso,94,0.0129,-0.0157,0.682,0.4574,0.4571,70,1,0.0676154793623786,-0.0246690943081195,0,0,,0,0,,0,0,0,,,,,,,,,,,,,,,
LGO,Stable-Elevated,tier2_freight,m2m3,Lasso,94,0.0327,3e-04,0.4513,0.5532,0.5857,70,1,0.071117337404394,-0.0614989019159847,0,0,,0,0,,0,0,0,,,,,,,,,,,,,,,
LGO,Stable-Elevated,tier2_freight,m1m6,Lasso,94,0.0896,0.0205,1.3926,0.5745,0.5714,70,1,-0.0187871096093036,-0.39903925116922,0,0,,0.444019555879428,0,,-0.00117816944720301,0.0142040989665234,0,,,,,,,,,,,,,,,
LGO,Stable-Elevated,tier2_freight,fly123,Lasso,94,0,-0.0418,0.6051,0.4894,0.4714,70,1,0.0077989688744206,0,0,0,,0,0,,0,0,0,,,,,,,,,,,,,,,
LGO,Stable-Elevated,tier2_freight,fly136,Lasso,94,0,-0.0507,0.9994,0.4574,0.4714,70,1,0.15828825136289,0,0,0,,0,0,,0,0,0,,,,,,,,,,,,,,,
LGO,Stable-Elevated,tier3_full,m1m2,Lasso,94,0,-0.0165,0.6864,0.4574,0.4571,70,1,0.0600460353965144,-9.91523741286758e-17,0,0,0,0,0,0,0,0,0,0,0,0,0,0,0,0,0,0,0,0,0,0,0,0
LGO,Stable-Elevated,tier3_full,m2m3,Lasso,94,0,-0.0548,0.4589,0.4894,0.5,70,1,0.0522470665220937,0,0,0,0,0,0,0,0,0,0,0,0,0,0,0,0,0,0,0,0,0,0,0,0,0
LGO,Stable-Elevated,tier3_full,m1m6,Lasso,94,0,-0.0326,1.4596,0.4894,0.4429,70,1,0.0662979524743262,0,0,0,0,0,0,0,0,0,0,0,0,0,0,0,0,0,0,0,0,0,0,0,0,0
LGO,Stable-Elevated,tier3_full,fly123,Lasso,94,0,-0.037,0.6051,0.4894,0.4714,70,1,0.00779896887442056,0,0,0,0,0,0,0,0,0,0,0,0,0,0,0,0,0,0,0,0,1.08083226223081e-16,0,0,0,0
LGO,Stable-Elevated,tier3_full,fly136,Lasso,94,0,-0.0225,0.9994,0.4574,0.4714,70,1,0.15828825136289,0,0,0,0,0,0,0,0,0,0,0,0,0,0,0,0,0,0,0,0,0,0,0,0,0
LGO,Deep-Contango,tier2_physical,m1m2,Ridge,19,0.1371,-0.116,0.1832,0.6316,0.5385,13,0,0.369203036632783,-0.0424464137424011,0,0,0,-0.421764065134455,0,0,,,,,,,,,,,,,,,,,,
LGO,Deep-Contango,tier2_physical,m2m3,Ridge,19,6e-04,-0.084,0.1066,0.4737,0.3846,13,0,0.00217052287159725,-1.49008111612496e-05,0,0,0,-0.00137983328609625,0,0,,,,,,,,,,,,,,,,,,
LGO,Deep-Contango,tier2_physical,m1m6,Ridge,19,0.0013,-0.0494,0.4153,0.5789,0.6154,13,0,-0.0336666308138154,-0.000202316341789841,0,0,0,-0.00538618803853661,0,0,,,,,,,,,,,,,,,,,,
LGO,Deep-Contango,tier2_physical,fly123,Ridge,19,0.09,-0.1075,0.1866,0.6842,0.6923,13,0,0.199639573226994,-0.0524441925015473,0,0,0,-0.203813926362089,0,0,,,,,,,,,,,,,,,,,,
LGO,Deep-Contango,tier2_physical,fly136,Ridge,19,0.018,-0.2213,0.2678,0.6842,0.5385,13,0,0.0413866135171848,-0.0114245264704879,0,0,0,0.082191392239937,0,0,,,,,,,,,,,,,,,,,,
LGO,Deep-Contango,tier2_freight,m1m2,Ridge,19,0.0015,-0.016,0.1971,0.5789,0.4615,13,0,0.0335485180137765,-0.000240941330247638,0,0,,-0.00232528257269398,0,,-9.93929223290814e-05,6.78773141246315e-05,-9.37304168863222e-05,,,,,,,,,,,,,,,
LGO,Deep-Contango,tier2_freight,m2m3,Ridge,19,0.0397,-0.1258,0.1045,0.5263,0.6154,13,0,0.0211456672383639,-0.000229811261866035,0,0,,-0.0271921877546962,0,,-0.00126833097630834,-0.00617492000406213,-0.00349627939511354,,,,,,,,,,,,,,,
LGO,Deep-Contango,tier2_freight,m1m6,Ridge,19,0.1835,-0.2139,0.3755,0.6842,0.7692,13,0,0.54926467371428,-0.0255785757054892,0,0,,-0.742456961856085,0,,0.00393949915714854,-0.0495704603128503,-0.0343303170137045,,,,,,,,,,,,,,,
LGO,Deep-Contango,tier2_freight,fly123,Ridge,19,0.0011,-0.0407,0.1955,0.5263,0.4615,13,0,0.031801056984803,-0.000251990694569701,0,0,,-0.00141252713653317,0,,-5.25519020587153e-05,0.000343789328896167,4.96316733637954e-05,,,,,,,,,,,,,,,
LGO,Deep-Contango,tier2_freight,fly136,Ridge,19,0.002,-0.0944,0.2699,0.6842,0.5385,13,0,0.101484253480479,-0.000333561369512473,0,0,,0.00234519543076549,0,,-0.000511031949560616,0.00023411483925028,-0.000134152316806543,,,,,,,,,,,,,,,
LGO,Deep-Contango,tier3_full,m1m2,Ridge,19,0.0998,-0.0873,0.1871,0.6316,0.5385,13,0,0.0695913322712421,-0.00439142428316229,0,0,0,-0.0473740985350088,0,0,-0.00156445913115727,0.00182900484432756,-0.00216835062428695,0,0,0,-0.0142258273358494,0,0.00668762568608587,-0.000570005816858151,0,0.00799159782487197,-0.00228280718433241,0.00739447077331559,-0.00410491174660001,0.00632318028534689,0.00829068750273694,0.0077059642428855
LGO,Deep-Contango,tier3_full,m2m3,Ridge,19,0.2076,-0.1734,0.095,0.5263,0.6923,13,0,0.0646516671910631,0.000147685246575994,0,0,0,-0.0715389049306975,0,0,-0.000697072681998255,-0.0127861619149492,-0.00594949640726582,0,0,0,-0.0146987907789651,0,0.00288669684910446,0.000664257690745701,0,-0.00411306596704796,0.023773972359283,0.00087130283997862,-0.000696003162513572,0.0177376770714287,-0.0147535222748576,0.00465431558549051
LGO,Deep-Contango,tier3_full,m1m6,Ridge,19,0.0029,-0.2221,0.415,0.5789,0.6154,13,0,-0.0337715137385295,-0.000183445673417252,0,0,0,-0.00490194173578727,0,0,2.56803407242065e-06,-0.000297790890484699,-0.000232603930505522,0,0,0,-0.000843213922618924,0,0.000356821111782011,-2.59558334474888e-05,0,0.00026656514412533,0.000605717892901024,-1.4168121851972e-05,-5.28099629450613e-05,0.0005090470982062,3.47545284577235e-05,0.000498835376040199
LGO,Deep-Contango,tier3_full,fly123,Ridge,19,0.0652,-0.0407,0.1891,0.5263,0.4615,13,0,0.0404176353260124,-0.00264060924183164,0,0,0,-0.014695582045608,0,0,-0.000524917538861257,0.00395715156074843,0.000395751239010932,0,0,0,-0.0046295908509954,0,0.00393362184300754,-0.000438576748451196,0,0.00605764997406122,-0.00785449175999028,0.00359600061933023,-0.00199067148175062,-0.000671535113612283,0.00798396294222594,0.00351391886232821
LGO,Deep-Contango,tier3_full,fly136,Ridge,19,0.0056,-0.1131,0.2695,0.6842,0.5385,13,0,0.10198596158704,-0.000264768086389264,0,0,0,0.0018834764538251,0,0,-0.000406239874227002,0.000190932076394591,-0.000105693066674468,0,0,0,-0.00109381222716807,0,0.000142869187577787,1.30062260058138e-05,0,-4.90512274754462e-05,-5.73896881661396e-05,0.00111558756113142,-0.000574941987124838,0.00063040261630612,0.000283382344667395,0.00027441093862637
LGO,ALL_REGIMES,tier2_physical,m1m2,Lasso,269,0.0143,5e-04,0.9089,0.5353,0.545,189,1,0.102472716864646,-0.0828818744858702,0,0,0,0,0,0,,,,,,,,,,,,,,,,,,
LGO,ALL_REGIMES,tier2_physical,m2m3,Lasso,269,0.0042,-0.0029,0.657,0.5353,0.5185,189,1,0.0476977815800226,-0.0205406883589216,0,0,0,0,0,0,,,,,,,,,,,,,,,,,,
LGO,ALL_REGIMES,tier2_physical,m1m6,Lasso,269,0,-0.0153,2.0579,0.5613,0.5397,189,1,0.154337758418621,-2.86127460267564e-17,0,0,0,0,0,0,,,,,,,,,,,,,,,,,,
LGO,ALL_REGIMES,tier2_physical,fly123,Lasso,269,0,-0.0047,0.7394,0.4907,0.5026,189,1,0.0547749352846238,0,0,0,0,0,0,0,,,,,,,,,,,,,,,,,,
LGO,ALL_REGIMES,tier2_physical,fly136,Lasso,269,0.0143,-0.008,1.3053,0.5316,0.5397,189,1,0.146003238470717,-0.0106758367421972,0,0,0,-0.116351836461627,0,0,,,,,,,,,,,,,,,,,,
LGO,ALL_REGIMES,tier2_freight,m1m2,Lasso,269,0.0125,-0.0017,0.9097,0.5428,0.5556,189,1,0.102472716864646,-0.0645538133743865,0,0,,0,0,,0,0,0,,,,,,,,,,,,,,,
LGO,ALL_REGIMES,tier2_freight,m2m3,Lasso,269,0,-0.0054,0.6584,0.539,0.5238,189,1,0.0476977815800226,0,0,0,,0,0,,0,0,0,,,,,,,,,,,,,,,
LGO,ALL_REGIMES,tier2_freight,m1m6,Lasso,269,0.0082,-0.0027,2.0495,0.5613,0.5397,189,1,0.154337758418621,-0.0890942796359878,0,0,,0,0,,0,0,0,,,,,,,,,,,,,,,
LGO,ALL_REGIMES,tier2_freight,fly123,Lasso,269,0.0053,-0.0018,0.7375,0.4833,0.4921,189,1,0.0547749352846238,-0.0354902375432372,0,0,,0,0,,0,0,0,,,,,,,,,,,,,,,
LGO,ALL_REGIMES,tier2_freight,fly136,Lasso,269,0.0121,-0.0038,1.3068,0.5242,0.5291,189,1,0.146003238470717,0,0,0,,-0.0910430157169261,0,,0,0,0,,,,,,,,,,,,,,,
LGO,ALL_REGIMES,tier3_full,m1m2,Lasso,269,0.0141,-0.0088,0.909,0.5539,0.5714,189,1,0.0963235666168448,-0.0371390053713468,0,0,0,0,0,0,0,0,0,0,0,0,0,0,0,0,0,0,0.0132898973117241,0,0,0,0.0212432895442033,0
LGO,ALL_REGIMES,tier3_full,m2m3,Lasso,269,0,-0.0186,0.6584,0.539,0.5238,189,1,0.0476977815800226,0,0,0,0,0,0,0,0,0,0,0,0,0,0,0,0,0,0,0,0,0,0,0,0,0
LGO,ALL_REGIMES,tier3_full,m1m6,Lasso,269,0,-0.0185,2.0579,0.5613,0.5397,189,1,0.154337758418621,-2.86127460267564e-17,0,0,0,0,0,0,0,0,0,0,0,0,0,0,0,0,0,0,0,0,0,0,0,0
LGO,ALL_REGIMES,tier3_full,fly123,Lasso,269,0,-0.0067,0.7394,0.4907,0.5026,189,1,0.0547749352846238,0,0,0,0,0,0,0,0,0,0,0,0,0,0,0,0,0,0,0,0,0,0,0,0,0
LGO,ALL_REGIMES,tier3_full,fly136,Lasso,269,0,-0.0073,1.3147,0.5242,0.5291,189,1,0.146003238470717,0,0,0,0,0,0,0,0,0,0,0,0,0,0,0,0,0,0,0,0,0,0,0,0,0
