date,M1M2,regime_label,level_z_126,signal,fwd10,fwd21,window
2024-07-01,1.04336734693878,Easing-Backwardation,0.907225928970807,FLAT,,,test
2024-07-02,0.911153488372108,Easing-Backwardation,0.717354503316431,FLAT,,,test
2024-07-03,0.857588989084007,Backwardation-Deficit,0.641264053392383,FLAT,,,test
2024-07-04,0.830999999999989,Backwardation-Deficit,0.603451963791892,FLAT,,,test
2024-07-05,0.816908212560392,Backwardation-Deficit,0.582246071998132,FLAT,,,test
2024-07-06,0.806666666666658,Stable-Elevated,0.565840214317567,FLAT,,,test
2024-07-08,0.803031674208128,Stable-Elevated,0.557682030594856,FLAT,,,test
2024-07-09,0.874615384615368,Backwardation-Deficit,0.658901832863868,FLAT,,,test
2024-07-10,1.04397435897437,Backwardation-Deficit,0.902034368899741,FLAT,,,test
2024-07-11,1.34818181818183,Backwardation-Deficit,1.3437874635642,SELL,,,test
2024-07-12,1.2048148148148,Backwardation-Deficit,1.13544491281034,SELL,-0.16144746787602,,test
2024-07-13,1.20166666666667,Backwardation-Deficit,1.1355668377151,SELL,-0.290513178294562,,test
2024-07-15,1.07476923076923,Backwardation-Deficit,0.949888118555976,FLAT,-0.217180241685223,,test
2024-07-16,1.04929411764705,Backwardation-Deficit,0.911764890222817,FLAT,-0.218294117647061,,test
2024-07-17,1.45690000000002,Backwardation-Deficit,1.51473822621666,SELL,-0.639991787439628,,test
2024-07-18,1.4977564102564,Backwardation-Deficit,1.60108568295924,SELL,-0.691089743589742,,test
2024-07-19,1.51900000000001,Backwardation-Deficit,1.6609353551774,SELL,-0.715968325791882,,test
2024-07-20,1.74666666666668,Backwardation-Deficit,2.02833160907955,SELL,-0.872051282051312,,test
2024-07-22,1.68558404558404,Backwardation-Deficit,1.96685189659611,SELL,-0.64160968660967,,test
2024-07-23,1.0781746031746,Easing-Backwardation,1.08948550302627,SELL,0.27000721500723,,test
2024-07-24,1.06542824074074,Easing-Backwardation,1.10606505822629,SELL,0.13938657407406,,test
2024-07-25,1.1672952586207,Backwardation-Deficit,1.30739513350661,SELL,0.0343714080459701,-0.12392791168192,test
2024-07-26,1.13441344324667,Backwardation-Deficit,1.28366371709011,SELL,-0.0596442124774399,-0.223259954874562,test
2024-07-27,1.12166666666667,Backwardation-Deficit,1.18815460369933,SELL,-0.0723725490196199,-0.264077677582663,test
2024-07-29,1.04057142857143,Easing-Backwardation,1.0776761613848,SELL,0.41632857142859,-0.209571428571441,test
2024-07-30,0.871696428571411,Easing-Backwardation,0.828387117402735,FLAT,0.626059981684989,-0.054788216011019,test
2024-07-31,1.10028985507246,Easing-Backwardation,1.21569928297622,SELL,0.41871014492755,-0.293623188405802,test
2024-08-01,0.969946332737024,Easing-Backwardation,1.02245241871558,SELL,0.776720333929656,-0.166914658528896,test
2024-08-02,0.940484848484843,Easing-Backwardation,0.994907237365398,FLAT,0.745099197099197,-0.065869463869475,test
2024-08-03,0.858750000000001,Easing-Backwardation,0.883374255963326,FLAT,0.219424603174599,0.185224358974369,test
2024-08-05,0.765750000000011,Easing-Backwardation,0.750334723862273,FLAT,0.299678240740729,0.582431818181819,test
2024-08-06,0.865570672713517,Easing-Backwardation,0.940233427654827,FLAT,0.301724585907183,0.339244142101283,test
2024-08-07,1.10319444444445,Backwardation-Deficit,1.3713673904558,SELL,0.03121899880222,0.0984722222222201,test
2024-08-08,1.15945454545452,Backwardation-Deficit,1.49235297957856,SELL,-0.0377878787878501,-0.0846853146852899,test
2024-08-09,1.2882621082621,Backwardation-Deficit,1.74049176366922,SELL,-0.24769067969067,-0.23896799061505,test
2024-08-10,1.34619047619047,Backwardation-Deficit,1.87502559770052,SELL,-0.474494047619059,0.11070952380955,test
2024-08-12,1.64340909090909,Backwardation-Deficit,2.44570956007842,SELL,-0.54311923583663,-0.14565268065269,test
2024-08-13,1.54340170940171,Backwardation-Deficit,2.28263361362789,SELL,-0.573455376664686,-0.0244017094017002,test
2024-08-14,1.21654545454547,Backwardation-Deficit,1.7034811923098,SELL,-0.276060606060627,0.53012121212121,test
2024-08-15,1.15482352941176,Backwardation-Deficit,1.60004144926616,SELL,-0.296073529411759,0.53076051617228,test
2024-08-16,1.12343653250775,Backwardation-Deficit,1.55945652493567,SELL,-0.357686532507739,-0.04526192933315,test
2024-08-17,0.841802816901421,Backwardation-Deficit,1.04023752443445,SELL,0.023767855812096,0.223625423839319,test
2024-08-19,0.662991452991435,Easing-Backwardation,0.709888203447278,FLAT,0.440202991453015,0.504303805629265,test
2024-08-20,0.779000000000011,Easing-Backwardation,0.931152706972669,FLAT,0.380454545454509,0.355413443246659,test
2024-08-21,0.60291228070173,Easing-Backwardation,0.606613856321363,FLAT,0.68534982756037,0.51875438596494,test
2024-08-22,0.752002652519906,Easing-Backwardation,0.899276454222848,FLAT,0.594187823670564,0.288568776051524,test
2024-08-23,0.915689189189195,Easing-Backwardation,1.21153053237175,SELL,0.727719901719895,-0.0439927606177839,test
2024-08-24,0.909999999999997,Easing-Backwardation,1.20365269566055,SELL,0.633401709401713,0.190289855072463,test
2024-08-26,1.21222413793103,Easing-Backwardation,1.77350659377531,SELL,0.00432131661444002,-0.242277805194006,test
2024-08-27,1.11477777777777,Backwardation-Deficit,1.58580705181509,SELL,0.0400457516339898,-0.174292929292927,test
2024-08-28,1.12100000000002,Backwardation-Deficit,1.59683049736844,SELL,0.00243653250773002,-0.262250000000019,test
2024-08-29,1.20322368421053,Backwardation-Deficit,1.75048992529288,SELL,-0.361420867309109,-0.437473684210519,test
2024-08-30,0.8926923076923,Backwardation-Deficit,1.16091594898573,SELL,-0.229700854700865,-0.0271216349787831,test
2024-08-31,0.90666666666668,Backwardation-Deficit,1.1836253046136,SELL,-0.127666666666669,0.19652777777777,test
2024-09-02,1.04571428571428,Backwardation-Deficit,1.44322570758443,SELL,-0.44280200501255,0.11374025974024,test
2024-09-03,0.734868154158207,Backwardation-Deficit,0.850827722638921,FLAT,0.0171344983616989,0.553393954103893,test
2024-09-04,0.655503144654091,Easing-Backwardation,0.696470826625978,FLAT,0.260186044535104,0.690687331536379,test
2024-09-05,0.637023411371231,Easing-Backwardation,0.657846545870802,FLAT,0.272976588628766,1.00638567953786,test
2024-09-06,0.725070028011203,Easing-Backwardation,0.822381418302046,FLAT,0.487154109919827,0.818331681390507,test
2024-09-07,0.724999999999994,Easing-Backwardation,0.82298804016805,FLAT,0.389777777777776,0.491545454545476,test
2024-09-09,0.807608695652164,Easing-Backwardation,0.978039543517373,FLAT,0.313391304347856,0.347214833759596,test
2024-09-10,0.63707070707072,Easing-Backwardation,0.651982332784729,FLAT,0.56615297713981,0.48636582543703,test
2024-09-11,0.691050000000004,Easing-Backwardation,0.751218474229349,FLAT,0.201642307692296,0.150752816901417,test
2024-09-12,0.854583333333338,Easing-Backwardation,1.1865260147615,SELL,0.052083333333342,-0.191591880341903,test
2024-09-13,0.940097402597402,Easing-Backwardation,1.37492127518404,SELL,0.105616883116878,-0.161097402597391,test
2024-09-14,0.962999999999994,Backwardation-Deficit,1.42431498572311,SELL,-0.228131845841787,-0.360087719298264,test
2024-09-16,1.16833333333335,Backwardation-Deficit,1.87920724645421,SELL,-0.512830188679259,-0.416330680813444,test
2024-09-17,1.24472222222221,Backwardation-Deficit,2.05004176204641,SELL,-0.607698810850979,-0.329033033033015,test
2024-09-18,0.960413573700961,Backwardation-Deficit,1.41293312736023,SELL,-0.235343545689758,-0.050413573700964,test
2024-09-19,0.923666666666662,Backwardation-Deficit,1.32909742016023,SELL,-0.198666666666668,0.288557471264368,test
2024-09-20,0.940225563909777,Backwardation-Deficit,1.36406068729901,SELL,-0.132616868257613,0.174552213867993,test
2024-09-23,0.773209039548036,Backwardation-Deficit,0.98061664246186,FLAT,-0.136138332477316,0.347790960451984,test
2024-09-24,0.716607538802663,Backwardation-Deficit,0.843186658223889,FLAT,-0.025557538802659,0.486616145407867,test
2024-09-25,0.555000000000021,Stable-Elevated,0.461150914771072,FLAT,0.299583333333317,0.337692307692279,test
2024-09-26,0.506884236453217,Stable-Elevated,0.328260195120175,FLAT,0.433213166144185,0.399782430213463,test
2024-09-27,0.515314009661836,Stable-Elevated,0.330699965022506,FLAT,0.447685990338158,0.530400276052444,test
2024-09-28,0.524999999999992,Stable-Elevated,0.340825593179101,FLAT,0.643333333333358,0.209868154158215,test
2024-09-30,0.385500000000008,Stable-Elevated,0.0108135657993341,FLAT,0.859222222222202,0.270003144654083,test
2024-10-01,0.468369230769241,Stable-Elevated,0.186387954659997,FLAT,0.49204434293172,0.16865418060199,test
2024-10-02,0.504642857142855,Stable-Elevated,0.257394050382334,FLAT,0.419023809523807,0.220427170868348,test
2024-10-03,0.559782608695656,Stable-Elevated,0.372847333943978,FLAT,0.380442955214121,0.165217391304338,test
2024-10-04,0.684166666666656,Easing-Backwardation,0.6445111569764,FLAT,0.08904237288138,0.123442028985508,test
2024-10-05,0.655000000000001,Stable-Elevated,0.563136609639157,FLAT,0.061607538802662,-0.017929292929281,test
2024-10-07,0.702361359570674,Backwardation-Deficit,0.65936880431014,FLAT,-0.147361359570653,-0.01131135957067,test
2024-10-08,0.578194444444435,Stable-Elevated,0.352904219288132,FLAT,-0.071310207991218,0.276388888888903,test
2024-10-09,0.708194444444445,Backwardation-Deficit,0.642222868357338,FLAT,-0.192880434782609,0.231902958152957,test
2024-10-10,0.759878787878805,Backwardation-Deficit,0.75181588766449,FLAT,-0.234878787878813,0.203121212121189,test
2024-10-11,0.728636363636355,Backwardation-Deficit,0.66698114917395,FLAT,-0.343136363636347,0.439696969696995,test
2024-10-12,0.670000000000002,Stable-Elevated,0.515456907387318,FLAT,-0.201630769230761,0.574722222222208,test
2024-10-14,0.596666666666664,Stable-Elevated,0.326708510353797,FLAT,-0.0920238095238091,0.363746907034297,test
2024-10-15,0.595441176470587,Stable-Elevated,0.311343791388312,FLAT,-0.035658567774931,0.328225490196075,test
2024-10-16,0.5718831168831,Stable-Elevated,0.240340859070627,FLAT,0.112283549783556,0.368342447026677,test
2024-10-17,0.587300813008142,Stable-Elevated,0.260862849547313,FLAT,0.0676991869918591,0.185908226539894,test
2024-10-18,0.516387878787867,Stable-Elevated,0.0660090492930474,FLAT,0.185973480782807,0.200219660014796,test
2024-10-19,0.437941176470588,Stable-Elevated,-0.144280124680657,FLAT,0.140253267973847,0.117058823529433,test
2024-10-21,0.531459627329198,Stable-Elevated,0.0618884869091606,FLAT,0.176734817115247,-0.024575390875981,test
2024-10-22,0.538605263157891,Stable-Elevated,0.0611817527799779,FLAT,0.221273524720914,-0.023291253496055,test
2024-10-23,0.421260504201683,Stable-Elevated,-0.243176280303152,FLAT,0.307375859434672,0.103739495798309,test
2024-10-24,0.344578231292516,Stable-Elevated,-0.452824835005313,FLAT,0.325421768707486,0.040921768707492,test
2024-10-25,0.392264957264956,Stable-Elevated,-0.358606625623574,FLAT,0.204401709401708,0.076104273504285,test
2024-10-26,0.390000000000001,Stable-Elevated,-0.385316371190007,FLAT,0.205441176470586,0.114642857142854,test
2024-10-28,0.421515151515138,Stable-Elevated,-0.329056682335605,FLAT,0.150367965367962,0.138267457180518,test
2024-10-29,0.39373333333333,Stable-Elevated,-0.412438935283052,FLAT,0.193567479674812,0.290433333333326,test
2024-10-30,0.422822580645175,Stable-Elevated,-0.363481607548352,FLAT,0.093565298142692,0.232177419354826,test
2024-10-31,0.48739130434781,Stable-Elevated,-0.228403972637035,FLAT,-0.049450127877222,0.214970055222864,test
2024-11-01,0.416580086580098,Stable-Elevated,-0.410931850394481,FLAT,0.1148795407491,0.161614357864337,test
2024-11-02,0.423333333333318,Stable-Elevated,-0.413121307904355,FLAT,0.115271929824573,0.284861111111127,test
2024-11-04,0.454130434782613,Stable-Elevated,-0.359957344487155,FLAT,-0.03286993058093,0.305748353096192,test
2024-11-05,0.425181818181812,Stable-Elevated,-0.446481755257198,FLAT,-0.080603586889296,0.303454545454543,test
2024-11-06,0.449028213166145,Stable-Elevated,-0.408002445963516,FLAT,-0.056763255901189,0.220971786833857,test
2024-11-07,0.449454545454529,Stable-Elevated,-0.426693093216662,FLAT,-0.059454545454528,0.147212121212135,test
2024-11-08,0.259126984126993,Easing-Backwardation,-0.898841522504044,FLAT,0.162388167388145,0.336314192343594,test
2024-11-09,0.259999999999991,Easing-Backwardation,-0.909479726224383,FLAT,0.133733333333339,0.311883116883109,test
2024-11-11,0.153194444444438,Easing-Backwardation,-1.17935237099629,BUY,0.269628136200737,0.434106368563704,test
2024-11-12,0.147285714285715,Easing-Backwardation,-1.19694354643401,BUY,0.340105590062095,0.369102164502152,test
2024-11-13,0.154444444444451,Easing-Backwardation,-1.189698413072,BUY,0.262135642135647,0.283496732026137,test
2024-11-14,0.153787661406028,Easing-Backwardation,-1.20756769832665,BUY,0.26954567192729,0.37767196592317,test
2024-11-15,0.105486111111105,Easing-Backwardation,-1.34136679844269,BUY,0.348644323671508,0.433119152046786,test
2024-11-16,0.0600000000000023,Easing-Backwardation,-1.46407843759519,BUY,0.36518181818181,0.361260504201681,test
2024-11-18,0.0173214285714209,Easing-Backwardation,-1.5786647841698,BUY,0.431706784594724,0.327256802721095,test
2024-11-19,0.0452417582417439,Easing-Backwardation,-1.51515126209581,BUY,0.404212787212785,0.347023199023212,test
2024-11-20,0.169331550802141,Easing-Backwardation,-1.23076569789789,BUY,0.089795433324852,0.22066844919786,test
2024-11-21,0.324453441295546,Easing-Backwardation,-0.877762838706191,FLAT,-0.064453441295555,0.097061710219592,test
2024-11-22,0.4742025862069,Easing-Backwardation,-0.538483626257953,FLAT,-0.321008141762462,-0.08046925287357,test
2024-11-23,0.494,Stable-Elevated,-0.508180435835227,FLAT,-0.346714285714285,-0.071177419354825,test
2024-11-25,0.375804195804207,Easing-Backwardation,-0.808351737537897,FLAT,-0.221359751359756,0.111587108543603,test
2024-11-26,0.331666666666678,Easing-Backwardation,-0.932356718662727,FLAT,-0.17787900526065,0.08491341991342,test
2024-11-27,0.371476190476187,Easing-Backwardation,-0.856585381214744,FLAT,-0.265990079365082,0.051857142857131,test
2024-11-28,0.333777777777783,Easing-Backwardation,-0.9684620929661,FLAT,-0.273777777777781,0.12035265700483,test
2024-11-29,0.288195488721811,Easing-Backwardation,-1.10602462599512,BUY,-0.27087406015039,0.136986329460001,test
2024-11-30,0.272857142857134,Easing-Backwardation,-1.16852741878099,BUY,-0.22761538461539,0.176171070309011,test
2024-12-02,0.252159090909089,Easing-Backwardation,-1.24275171157497,BUY,-0.082827540106948,0.19729545454544,test
2024-12-03,0.395314685314688,Easing-Backwardation,-0.900352172957289,FLAT,-0.070861244019142,-0.136187701187695,test
2024-12-04,0.367888888888871,Easing-Backwardation,-0.992128757755316,FLAT,0.106313697318029,-0.10788888888888,test
2024-12-05,0.345788113695093,Easing-Backwardation,-1.06395518547365,BUY,0.148211886304907,-0.192593669250655,test
2024-12-06,0.253222222222234,Easing-Backwardation,-1.31458515708722,BUY,0.122581973581973,-0.105936507936519,test
2024-12-07,0.222499999999997,Easing-Backwardation,-1.40300373638479,BUY,0.109166666666681,-0.068055555555546,test
2024-12-09,0.29323076923076,Easing-Backwardation,-1.22186054778183,BUY,0.078245421245427,-0.139443107824732,test
2024-12-10,0.325119047619054,Easing-Backwardation,-1.14230312402909,BUY,0.00865873015872898,-0.219632936507949,test
2024-12-11,0.40423480083858,Easing-Backwardation,-0.935055962802559,FLAT,-0.116039312116769,-0.344234800838578,test
2024-12-12,0.40326086956523,Easing-Backwardation,-0.938278173210452,FLAT,-0.130403726708096,-0.385939440993809,test
2024-12-13,0.457146892655359,Easing-Backwardation,-0.798240433522289,FLAT,-0.20498780174627,-0.411905134413615,test
2024-12-14,0.454999999999998,Easing-Backwardation,-0.804204871490096,FLAT,-0.05968531468531,-0.285668449197857,test
2024-12-16,0.425683494044236,Easing-Backwardation,-0.887737456752145,FLAT,-0.057794605155365,-0.10123005274869,test
2024-12-17,0.431218487394943,Easing-Backwardation,-0.881678861770316,FLAT,-0.08543037369985,0.042984098811957,test
2024-12-18,0.526588235294142,Easing-Backwardation,-0.633294289822903,FLAT,-0.273366013071908,-0.032588235294142,test
2024-12-19,0.790833333333339,Stable-Elevated,0.0654664770431156,FLAT,-0.568333333333342,-0.415029137529132,test
2024-12-20,0.453649193548387,Easing-Backwardation,-0.828332178604042,FLAT,-0.160418424317627,-0.121982526881709,test
2024-12-21,0.450000000000003,Easing-Backwardation,-0.839084327540301,FLAT,-0.124880952380949,-0.078523809523816,test
2024-12-23,0.446447028423776,Easing-Backwardation,-0.848905121786994,FLAT,-0.042212227585196,-0.112669250645993,test
2024-12-24,0.239743589743597,Easing-Backwardation,-1.39539925592767,BUY,0.163517279821633,0.048451898978214,test
2024-12-26,0.40410564225688,Easing-Backwardation,-0.968127836223481,FLAT,0.053041250398479,-0.131248499399746,test
2024-12-27,0.427911184210529,Easing-Backwardation,-0.90964588955131,FLAT,0.027088815789469,-0.17575209330144,test
2024-12-28,0.402499999999989,Easing-Backwardation,-0.978238016602782,FLAT,0.023183494044247,-0.00718531468530098,test
2024-12-30,0.464398382204251,Easing-Backwardation,-0.822128340417004,FLAT,-0.033179894809308,-0.09650949331538,test
2024-12-31,0.495404020496665,Easing-Backwardation,-0.746145605467973,FLAT,0.031184214797477,-0.149615906801572,test
2025-01-01,0.483999999999995,Easing-Backwardation,-0.780049416410508,FLAT,0.306833333333344,-0.230777777777761,test
2025-01-02,0.621531100478464,Stable-Elevated,-0.421930003399256,FLAT,-0.167881906930077,-0.399031100478467,test
2025-01-03,0.758018648018634,Stable-Elevated,-0.0649991194835631,FLAT,-0.308018648018631,-0.464787878787874,test
2025-01-04,0.760714285714286,Stable-Elevated,-0.0594713807309748,FLAT,-0.31426725729051,-0.435595238095232,test
2025-01-06,0.662527472527472,Stable-Elevated,-0.318533565518968,FLAT,-0.422783882783875,-0.258292671688892,test
2025-01-07,0.684752136752152,Stable-Elevated,-0.25853845039299,FLAT,-0.280646494495272,-0.281491267186922,test
2025-01-08,0.639658986175121,Stable-Elevated,-0.378123472042956,FLAT,-0.211747801964592,-0.182512093519762,test
2025-01-09,0.713275862068969,Stable-Elevated,-0.180927954045117,FLAT,-0.31077586206898,-0.258275862068971,test
2025-01-10,0.854153605015668,Stable-Elevated,0.192744262776439,FLAT,-0.389755222811417,-0.428470110971432,test
2025-01-11,0.881666666666661,Stable-Elevated,0.264178462283603,FLAT,-0.386262646169996,-0.450448179271718,test
2025-01-13,1.51614035087721,Backwardation-Deficit,1.93986451763253,SELL,-1.03214035087721,-0.989552115583068,test
2025-01-14,1.13495169082125,Backwardation-Deficit,0.929683173068798,FLAT,-0.513420590342786,-0.344118357487911,test
2025-01-15,1.31241176470589,Backwardation-Deficit,1.39982347608839,SELL,-0.554393116687256,-0.858762571157503,test
2025-01-16,0.873174603174604,Stable-Elevated,0.232399547910921,FLAT,-0.112460317460318,-0.423174603174601,test
2025-01-17,0.745833333333323,Stable-Elevated,-0.108315208662534,FLAT,-0.083305860805851,-0.299386304909547,test
2025-01-18,0.70750000000001,Stable-Elevated,-0.212238725787878,FLAT,-0.022747863247858,-0.467756410256413,test
2025-01-20,0.515454545454546,Easing-Backwardation,-0.721325679786425,FLAT,0.124204440720575,-0.111348903197666,test
2025-01-21,0.302736842105261,Easing-Backwardation,-1.28303457522869,BUY,0.410539019963708,0.125174342105268,test
2025-01-22,0.748333333333335,Stable-Elevated,-0.0940335059892594,FLAT,0.105820271682333,-0.345833333333346,test
2025-01-23,0.62079710144927,Stable-Elevated,-0.427491207429804,FLAT,0.260869565217391,-0.156398719245019,test
2025-01-24,0.683260869565231,Stable-Elevated,-0.257800156270325,FLAT,0.832879481311979,-0.187856849068566,test
2025-01-25,0.734999999999999,Stable-Elevated,-0.116303903569817,FLAT,0.399951690821251,-0.251000000000004,test
2025-01-27,0.643697478991612,Stable-Elevated,-0.35092909038254,FLAT,0.668714285714278,-0.022166378513148,test
2025-01-28,0.874868421052625,Stable-Elevated,0.264664526500397,FLAT,-0.00169381787802092,-0.116849773033991,test
2025-01-29,0.678269230769232,Stable-Elevated,-0.248384932826187,FLAT,0.0675641025640911,0.0824450549450541,test
2025-01-30,0.554120934959343,Easing-Backwardation,-0.568956419775973,FLAT,0.153379065040667,0.108406537568129,test
2025-01-31,0.555285714285731,Easing-Backwardation,-0.557053747676069,FLAT,-0.039831168831185,0.129466422466421,test
2025-02-01,0.739999999999995,Stable-Elevated,-0.0695127310049545,FLAT,-0.437263157894734,-0.100341013824874,test
2025-02-03,0.672421052631577,Stable-Elevated,-0.242726913541237,FLAT,0.0759122807017579,0.040854809437392,test
2025-02-04,0.411590909090904,Easing-Backwardation,-0.919172478555228,FLAT,0.209206192358366,0.442562695924764,test
2025-02-05,0.270098039215682,Easing-Backwardation,-1.28298411460142,BUY,0.413162830349549,0.611568627450979,test
2025-02-06,0.224117647058833,Easing-Backwardation,-1.39935787594689,BUY,0.510882352941166,1.29202270381838,test
2025-02-07,0.26615975422429,Easing-Backwardation,-1.28937199681408,BUY,0.377537724767322,0.86879193659696,test
2025-02-08,0.22999999999999,Easing-Backwardation,-1.37672553468691,BUY,0.644868421052635,1.0824117647059,test
2025-02-10,0.297124999999994,Easing-Backwardation,-1.19251570676779,BUY,0.381144230769238,0.57604960317461,test
2025-02-11,0.243904761904759,Easing-Backwardation,-1.47202068671159,BUY,0.310216173054584,0.501928571428564,test
2025-02-12,0.166230158730158,Easing-Backwardation,-1.69421827389143,BUY,0.389055555555573,0.541269841269852,test
2025-02-13,0.154523809523809,Easing-Backwardation,-1.7190875350044,BUY,0.585476190476186,0.360930735930737,test
2025-02-14,0.0301981981981925,Easing-Backwardation,-2.07838326256806,BUY,0.642222854433385,0.272538643907069,test
2025-02-15,0.0183333333333309,Easing-Backwardation,-2.09183666115261,BUY,0.393257575757573,0.730000000000004,test
2025-02-17,0.039999999999992,Easing-Backwardation,-2.00903010086999,BUY,0.23009803921569,0.580797101449278,test
2025-02-18,0.00420512820511476,Easing-Backwardation,-2.08684163177112,BUY,0.219912518853718,0.679055741360116,test
2025-02-19,0.140370370370363,Easing-Backwardation,-1.67003585203406,BUY,0.125789383853927,0.594629629629636,test
2025-02-20,0.13254901960785,Easing-Backwardation,-1.67098477571213,BUY,0.09745098039214,0.511148459383762,test
2025-02-21,0.164641548927264,Easing-Backwardation,-1.56124889028236,BUY,0.13248345107273,0.710226872125361,test
2025-02-22,0.178333333333342,Easing-Backwardation,-1.5043104023179,BUY,0.065571428571417,0.49993589743589,test
2025-02-24,0.246877470355742,Easing-Backwardation,-1.29707885393734,BUY,-0.080647311625584,0.307243464603601,test
2025-02-25,0.233785714285716,Easing-Backwardation,-1.31745953765326,BUY,-0.079261904761907,0.321500000000015,test
2025-02-26,0.276305882352943,Easing-Backwardation,-1.18637459204875,BUY,-0.246107684154751,0.463694117647052,test
2025-02-27,0.418447293447272,Easing-Backwardation,-0.789560070798257,FLAT,-0.400113960113941,0.253973759184305,test
2025-02-28,0.437899999999985,Easing-Backwardation,-0.732969100332369,FLAT,-0.397899999999993,-0.026309090909081,test
2025-03-01,0.412500000000009,Easing-Backwardation,-0.802115300647888,FLAT,-0.408294871794894,-0.142401960784327,test
2025-03-03,0.314354066985644,Easing-Backwardation,-1.07270830992052,BUY,-0.173983696615281,-0.090236419926811,test
2025-03-04,0.533653846153854,Stable-Elevated,-0.471666782291259,FLAT,-0.401104826546004,-0.267494091929564,test
2025-03-05,0.426858974358979,Easing-Backwardation,-0.759519268672268,FLAT,-0.262217425431715,-0.196858974358989,test
2025-03-06,0.374444444444436,Easing-Backwardation,-0.902087397759019,FLAT,-0.196111111111094,-0.077319444444442,test
2025-03-07,0.302787878787896,Easing-Backwardation,-1.09316772297455,BUY,-0.055910408432154,-0.058883116883137,test
2025-03-08,0.274999999999991,Easing-Backwardation,-1.16248373633629,BUY,-0.041214285714275,-0.108769841269833,test
2025-03-10,0.35566666666665,Easing-Backwardation,-0.937363036021466,FLAT,-0.079360784313707,-0.201142857142841,test
2025-03-11,0.334974789915947,Easing-Backwardation,-0.994277558722563,FLAT,0.083472503531325,-0.304776591717755,test
2025-03-12,0.295858585858582,Easing-Backwardation,-1.0979636281609,BUY,0.142041414141403,-0.277525252525251,test
2025-03-13,0.290931372549025,Easing-Backwardation,-1.10672435281444,BUY,0.121568627450984,-0.250931372549033,test
2025-03-14,0.283571428571435,Easing-Backwardation,-1.12462517207365,BUY,0.030782638414209,-0.27936630036632,test
2025-03-15,0.277499999999989,Easing-Backwardation,-1.13498953397843,BUY,0.256153846153865,-0.137129629629626,test
2025-03-17,0.201497326203196,Easing-Backwardation,-1.33094863339992,BUY,0.225361648155783,-0.068948306595346,test
2025-03-18,0.125402298850574,Easing-Backwardation,-1.52865740285575,BUY,0.249042145593862,0.03923925007669,test
2025-03-19,0.216764705882355,Easing-Backwardation,-1.28228136976051,BUY,0.086023172905541,-0.038431372549013,test
2025-03-20,0.262555178268244,Easing-Backwardation,-1.15745158557374,BUY,0.012444821731747,-0.015677707912502,test
2025-03-21,0.37843434343435,Easing-Backwardation,-0.846875011906753,FLAT,-0.0227676767677,-0.144648629148634,test
2025-03-22,0.390000000000001,Easing-Backwardation,-0.818022862336808,FLAT,-0.055025210084054,-0.113694117647058,test
2025-03-24,0.463673469387757,Easing-Backwardation,-0.624886301968581,FLAT,-0.167814883529175,-0.045226175940485,test
2025-03-25,0.43469841269841,Easing-Backwardation,-0.717891360068711,FLAT,-0.143767040149385,0.00320158730157505,test
2025-03-26,0.436054421768716,Easing-Backwardation,-0.723301293940555,FLAT,-0.152482993197281,-0.023554421768707,test
2025-03-27,0.413518518518515,Easing-Backwardation,-0.793876471514701,FLAT,-0.136018518518526,-0.099164451532871,test
2025-03-28,0.444849354375904,Easing-Backwardation,-0.719665147823731,FLAT,-0.243352028172708,0.08880449177795,test
2025-03-29,0.463333333333338,Easing-Backwardation,-0.673070604577277,FLAT,-0.337931034482764,-0.036474358974359,test
2025-03-31,0.544978826376294,Stable-Elevated,-0.451714359379929,FLAT,-0.328214120493939,-0.170534381931858,test
2025-04-01,0.486990740740751,Easing-Backwardation,-0.615991236058346,FLAT,-0.224435562472507,-0.184202861952855,test
2025-04-02,0.507231182795707,Easing-Backwardation,-0.55507015134447,FLAT,-0.128796839361357,-0.232231182795716,test
2025-04-03,0.485127272727269,Easing-Backwardation,-0.617093350540951,FLAT,-0.095127272727268,-0.129460606060619,test
2025-04-04,0.334666666666671,Easing-Backwardation,-1.03522730022109,BUY,0.129006802721086,0.000308123249275982,test
2025-04-05,0.343947368421048,Easing-Backwardation,-1.0119991369764,BUY,0.090751044277362,-0.048088782562466,test
2025-04-07,0.263516483516483,Easing-Backwardation,-1.2367502954896,BUY,0.172537938252233,0.027414889032542,test
2025-04-08,0.432285714285712,Easing-Backwardation,-0.77098581045188,FLAT,-0.018767195767197,-0.148714285714277,test
2025-04-09,0.572000000000003,Stable-Elevated,-0.380335228743789,FLAT,-0.127150645624099,-0.294500000000014,test
2025-04-10,0.46824175824176,Easing-Backwardation,-0.664706972187126,FLAT,-0.00490842490842203,-0.266744432038564,test
2025-04-11,0.607056451612905,Stable-Elevated,-0.273113321787685,FLAT,-0.062077625236611,-0.481654152762331,test
2025-04-12,0.580000000000005,Stable-Elevated,-0.345649739659268,FLAT,-0.093009259259254,-0.36323529411765,test
2025-04-14,0.485389610389611,Easing-Backwardation,-0.609290692767288,FLAT,0.021841572406096,-0.222834432121367,test
2025-04-15,0.574188034188047,Stable-Elevated,-0.359893665247342,FLAT,-0.089060761460778,-0.195753690753697,test
2025-04-16,0.674000000000007,Stable-Elevated,-0.0781732734335262,FLAT,-0.339333333333336,-0.284000000000006,test
2025-04-17,0.674444444444447,Stable-Elevated,-0.0763616574738279,FLAT,-0.330497076023399,-0.21077097505669,test
2025-04-18,0.992888888888899,Backwardation-Deficit,0.812891630172089,FLAT,-0.729372405372416,-0.558190476190489,test
2025-04-21,0.65158102766798,Stable-Elevated,-0.141273378840963,FLAT,-0.219295313382268,-0.215526605899264,test
2025-04-22,0.676883116883111,Stable-Elevated,-0.0796054819493173,FLAT,-0.104883116883108,-0.263364598364596,test
2025-04-23,0.67711111111111,Stable-Elevated,-0.082633554898612,FLAT,-0.20886935286935,-0.232261756735206,test
2025-04-24,0.656625000000005,Stable-Elevated,-0.14258493973824,FLAT,-0.0495685483871,-0.193291666666667,test
2025-04-25,0.713131868131882,Stable-Elevated,0.0126127934824368,FLAT,-0.133131868131877,-0.168153041755588,test
2025-04-26,0.726000000000006,Stable-Elevated,0.0496683088109481,FLAT,-0.240610389610395,-0.239009259259255,test
2025-04-28,0.67433333333333,Stable-Elevated,-0.0897953403839864,FLAT,-0.100145299145283,-0.167102150537623,test
2025-04-29,0.574875000000006,Stable-Elevated,-0.357063447275502,FLAT,0.099125000000001,-0.089747727272737,test
2025-04-30,0.582525252525251,Stable-Elevated,-0.326813786208339,FLAT,0.091919191919196,-0.24785858585858,test
2025-05-01,0.56090185676392,Stable-Elevated,-0.384981630363919,FLAT,0.431987032124979,-0.216954488342872,test
2025-05-02,0.449612903225813,Easing-Backwardation,-0.684862029340823,FLAT,0.201968124442167,-0.18609641970933,test
2025-05-03,0.439999999999998,Easing-Backwardation,-0.707113912776335,FLAT,0.236883116883113,-0.00771428571428601,test
2025-05-05,0.374761904761904,Easing-Backwardation,-0.884118949481887,FLAT,0.302349206349206,0.197238095238099,test
2025-05-06,0.413765948963324,Easing-Backwardation,-0.77169558675956,FLAT,0.242859051036681,0.054475809278436,test
2025-05-07,0.369761904761916,Easing-Backwardation,-0.893331294807932,FLAT,0.343369963369966,0.237294546850989,test
2025-05-08,0.404782608695662,Easing-Backwardation,-0.791630704355664,FLAT,0.321217391304344,0.175217391304343,test
2025-05-09,0.455652173913059,Easing-Backwardation,-0.642440725042306,FLAT,0.218681159420271,0.029737436476552,test
2025-05-10,0.463333333333331,Easing-Backwardation,-0.614323550740203,FLAT,0.111541666666675,0.110854700854716,test
2025-05-12,0.410476190476196,Easing-Backwardation,-0.76479858557538,FLAT,0.172049062049055,0.263523809523811,test
2025-05-13,0.466425438596495,Easing-Backwardation,-0.598872156620795,FLAT,0.094476418167425,0.208019005847952,test
2025-05-14,0.465804347826087,Easing-Backwardation,-0.594655972275347,FLAT,-0.016191444600274,0.527084541062812,test
2025-05-15,0.473356643356638,Easing-Backwardation,-0.560328243179171,FLAT,-0.03335664335664,0.178224384311342,test
2025-05-16,0.551826086956524,Stable-Elevated,-0.299458442073213,FLAT,-0.17706418219462,0.125057029926587,test
2025-05-17,-0.0600000000000023,Deep-Contango,-2.1971242353926,BUY,0.473765948963326,0.737111111111112,test
2025-05-19,0.568999999999996,Stable-Elevated,-0.214449236032462,FLAT,-0.19923809523808,0.0876250000000091,test
2025-05-20,0.522252747252757,Stable-Elevated,-0.346785392672596,FLAT,-0.117470138557095,0.190879120879125,test
2025-05-21,0.542615384615388,Stable-Elevated,-0.266971084312507,FLAT,-0.0869632107023291,0.183384615384618,test
2025-05-22,0.562002457002457,Stable-Elevated,-0.189130660216263,FLAT,-0.098669123669126,0.112330876330873,test
2025-05-23,0.599722222222212,Stable-Elevated,-0.0564684311891127,FLAT,-0.189246031746016,-0.024847222222206,test
2025-05-24,0.598333333333329,Stable-Elevated,-0.0407070920881974,FLAT,-0.131907894736834,-0.0158080808080781,test
2025-05-26,0.620555555555555,Stable-Elevated,0.0462658673410093,FLAT,-0.154751207729468,-0.059653698791635,test
2025-05-27,0.563592471358426,Stable-Elevated,-0.113532562062281,FLAT,-0.090235828001788,-0.113979568132613,test
2025-05-28,0.630424242424255,Stable-Elevated,0.107925998003535,FLAT,-0.078598155467731,-0.190424242424257,test
2025-05-29,0.730950226244346,Stable-Elevated,0.425519236206077,FLAT,-0.790950226244348,-0.356188321482442,test
2025-05-30,1.02375,Backwardation-Deficit,1.32744724151478,SELL,-0.454750000000004,-0.609984051036676,test
2025-05-31,1.45,Backwardation-Deficit,2.64722157413513,SELL,-0.927747252747243,-1.08023809523808,test
2025-06-02,0.984785714285721,Backwardation-Deficit,1.25312672075232,SELL,-0.442170329670333,-0.580003105590059,test
2025-06-03,0.914999999999999,Backwardation-Deficit,1.07062043288238,SELL,-0.352997542997542,-0.45934782608694,test
2025-06-04,0.939738562091499,Backwardation-Deficit,1.18488775325404,SELL,-0.340016339869287,-0.476405228758168,test
2025-06-05,0.9071277997365,Backwardation-Deficit,1.14574794461899,SELL,-0.308794466403171,-0.496651609260304,test
2025-06-06,0.962397515527954,Backwardation-Deficit,1.39043935674919,SELL,-0.341841959972399,-0.495972076931459,test
2025-06-07,0.893000000000008,Backwardation-Deficit,1.1908379053299,SELL,-0.329407528641582,-0.427195652173921,test
2025-06-08,0.893000000000008,Backwardation-Deficit,1.22126000127613,SELL,-0.262575757575753,-0.41964335664337,test
2025-06-09,1.08368421052631,Backwardation-Deficit,1.91598184199671,SELL,-0.352733984281964,-0.531858123569786,test
2025-06-10,1.09404761904761,Backwardation-Deficit,1.96533467437995,SELL,-0.0702976190476101,-1.15404761904761,test
2025-06-11,1.289125,Easing-Backwardation,2.65343517440249,SELL,0.160875,-0.720125000000004,test
2025-06-12,1.3635294117647,Deep-Backwardation,2.92634407209092,SELL,-0.378743697478979,-0.841276664511943,test
2025-06-13,1.73875,Deep-Backwardation,4.24063583659241,SELL,-0.823750000000001,-1.19613461538461,test
2025-06-14,1.761,Deep-Backwardation,4.32663003974047,SELL,-0.821261437908501,-1.19899754299754,test
2025-06-16,1.45746031746032,Deep-Backwardation,3.29202387581938,SELL,-0.55033251772382,-0.857738095238108,test
2025-06-17,1.66196969696971,Deep-Backwardation,4.04050262975527,SELL,-0.699572181441756,-1.06363636363638,test
2025-06-18,1.6711111111111,Deep-Backwardation,4.16072864189908,SELL,-0.778111111111092,-1.05055555555554,test
2025-06-19,2.39,Deep-Backwardation,6.84288615154851,SELL,-1.49699999999999,-1.82640752864157,test
2025-06-20,1.42329365079367,Deep-Backwardation,3.39308620090893,SELL,-0.33960944026736,-0.792869408369415,test
2025-06-23,1.23124999999999,Deep-Backwardation,2.75668084663891,SELL,-0.13720238095238,-0.500299773755644,test
2025-06-24,1.22375000000001,Deep-Backwardation,2.75246350949113,SELL,0.06537499999999,-0.20000000000001,test
2025-06-25,1.49782258064516,Deep-Backwardation,3.8077607487806,SELL,-0.13429316888046,-0.04782258064516,test
2025-06-26,1.42282828282828,Deep-Backwardation,3.58079865862688,SELL,0.31592171717172,-0.438042568542559,test
2025-06-27,1.42555555555555,Deep-Backwardation,3.60448178312783,SELL,0.33544444444445,-0.510555555555551,test
2025-06-28,1.41999999999999,Deep-Backwardation,3.59288489762374,SELL,0.0374603174603301,-0.480261437908491,test
2025-06-30,1.23872727272727,Deep-Backwardation,2.90925058776644,SELL,0.42324242424244,-0.33159947299077,test
2025-07-01,1.32345849802371,Deep-Backwardation,3.24745644094554,SELL,0.34765261308739,-0.361060982495756,test
2025-07-02,1.44123152709359,Deep-Backwardation,3.7149172476889,SELL,0.94876847290641,-0.548231527093582,test
2025-07-03,1.41745098039215,Deep-Backwardation,3.65006353095852,SELL,0.00584267040151998,-0.524450980392142,test
2025-07-04,1.205,Deep-Backwardation,2.83879963933049,SELL,0.0262499999999899,-0.12131578947369,test
2025-07-07,1.46326086956522,Deep-Backwardation,3.85012069828013,SELL,-0.23951086956521,-0.36921325051761,test
2025-07-08,1.34455072463769,Deep-Backwardation,3.42283339769411,SELL,0.15327185600747,-0.0554257246376899,test
2025-07-09,1.39301282051284,Deep-Backwardation,3.6574770345415,SELL,0.0298154623154401,-0.0294834087481399,test
2025-07-10,1.25740384615385,Deep-Backwardation,3.17191580886139,SELL,0.1681517094017,0.48134615384615,test
2025-07-11,1.39370833333334,Deep-Backwardation,3.82239512844336,SELL,0.02629166666665,0.36729166666666,test
2025-07-12,1.401,Deep-Backwardation,3.99676067423626,SELL,-0.16227272727273,0.05646031746032,test
2025-07-14,1.17335384615384,Deep-Backwardation,3.09409912199511,SELL,0.15010465186987,0.48861585081587,test
2025-07-15,1.1743956043956,Deep-Backwardation,3.15075839377752,SELL,0.26683592269799,0.4967155067155,test
2025-07-16,1.26623931623931,Deep-Backwardation,3.60861048579247,SELL,0.15121166415284,1.12376068376069,test
2025-07-17,1.31210361067504,Deep-Backwardation,3.84256676561857,SELL,-0.10710361067504,0.11119004011863,test
2025-07-18,1.29174447174448,Deep-Backwardation,3.76975930176881,SELL,0.17151639782074,-0.06049447174449,test
2025-07-19,1.44166666666665,Deep-Backwardation,4.43759350422914,SELL,-0.09711594202896,-0.21791666666664,test
2025-07-21,1.27211428571428,Deep-Backwardation,3.68032007147903,SELL,0.12089853479856,0.22570829493088,test
2025-07-22,1.05982078853046,Easing-Backwardation,2.73921863474375,SELL,0.19758305762339,0.36300749429782,test
2025-07-23,0.795757575757563,Easing-Backwardation,1.57602096365103,SELL,0.597950757575777,0.629797979797987,test
2025-07-24,0.915980148883364,Easing-Backwardation,2.09962221429894,SELL,0.485019851116636,0.504019851116626,test
2025-07-25,0.832166666666666,Easing-Backwardation,1.71938556254459,SELL,0.341187179487174,0.406560606060604,test
2025-07-26,0.780555555555566,Easing-Backwardation,1.48383270582575,SELL,0.393840048840034,0.542902942468144,test
2025-07-28,0.834338235294112,Easing-Backwardation,1.68054776181022,SELL,0.431901080945198,0.606893291799478,test
2025-07-29,0.935353535353542,Easing-Backwardation,2.1185565655234,SELL,0.376750075321498,0.482097445038608,test
2025-07-30,1.17019851116625,Deep-Backwardation,3.12949136292526,SELL,0.12154596057823,0.03480148883375,test
2025-07-31,1.06298913043479,Easing-Backwardation,2.66969993258636,SELL,0.37867753623186,0.40027173913043,test
2025-08-01,1.1818206521739,Deep-Backwardation,3.175637789981,SELL,0.0902936335403799,0.16273007246379,test
2025-08-02,1.17,Deep-Backwardation,3.12412694167704,SELL,-0.11017921146954,0.22301282051284,test
2025-08-04,0.986916666666659,Backwardation-Deficit,2.33893831421294,SELL,-0.191159090909096,0.270487179487191,test
2025-08-05,0.964552845528473,Backwardation-Deficit,2.24738200652636,SELL,-0.048572696645109,0.429155487804867,test
2025-08-06,0.934473684210523,Backwardation-Deficit,2.12393721750541,SELL,-0.102307017543857,0.466526315789477,test
2025-08-07,0.838051948051941,Backwardation-Deficit,1.70742448861477,SELL,-0.0574963924963751,0.335301898101899,test
2025-08-08,0.863732057416264,Backwardation-Deficit,1.82042303670966,SELL,-0.029393822122152,0.310663546979336,test
2025-08-09,0.854999999999997,Easing-Backwardation,1.78742088958425,SELL,0.0803535353535451,0.411239316239313,test
2025-08-11,0.858766157461801,Easing-Backwardation,1.80969109180004,SELL,0.311432353704449,0.453337453213239,test
2025-08-12,0.705842105263166,Easing-Backwardation,1.14973493350839,SELL,0.357147025171624,0.585902366481314,test
2025-08-13,0.717699999999994,Easing-Backwardation,1.20177714112085,SELL,0.464120652173906,0.723966666666656,test
2025-08-14,0.910485829959526,Easing-Backwardation,2.043052656763,SELL,0.259514170040474,0.361628455754754,test
2025-08-15,0.835178571428578,Easing-Backwardation,1.72044430025955,SELL,0.151738095238081,0.224642217101882,test
2025-08-16,0.856666666666669,Easing-Backwardation,1.81288406948661,SELL,0.107886178861804,-0.060909090909106,test
2025-08-18,0.717955182072828,Easing-Backwardation,1.20795835490526,SELL,0.216518502137695,0.198024966810536,test
2025-08-19,0.552408602150528,Stable-Elevated,0.488202185479762,FLAT,0.285643345901413,0.279758064516138,test
2025-08-20,0.478557692307696,Stable-Elevated,0.165324132692524,FLAT,0.385174365108568,0.30199786324787,test
2025-08-21,0.414812500000004,Stable-Elevated,-0.112852960807405,FLAT,0.440187499999993,0.419525735294108,test
2025-08-22,0.436470588235302,Stable-Elevated,-0.0207906442275945,FLAT,0.422295569226499,0.49888294711824,test
2025-08-23,0.432857142857138,Stable-Elevated,-0.0398061012313667,FLAT,0.272984962406028,0.737341368309112,test
2025-08-25,0.476124542124552,Stable-Elevated,0.160040020084639,FLAT,0.241575457875442,0.586864588310238,test
2025-08-26,0.473749999999996,Stable-Elevated,0.145851130148997,FLAT,0.43673582995953,0.708070652173904,test
2025-08-27,0.547294117647063,Stable-Elevated,0.457922880943981,FLAT,0.287884453781515,0.622705882352937,test
2025-08-28,0.544150000000002,Stable-Elevated,0.441970197588827,FLAT,0.312516666666667,0.442766666666657,test
2025-08-29,0.547878787878787,Stable-Elevated,0.454075499162568,FLAT,0.170076394194041,0.416674057649686,test
2025-08-30,0.544999999999988,Stable-Elevated,0.437350680347241,FLAT,0.00740860215053996,0.389473684210535,test
2025-09-01,0.512608695652176,Stable-Elevated,0.294976554832548,FLAT,-0.03405100334448,0.325443252399765,test
2025-09-02,0.523333333333326,Stable-Elevated,0.331568831204082,FLAT,-0.108520833333322,0.340398724082938,test
2025-09-03,0.415422077922081,Stable-Elevated,-0.136199221358114,FLAT,0.021048510313221,0.439577922077916,test
2025-09-04,0.462831661092537,Stable-Elevated,0.054128814394147,FLAT,-0.029974518235399,0.395934496369264,test
2025-09-05,0.414481981981993,Stable-Elevated,-0.167789781747551,FLAT,0.061642560142559,0.291360123281173,test
2025-09-06,0.471666666666664,Stable-Elevated,0.0542870949481325,FLAT,0.00208333333333199,0.24603333333333,test
2025-09-08,0.395111111111106,Stable-Elevated,-0.288855206353927,FLAT,0.152183006535957,0.51537471884842,test
2025-09-09,0.346925925925923,Stable-Elevated,-0.501587202481802,FLAT,0.197224074074079,0.488252645502655,test
2025-09-10,0.327696969696973,Easing-Backwardation,-0.598630619991803,FLAT,0.220181818181814,0.528969696969696,test
2025-09-11,0.28368102796675,Easing-Backwardation,-0.797376130225563,FLAT,0.261318972033238,0.434274154106078,test
2025-09-12,0.263499288762453,Easing-Backwardation,-0.899616418945375,FLAT,0.249109406889723,0.288909313388075,test
2025-09-13,0.284227642276413,Easing-Backwardation,-0.830503060427492,FLAT,0.239105691056913,0.194330050031283,test
2025-09-15,0.287584541062806,Easing-Backwardation,-0.825482806720809,FLAT,0.127837536859275,0.127227958937198,test
2025-09-16,0.36264102564104,Easing-Backwardation,-0.53359696808307,FLAT,0.100190635451497,0.073829562594262,test
2025-09-17,0.344677419354838,Easing-Backwardation,-0.608628327377144,FLAT,0.069804562627155,0.0881797235023,test
2025-09-18,0.316699999999997,Easing-Backwardation,-0.722987354897034,FLAT,0.154966666666667,0.159424542124555,test
2025-09-19,0.345238095238102,Easing-Backwardation,-0.620226153971348,FLAT,0.049873015873004,0.128511904761894,test
2025-09-20,-0.195000000000007,Deep-Contango,-2.58244398857701,BUY,0.54192592592593,0.74229411764707,test
2025-09-22,0.396487804878042,Stable-Elevated,-0.444266456544512,FLAT,-0.0687908351810691,0.14766219512196,test
2025-09-23,0.473621794871797,Stable-Elevated,-0.199452004533635,FLAT,-0.189940766905047,0.07425699300699,test
2025-09-24,0.584934640522874,Stable-Elevated,0.138141856400524,FLAT,-0.321435351760421,-0.039934640522886,test
2025-09-25,0.634756258234518,Stable-Elevated,0.261308078365969,FLAT,-0.350528615958105,-0.122147562582342,test
2025-09-26,0.551325757575768,Stable-Elevated,-0.0188495473380343,FLAT,-0.263741216512962,-0.027992424242442,test
2025-09-27,0.540000000000006,Stable-Elevated,-0.0816511520271307,FLAT,-0.177358974358966,-0.124577922077925,test
2025-09-29,0.458707664884138,Stable-Elevated,-0.318116523875631,FLAT,-0.1140302455293,0.00412399620839898,test
2025-09-30,0.414347826086946,Stable-Elevated,-0.450951530421466,FLAT,-0.097647826086949,0.000134155895047006,test
2025-10-01,0.393392156862753,Stable-Elevated,-0.520271440616534,FLAT,-0.048154061624651,0.078274509803911,test
2025-10-02,0.335416666666667,Easing-Backwardation,-0.683893276707212,FLAT,-0.530416666666674,0.059694444444439,test
2025-10-03,0.33464285714286,Easing-Backwardation,-0.694466030195862,FLAT,0.061844947735182,0.012283068783063,test
2025-10-04,0.310000000000002,Easing-Backwardation,-0.764634660171598,FLAT,0.163621794871795,0.017696969696971,test
2025-10-06,0.351166666666678,Easing-Backwardation,-0.666422318022057,FLAT,0.233767973856196,-0.067485638699928,test
2025-10-07,0.445166666666673,Stable-Elevated,-0.436587734512495,FLAT,0.189589591567845,-0.18166737790422,test
2025-10-08,0.516621499548336,Stable-Elevated,-0.267141284208566,FLAT,0.0347042580274319,-0.232393857271923,test
2025-10-09,0.473619047619046,Stable-Elevated,-0.385232578670441,FLAT,0.06638095238096,-0.18603450655624,test
2025-10-10,0.433571428571433,Stable-Elevated,-0.493491657822133,FLAT,0.025136236312705,-0.070930402930393,test
2025-10-11,0.340000000000011,Easing-Backwardation,-0.728074519378937,FLAT,0.074347826086935,0.00467741935482696,test
2025-10-13,0.417962441314558,Easing-Backwardation,-0.542045499160874,FLAT,-0.024570284451805,-0.101262441314561,test
2025-10-14,0.407333333333341,Easing-Backwardation,-0.575865867579509,FLAT,-0.071916666666674,-0.062095238095239,test
2025-10-15,0.431130434782602,Stable-Elevated,-0.527941319361753,FLAT,-0.096487577639742,-0.626130434782609,test
2025-10-16,0.476823529411767,Stable-Elevated,-0.429045968360169,FLAT,-0.166823529411765,-0.080335724533725,test
2025-10-17,0.383618421052624,Easing-Backwardation,-0.66055093748781,FLAT,-0.032451754385946,0.090003373819173,test
2025-10-18,0.401801242236026,Easing-Backwardation,-0.627146998748578,FLAT,0.043365424430647,0.183133398286848,test
2025-10-20,0.511986062717767,Stable-Elevated,-0.380578763164069,FLAT,0.004635436830569,0.122770195516751,test
2025-10-21,0.572996632996635,Stable-Elevated,-0.249371692324379,FLAT,-0.099377585377589,-0.021670875420867,test
2025-10-22,0.238288770053472,Easing-Backwardation,-1.02794688640764,BUY,0.195282658517961,0.301711229946534,test
2025-10-23,0.639636363636363,Stable-Elevated,-0.116642059689939,FLAT,-0.299636363636352,-0.180928698752225,test
2025-10-24,0.542142857142856,Stable-Elevated,-0.348605704149073,FLAT,-0.124180415828298,-0.12779503105591,test
2025-10-25,0.540000000000006,Stable-Elevated,-0.361525045755376,FLAT,-0.132666666666665,-0.146607843137253,test
2025-10-27,0.5256052631579,Stable-Elevated,-0.398919451220352,FLAT,-0.094474828375298,-0.190188596491233,test
2025-10-28,0.36293906810036,Easing-Backwardation,-0.766361138991416,FLAT,0.113884461311407,-0.0282962109575,test
2025-10-29,0.343896103896107,Easing-Backwardation,-0.810695783170242,FLAT,0.039722317156517,-0.033896103896105,test
2025-10-30,0.372111111111117,Easing-Backwardation,-0.750124978122948,FLAT,0.029690131124909,-0.020944444444439,test
2025-10-31,0.365800865800871,Easing-Backwardation,-0.766682530929805,FLAT,0.146185196916896,0.079365800865802,test
2025-11-01,0.306666666666665,Easing-Backwardation,-0.899785108542831,FLAT,0.26632996632997,0.209954832881671,test
2025-11-03,0.298802206461787,Easing-Backwardation,-0.917185475629412,FLAT,-0.060513436408315,0.174816841157259,test
2025-11-04,0.273232323232328,Easing-Backwardation,-0.97478441273698,FLAT,0.366404040404035,0.160339105339105,test
2025-11-05,0.204712643678164,Easing-Backwardation,-1.13086488526259,BUY,0.337430213464692,0.135287356321847,test
2025-11-06,0.133076923076928,Easing-Backwardation,-1.29226126057693,BUY,0.406923076923078,0.28488551823763,test
2025-11-07,0.135904139433549,Easing-Backwardation,-1.28690596940455,BUY,0.389701123724351,0.271429193899792,test
2025-11-08,0.14928571428571,Easing-Backwardation,-1.25710136855031,BUY,0.21365335381465,0.281844720496892,test
2025-11-10,0.103714285714275,Easing-Backwardation,-1.36135831264698,BUY,0.240181818181832,0.373109243697492,test
2025-11-11,0.0613104013104007,Easing-Backwardation,-1.45872480129306,BUY,0.310800709800716,0.322308019742223,test
2025-11-12,0.00338259441708289,Easing-Backwardation,-1.59420371252845,BUY,0.362418271383788,0.398418647818943,test
2025-11-13,0.0562523719165071,Easing-Backwardation,-1.48607655106819,BUY,0.250414294750158,0.45573369080126,test
2025-11-14,0.126184210526318,Easing-Backwardation,-1.32975677246403,BUY,0.172617995935469,0.446812422470317,test
2025-11-15,0.136666666666663,Easing-Backwardation,-1.30911284121038,BUY,0.136565656565665,0.101622103386809,test
2025-11-17,0.0670449172576824,Easing-Backwardation,-1.46773705456334,BUY,0.137667726420482,0.572591446378681,test
2025-11-18,0.0757638888888792,Easing-Backwardation,-1.44773179473688,BUY,0.0573130341880488,0.466378968253977,test
2025-11-19,0.182121212121217,Easing-Backwardation,-1.20954229492776,BUY,-0.046217072687668,0.357878787878789,test
2025-11-20,0.264499999999998,Easing-Backwardation,-1.02447385031654,BUY,-0.115214285714288,0.261105263157902,test
2025-11-21,0.243424242424254,Easing-Backwardation,-1.07380144838199,BUY,-0.139709956709979,0.119514825676106,test
2025-11-22,0.259999999999998,Easing-Backwardation,-1.04072543038195,BUY,-0.198689598689597,0.083896103896109,test
2025-11-24,0.261916666666657,Easing-Backwardation,-1.039035085181,BUY,-0.258534072249574,0.11019444444446,test
2025-11-25,0.206219758064506,Easing-Backwardation,-1.1613610824855,BUY,-0.149967386147999,0.159581107736365,test
2025-11-26,0.201943573667705,Easing-Backwardation,-1.16738096343557,BUY,-0.075759363141387,0.10472309299896,test
2025-11-27,0.277835497835497,Easing-Backwardation,-0.996879580673652,FLAT,-0.141168831168834,0.02096670862629,test
2025-11-28,0.278238636363639,Easing-Backwardation,-1.0000561681456,BUY,-0.211193719105957,-0.005006313131311,test
2025-11-29,0.423333333333332,Easing-Backwardation,-0.677820175696975,FLAT,-0.347569444444453,-0.218620689655168,test
2025-12-01,0.263596491228078,Easing-Backwardation,-1.04361052169384,BUY,-0.081475279106861,-0.13051956815115,test
2025-12-02,0.275897435897434,Easing-Backwardation,-1.02191844763889,BUY,-0.011397435897436,-0.139993296463885,test
2025-12-03,0.284581260364838,Easing-Backwardation,-1.00796621026048,BUY,-0.041157017940584,-0.135295546079128,test
2025-12-04,0.364330637915543,Easing-Backwardation,-0.833252507107962,FLAT,-0.104330637915545,-0.260616352201268,test
2025-12-05,0.327826086956534,Easing-Backwardation,-0.925841876701076,FLAT,-0.065909420289877,-0.266515685646133,test
2025-12-06,0.303333333333327,Easing-Backwardation,-0.991975836270261,FLAT,-0.097113575268821,-0.299950738916244,test
2025-12-08,0.25540322580644,Easing-Backwardation,-1.11691474057032,BUY,-0.053459652138735,-0.199150853889933,test
2025-12-09,0.163559322033883,Easing-Backwardation,-1.34716143279394,BUY,0.114276175801614,-0.037375111507565,test
2025-12-10,0.166825396825416,Easing-Backwardation,-1.35330853426439,BUY,0.111413239538223,-0.030158730158753,test
2025-12-11,0.146924342105258,Easing-Backwardation,-1.41755738553638,BUY,0.276408991228074,-0.0798794248475756,test
2025-12-12,0.205517723880597,Easing-Backwardation,-1.28812257022539,BUY,0.058078767347481,-0.129753834991718,test
2025-12-13,0.150476190476191,Easing-Backwardation,-1.43131089391139,BUY,0.125421245421243,0.031645021645026,test
2025-12-15,0.144978260869564,Easing-Backwardation,-1.45314924682157,BUY,0.139602999495274,0.119521739130434,test
2025-12-16,0.134356609573999,Easing-Backwardation,-1.48529563309813,BUY,0.229974028341544,0.109067632850255,test
2025-12-17,0.122461348175634,Easing-Backwardation,-1.51708240821107,BUY,0.2053647387809,0.137538651824364,test
2025-12-18,0.212769080234828,Easing-Backwardation,-1.30111699010646,BUY,0.090564253098499,0.049147586431829,test
2025-12-19,0.18092982456141,Easing-Backwardation,-1.37748958486149,BUY,0.07447340124503,0.025289933503096,test
2025-12-20,0.168999999999997,Easing-Backwardation,-1.40172948370746,BUY,-0.00544067796611403,0.032943573667708,test
2025-12-22,0.165333333333329,Easing-Backwardation,-1.40556307859455,BUY,0.001492063492087,0.112502164502168,test
2025-12-23,0.23577572964669,Easing-Backwardation,-1.23474175185552,BUY,-0.088851387541432,0.042462906716949,test
2025-12-24,0.211666666666673,Easing-Backwardation,-1.29366485453904,BUY,-0.006148942786076,0.211666666666659,test
2025-12-26,0.183280481137231,Easing-Backwardation,-1.35549316605812,BUY,-0.03280429066104,0.080316010090847,test
2025-12-27,-0.366666666666667,Deep-Contango,-2.67018160309908,BUY,0.511644927536231,0.642564102564101,test
2025-12-29,0.227070707070695,Easing-Backwardation,-1.22431798176204,BUY,-0.092714097496696,0.057510553294143,test
2025-12-30,0.21484962406015,Easing-Backwardation,-1.25609952057132,BUY,-0.092388275884516,0.149481013855393,test
2025-12-31,0.215621840242683,Easing-Backwardation,-1.26019727207384,BUY,-0.002852760007855,0.112204246713851,test
2026-01-01,0.204999999999998,Easing-Backwardation,-1.2914204225587,BUY,-0.024070175438588,0.098333333333329,test
2026-01-02,0.203166666666682,Easing-Backwardation,-1.30352600053418,BUY,-0.034166666666685,0.052236559139758,test
2026-01-03,0.113333333333337,Easing-Backwardation,-1.52578240378275,BUY,0.051999999999992,0.050225988700546,test
2026-01-05,0.235265265265269,Easing-Backwardation,-1.24121828528549,BUY,0.000510464381420994,-0.068439868439853,test
2026-01-06,0.206013902681228,Easing-Backwardation,-1.31693489362101,BUY,0.00565276398544501,-0.05908956057597,test
2026-01-07,0.0945019157088254,Easing-Backwardation,-1.59011368355504,BUY,0.0887785654284056,0.111015808171772,test
2026-01-08,0.145475923852189,Easing-Backwardation,-1.47456342703997,BUY,-0.512142590518856,0.00500026662400202,test
2026-01-09,0.206825817860292,Easing-Backwardation,-1.33448704736614,BUY,0.020244889210403,-0.061847556990728,test
2026-01-10,0.133809523809525,Easing-Backwardation,-1.5163663870993,BUY,0.081040100250625,0.000547085764474015,test
2026-01-12,0.184371482176353,Easing-Backwardation,-1.39524617004567,BUY,0.03125035806633,-0.061910134000719,test
2026-01-13,0.242833333333344,Easing-Backwardation,-1.25214778913073,BUY,-0.037833333333346,-0.030064253098516,test
2026-01-14,0.16688259109312,Easing-Backwardation,-1.43860861884247,BUY,0.036284075573562,0.01404723346829,test
2026-01-15,0.112999999999992,Easing-Backwardation,-1.57129153180051,BUY,0.000333333333345009,0.056000000000005,test
2026-01-16,0.121346153846154,Easing-Backwardation,-1.55218747713632,BUY,0.113919111419115,0.043987179487175,test
2026-01-17,-0.432692307692307,Deep-Contango,-2.90158452195433,BUY,0.638706210373535,0.668468037338997,test
2026-01-19,0.143909774436096,Easing-Backwardation,-1.49459397760216,BUY,-0.0494078587272706,0.067756892230577,test
2026-01-20,0.180497159090912,Easing-Backwardation,-1.40473960788408,BUY,-0.035021235238723,0.00278332204631901,test
2026-01-21,0.245591151792524,Easing-Backwardation,-1.24478947137654,BUY,-0.038765333932232,-0.612257818459191,test
2026-01-22,0.194957142857149,Easing-Backwardation,-1.3647524437351,BUY,-0.061147619047624,0.032113564213546,test
2026-01-23,0.265293040293038,Easing-Backwardation,-1.19368803371572,BUY,-0.080921558116685,-0.050443416232888,test
2026-01-24,0.316666666666656,Easing-Backwardation,-1.06571512864934,BUY,-0.073833333333312,-0.101044826423973,test
2026-01-26,0.218030188679236,Easing-Backwardation,-1.30249396063742,BUY,-0.051147597586116,-0.013030188679238,test
2026-01-27,0.268841698841712,Easing-Backwardation,-1.184414816159,BUY,-0.15584169884172,-0.06567503217503,test
2026-01-28,0.307333333333339,Easing-Backwardation,-1.09693485398379,BUY,-0.185987179487185,-0.194000000000002,test
2026-01-29,0.4205641025641,Easing-Backwardation,-0.820647779092175,FLAT,-0.853256410256407,-0.185298837298831,test
2026-01-30,0.435666666666663,Easing-Backwardation,-0.788204183586274,FLAT,-0.291756892230567,-0.229652763985435,test
2026-01-31,1.07666666666668,Backwardation-Deficit,0.773798502189696,FLAT,-0.896169507575768,-0.982164750957855,test
2026-02-13,0.15457142857143,Easing-Backwardation,-1.38331615902039,BUY,0.091019723221094,-0.009095504719241,test
2026-02-14,0.101481481481478,Easing-Backwardation,-1.492741021392,BUY,0.093475661375671,0.105344336378814,test
2026-02-16,0.167294117647067,Easing-Backwardation,-1.32256003574438,BUY,0.097998922645971,-0.033484593837542,test
2026-02-17,0.0847678018575877,Easing-Backwardation,-1.49732218468082,BUY,0.231898864809068,0.0996036803187653,test
2026-02-18,0.145543859649123,Easing-Backwardation,-1.3380822779088,BUY,0.072486329030113,0.097289473684221,test
2026-02-19,0.0742073170731743,Easing-Backwardation,-1.48316537300084,BUY,0.194634381768538,0.0926752740199457,test
2026-02-20,0.0591551459293243,Easing-Backwardation,-1.5005496902584,BUY,0.248178187404015,0.0538448540706677,test
2026-02-21,0.0466666666666669,Easing-Backwardation,-1.51545712862599,BUY,0.373897435897433,0.0746794871794871,test
2026-02-23,0.185592105263154,Easing-Backwardation,-1.19197759047618,BUY,0.250074561403509,-0.618284412955461,test
2026-02-24,0.093668831168813,Easing-Backwardation,-1.38697575853945,BUY,0.982997835497867,0.050240943267283,test
2026-02-25,0.0746130952381066,Easing-Backwardation,-1.41952063730607,BUY,0.0799583333333234,0.105884063852805,test
2026-02-26,0.123999999999995,Easing-Backwardation,-1.30246496415942,BUY,-0.022518518518517,0.121591151792529,test
2026-02-27,0.11456221198155,Easing-Backwardation,-1.32046885673426,BUY,0.052731905665517,0.080394930875599,test
2026-02-28,0.52000000000001,Stable-Elevated,-0.415956928014913,FLAT,-0.435232198142422,-0.254706959706972,test
2026-03-02,0.466715626275004,Stable-Elevated,-0.530581320970403,FLAT,-0.321171766625881,-0.150048959608348,test
2026-03-03,1.00666666666667,Backwardation-Deficit,0.666864106877567,FLAT,-0.932459349593496,-0.788636477987434,test
2026-03-04,1.1922857142857,Backwardation-Deficit,1.07736976637601,SELL,-1.13313056835638,-0.923444015443988,test
2026-03-05,2.22776470588235,Deep-Backwardation,3.35515210773794,SELL,-2.18109803921568,-1.92043137254901,test
2026-03-06,3.91166666666668,Deep-Backwardation,7.04843572699762,SELL,-3.72607456140353,-3.49110256410258,test
2026-03-07,3.53166666666667,Deep-Backwardation,6.2053964473779,SELL,-3.43799783549786,-3.09600000000001,test
2026-03-09,2.19499999999999,Deep-Backwardation,3.27534304614312,SELL,-2.12038690476188,-1.11833333333331,test
2026-03-10,1.57833333333335,Backwardation-Deficit,1.93159028778424,SELL,-1.45433333333336,-1.42376190476192,test
2026-03-11,1.2061111111111,Backwardation-Deficit,1.11318655751596,SELL,-1.09154889912955,-1.10462962962962,test
2026-03-12,1.27642857142857,Backwardation-Deficit,1.26819655903087,SELL,-0.75642857142856,-1.1091344537815,test
2026-03-13,1.93227272727273,Backwardation-Deficit,2.70496468196417,SELL,-1.46555710099773,-1.84750492541514,test
2026-03-14,2.89166666666667,Deep-Backwardation,4.80059189384769,SELL,-1.885,-2.74612280701755,test
2026-03-16,1.01527777777778,Easing-Backwardation,0.701407051666118,FLAT,0.17700793650792,-0.941070460704606,test
2026-03-17,0.719111111111118,Stable-Elevated,0.0596451219637566,FLAT,1.50865359477123,-0.659955965181794,test
2026-03-18,0.786666666666676,Stable-Elevated,0.211731907375535,FLAT,3.125,-0.740000000000009,test
2026-03-19,0.594999999999999,Stable-Elevated,-0.197857180616696,FLAT,2.93666666666667,-0.409407894736845,test
2026-03-20,1.39750000000001,Easing-Backwardation,1.53533571710934,SELL,0.79749999999998,-1.3038311688312,test
2026-03-23,2.68625,Deep-Backwardation,4.30085008499331,SELL,-1.10791666666665,-2.61163690476189,test
2026-03-24,2.66733333333333,Deep-Backwardation,4.26212661270113,SELL,-1.46122222222223,-2.54333333333334,test
2026-03-25,2.75642857142857,Deep-Backwardation,4.48966424282646,SELL,-1.48,-2.64186635944702,test
2026-03-26,3.36500000000001,Deep-Backwardation,5.79424756482829,SELL,-1.43272727272728,-2.845,test
2026-03-27,5.41178571428573,Deep-Backwardation,10.1615507539783,SELL,-2.52011904761906,-4.94507008801073,test
2026-03-28,6.405,Deep-Backwardation,12.2744250345691,SELL,-5.38972222222222,-5.39833333333333,test
2026-03-30,7.0011111111111,Deep-Backwardation,13.5271055897258,SELL,-6.28199999999998,-5.8088253968254,test
2026-03-31,8.27499999999999,Deep-Backwardation,16.2217176165293,SELL,-7.48833333333331,-6.04723529411764,test
2026-04-01,9.0025,Deep-Backwardation,17.7380362260291,SELL,-8.4075,-5.09083333333332,test
2026-04-02,13.914,Deep-Backwardation,28.127773803494,SELL,-12.5165,-10.3823333333333,test
2026-04-03,14.51,Deep-Backwardation,29.411009744289,SELL,-11.82375,-12.315,test
2026-04-06,14.295,Deep-Backwardation,28.9742106309123,SELL,-11.6276666666667,-12.7166666666667,test
2026-04-07,14.58,Deep-Backwardation,29.3911336244956,SELL,-11.8235714285714,-13.3738888888889,test
2026-04-08,6.96071428571428,Deep-Backwardation,13.443038638646,SELL,-3.59571428571427,-5.68428571428571,test
2026-04-09,8.37050000000001,Deep-Backwardation,16.7021192580779,SELL,-2.95871428571428,-6.43822727272728,test
2026-04-10,6.80499999999998,Deep-Backwardation,13.5872035018762,SELL,-0.39999999999998,-3.91333333333331,test
2026-04-11,6.60999999999999,Deep-Backwardation,13.2940584012578,SELL,0.39111111111111,-5.59472222222221,test
2026-04-13,6.03999999999999,Deep-Backwardation,12.2412685825188,SELL,2.235,-5.32088888888887,test
2026-04-14,3.28999999999999,Deep-Backwardation,6.19680627971638,SELL,5.71250000000001,-2.50333333333331,test
2026-04-15,3.17357142857144,Deep-Backwardation,6.28574842468113,SELL,10.7404285714286,-2.57857142857144,test
2026-04-16,3.43833333333333,Deep-Backwardation,7.01668371806753,SELL,11.0716666666667,-2.04083333333332,test
2026-04-17,1.59666666666666,Easing-Backwardation,2.57894597942839,SELL,12.6983333333333,1.08958333333334,test
2026-04-18,1.45928571428571,Easing-Backwardation,2.27282021177113,SELL,13.1207142857143,1.20804761904762,test
2026-04-20,1.73166666666668,Deep-Backwardation,3.00491390870953,SELL,5.2290476190476,1.02476190476189,test
2026-04-21,2.59166666666665,Deep-Backwardation,5.2294210317672,SELL,5.77883333333336,0.77333333333336,test
2026-04-22,4.52666666666669,Deep-Backwardation,10.2672528289077,SELL,2.27833333333329,0.88511904761904,test
2026-04-23,5.06000000000002,Deep-Backwardation,11.8268628226518,SELL,1.54999999999997,1.34499999999998,test
2026-04-24,4.97083333333335,Deep-Backwardation,11.7156176296338,SELL,1.06916666666664,2.03027777777775,test
2026-04-25,5.80500000000001,Deep-Backwardation,14.0772752844597,SELL,-2.51500000000002,2.46999999999998,test
2026-04-27,4.92018181818182,Deep-Backwardation,11.9531375646442,SELL,-1.74661038961038,4.08231818181818,test
2026-04-28,5.36916666666666,Deep-Backwardation,13.2097648912711,SELL,-1.93083333333333,8.54483333333334,test
2026-04-29,6.78250000000001,Deep-Backwardation,17.2033864417674,SELL,-5.18583333333335,7.72749999999999,test
2026-04-30,5.827,Deep-Backwardation,14.9339645363442,SELL,-4.36771428571429,8.468,test
2026-05-01,5.27500000000001,Deep-Backwardation,13.6573717435496,SELL,-3.54333333333333,9.30499999999999,test
2026-05-02,4.63166666666666,Deep-Backwardation,12.1013887474659,SELL,-2.04000000000001,2.32904761904762,test
2026-05-04,4.56349999999999,Deep-Backwardation,12.116536882515,SELL,-0.0368333333332993,3.80700000000002,test
2026-05-05,4.30428571428571,Deep-Backwardation,11.650974690793,SELL,0.75571428571431,2.50071428571427,test
2026-05-06,3.75,Deep-Backwardation,10.2602682317024,SELL,1.22083333333335,2.85999999999999,test
2026-05-07,4.065,Deep-Backwardation,11.4267778311304,SELL,1.74000000000001,1.97499999999999,test
2026-05-08,3.59833333333333,Deep-Backwardation,10.1509996856945,SELL,1.32184848484849,-0.30833333333334,test
2026-05-09,3.81999999999999,Deep-Backwardation,11.1240626440932,SELL,1.54916666666667,-0.64642857142855,test
2026-05-11,3.31,Deep-Backwardation,9.73682362911765,SELL,3.47250000000001,0.12833333333333,test
2026-05-12,3.7295238095238,Deep-Backwardation,11.2739966022389,SELL,2.0974761904762,-2.13285714285714,test
2026-05-13,4.28700000000001,Deep-Backwardation,13.7060531535073,SELL,0.988,-2.8277142857143,test
2026-05-14,4.30166666666668,Deep-Backwardation,14.1900011652798,SELL,0.32999999999998,-2.57,test
2026-05-15,4.37314285714287,Deep-Backwardation,14.726834701722,SELL,0.19035714285712,-1.78147619047622,test
2026-05-16,3.92311111111111,Deep-Backwardation,13.163824073829,SELL,0.3811746031746,0.60355555555558,test
2026-05-18,4.25166666666668,Deep-Backwardation,14.5625622644336,SELL,-0.50166666666668,0.80833333333334,test
2026-05-19,4.279,Deep-Backwardation,14.788251361541,SELL,-0.214,0.69183333333335,test
2026-05-20,4.2025,Deep-Backwardation,14.5916059210899,SELL,-0.60416666666667,1.60250000000001,test
2026-05-21,3.25083333333333,Deep-Backwardation,11.0660921033498,SELL,0.56916666666666,1.66934848484849,test
2026-05-22,3.34666666666666,Deep-Backwardation,11.596905495777,SELL,-0.03666666666666,2.0225,test
