date,M1M2,regime_label,level_z_126,signal,fwd10,fwd21
2024-07-01,1.52499999999998,Easing-Backwardation,-1.35122710360292,FLAT,,
2024-07-02,0.208333333333371,Easing-Backwardation,-1.48840059865148,FLAT,,
2024-07-03,0.433333333333394,Easing-Backwardation,-1.46591313529005,FLAT,,
2024-07-04,-0.734782608695582,Deep-Contango,-1.58843468337918,FLAT,,
2024-07-05,-0.015625,Deep-Contango,-1.51298599410953,FLAT,,
2024-07-07,-0.846590909090878,Deep-Contango,-1.59948520774499,FLAT,,
2024-07-08,-0.892857142857224,Deep-Contango,-1.60732136900628,FLAT,,
2024-07-09,0.776785714285666,Easing-Backwardation,-1.43565315513555,FLAT,,
2024-07-10,1.16666666666663,Easing-Backwardation,-1.39801720460667,FLAT,,
2024-07-11,3.8226461038962,Easing-Backwardation,-1.12306698908461,FLAT,,
2024-07-12,-0.479166666666629,Deep-Contango,-1.57257386899674,FLAT,2.00416666666661,
2024-07-14,-0.195623342175054,Deep-Contango,-1.54881824035642,FLAT,0.403956675508425,
2024-07-15,-0.442307692307736,Deep-Contango,-1.58212024456791,FLAT,0.87564102564113,
2024-07-16,-1.10000000000002,Deep-Contango,-1.65796239987333,FLAT,0.365217391304438,
2024-07-17,-1.51470588235293,Deep-Contango,-1.70893628608103,FLAT,1.49908088235293,
2024-07-18,-2.8125,Deep-Contango,-1.85242008549202,BUY,1.96590909090912,
2024-07-19,-1.27403846153845,Deep-Contango,-1.70019838586525,FLAT,0.381181318681226,
2024-07-21,-1.89358974358981,Deep-Contango,-1.76985643260747,BUY,2.67037545787548,
2024-07-22,-1.5,Deep-Contango,-1.73482417587032,FLAT,2.66666666666663,
2024-07-23,-1.375,Deep-Contango,-1.72796807250889,FLAT,5.1976461038962,
2024-07-24,-1,Deep-Contango,-1.69551510608618,FLAT,0.520833333333371,
2024-07-25,-1.26666666666665,Deep-Contango,-1.73217855918934,FLAT,1.0710433244916,2.79166666666663
2024-07-26,-2.63888888888891,Deep-Contango,-1.88400850536739,BUY,2.19658119658117,2.84722222222228
2024-07-28,-1.65625,Deep-Contango,-1.79422457344541,BUY,0.55624999999998,2.08958333333339
2024-07-29,-1.75,Deep-Contango,-1.81784014164614,BUY,0.23529411764707,1.01521739130442
2024-07-30,-2.70454545454538,Deep-Contango,-1.93116217429052,BUY,-0.10795454545462,2.68892045454538
2024-07-31,-2.49444444444441,Deep-Contango,-1.92347629279483,BUY,1.22040598290596,1.64785353535353
2024-08-01,-2.25,Deep-Contango,-1.91207595155987,BUY,0.35641025641019,1.35714285714278
2024-08-02,-2.25,Deep-Contango,-1.92842886977482,BUY,0.75,3.02678571428567
2024-08-04,-2.00611111111107,Deep-Contango,-1.91988619496713,BUY,0.63111111111107,3.1727777777777
2024-08-05,-2.91666666666663,Deep-Contango,-2.03501688066935,BUY,1.91666666666663,6.73931277056283
2024-08-06,-3,Deep-Contango,-2.06232894289235,BUY,1.73333333333335,2.52083333333337
2024-08-07,-2.34375,Deep-Contango,-2.01078657816644,BUY,-0.29513888888891,2.14812665782495
2024-08-08,-2.04166666666663,Deep-Contango,-1.99558255798409,BUY,0.38541666666663,1.59935897435889
2024-08-09,-3.36249999999995,Deep-Contango,-2.15681400048495,BUY,1.61249999999995,2.26249999999993
2024-08-11,-3.35805626598471,Deep-Contango,-2.17696340182003,BUY,0.65351081143933,1.84335038363178
2024-08-12,-2.86350574712651,Deep-Contango,-2.14065242333756,BUY,0.3690613026821,0.05100574712651
2024-08-13,-2.96249999999998,Deep-Contango,-2.16863370200285,BUY,0.71249999999998,1.68846153846153
2024-08-14,-2.375,Deep-Contango,-2.1192432196965,BUY,0.125,0.48141025641019
2024-08-15,-3.125,Deep-Contango,-2.21643877628343,BUY,1.11888888888893,1.625
2024-08-16,-3,Deep-Contango,-2.21991479155551,BUY,0.0833333333333699,1.625
2024-08-18,-3.27525252525254,Deep-Contango,-2.26670230973298,BUY,0.27525252525254,2.27525252525254
2024-08-19,-3.73106060606062,Deep-Contango,-2.33114574091374,BUY,1.38731060606062,2.46439393939397
2024-08-20,-3.375,Deep-Contango,-2.30951732550691,BUY,1.33333333333337,0.73611111111109
2024-08-21,-3.58333333333337,Deep-Contango,-2.34994282687983,BUY,0.22083333333342,1.92708333333337
2024-08-22,-4.02777777777783,Deep-Contango,-2.4112584727587,BUY,0.66972151179312,2.27777777777783
2024-08-23,-3.03174603174602,Deep-Contango,-2.3059770558748,BUY,0.16824028461951,0.32720057720064
2024-08-25,-3.43308080808083,Deep-Contango,-2.35833022271442,BUY,0.47058080808085,0.93863636363642
2024-08-26,-3.25,Deep-Contango,-2.34398593670617,BUY,0.875,1
2024-08-27,-4.24242424242425,Deep-Contango,-2.47125166981982,BUY,1.11742424242425,1.99242424242425
2024-08-28,-4.95833333333337,Deep-Contango,-2.56831910913917,BUY,1.95833333333337,2.9522222222223
2024-08-29,-4.73749999999996,Deep-Contango,-2.55582544081853,BUY,1.46224747474742,1.82083333333333
2024-08-30,-4.125,Deep-Contango,-2.50104763155051,BUY,0.39393939393938,1.125
2024-09-01,-4.07007575757575,Deep-Contango,-2.50840634614864,BUY,0.69507575757575,1.72632575757575
2024-09-02,-3.35416666666663,Deep-Contango,-2.43697323889046,BUY,-0.22916666666674,1.3125
2024-09-03,-2.52499999999998,Deep-Contango,-2.34721422297824,BUY,-1.50277777777785,-0.83749999999997
2024-09-04,-3.92857142857145,Deep-Contango,-2.51528603191049,BUY,0.89682539682543,0.57051516258674
2024-09-05,-3.01388888888891,Deep-Contango,-2.3994871121887,BUY,-0.41919191919192,0.1503831417624
2024-09-06,-3.35576923076928,Deep-Contango,-2.43523670620863,BUY,0.10576923076928,0.3932692307693
2024-09-08,-2.76736111111109,Deep-Contango,-2.3582071047236,BUY,-1.47506313131316,0.39236111111109
2024-09-09,-3.10000000000002,Deep-Contango,-2.3820192402737,BUY,-1.85833333333335,-0.0249999999999799
2024-09-10,-3.91666666666663,Deep-Contango,-2.46232509183446,BUY,-0.82083333333333,0.91666666666663
2024-09-11,-4.41666666666663,Deep-Contango,-2.49952082149505,BUY,0.29166666666663,1.14141414141409
2024-09-12,-5.13043478260863,Deep-Contango,-2.5559260531001,BUY,1.06035902503288,1.39937417654801
2024-09-13,0.51785714285711,Easing-Backwardation,-1.88753262304989,BUY,-3.87202380952374,-3.89285714285711
2024-09-15,1.09583333333342,Easing-Backwardation,-1.80163017615778,BUY,-3.6208333333334,-4.67916666666679
2024-09-16,0.951923076923094,Easing-Backwardation,-1.79738636744558,BUY,-4.88049450549455,-4.97970085470092
2024-09-17,1.66666666666663,Easing-Backwardation,-1.69712674885144,FLAT,-4.68055555555554,-4.69841269841265
2024-09-18,2.3885416666667,Easing-Backwardation,-1.59869011477152,FLAT,-5.74431089743598,-5.82162247474753
2024-09-19,2.5,Easing-Backwardation,-1.56861599239755,FLAT,-5.26736111111109,-5.75
2024-09-20,2.3945249597424,Easing-Backwardation,-1.56508396472087,FLAT,-5.49452495974242,-6.63694920216665
2024-09-22,2.30952380952374,Easing-Backwardation,-1.55898609456132,FLAT,-6.22619047619037,-7.26785714285711
2024-09-23,2.875,Easing-Backwardation,-1.48048077971894,FLAT,-7.29166666666663,-7.61249999999996
2024-09-24,2,Easing-Backwardation,-1.55227005233864,FLAT,-7.13043478260863,-6.125
2024-09-25,2.30357142857145,Easing-Backwardation,-1.49792463735801,FLAT,-1.78571428571434,-6.3736471861472
2024-09-26,4.21428571428567,Easing-Backwardation,-1.27639900524194,FLAT,-3.11845238095225,-7.5684523809523
2024-09-27,4.47222222222217,Easing-Backwardation,-1.23322549778274,FLAT,-3.52029914529908,-6.99722222222215
2024-09-29,4.38839285714289,Easing-Backwardation,-1.22266917835598,FLAT,-2.72172619047626,-8.31696428571434
2024-09-30,3.79166666666663,Easing-Backwardation,-1.26680500858845,FLAT,-1.40312499999993,-6.80555555555554
2024-10-01,4.625,Easing-Backwardation,-1.16757550489834,FLAT,-2.125,-7.98076923076928
2024-10-02,3.89583333333337,Easing-Backwardation,-1.22778306483123,FLAT,-1.50130837359097,-6.66319444444446
2024-10-03,4.00833333333333,Easing-Backwardation,-1.20198082284267,FLAT,-1.69880952380959,-7.10833333333335
2024-10-04,3.64999999999998,Easing-Backwardation,-1.22281066394694,FLAT,-0.77499999999998,-7.56666666666661
2024-10-06,3.92657342657344,Easing-Backwardation,-1.18455687012317,FLAT,-1.92657342657344,-8.34324009324007
2024-10-07,2.39545454545453,Easing-Backwardation,-1.3240799943914,FLAT,-0.0918831168830798,-7.52588932806316
2024-10-08,2.04166666666663,Easing-Backwardation,-1.34698240699065,FLAT,2.17261904761904,-1.52380952380952
2024-10-09,3.64999999999998,Easing-Backwardation,-1.18107811999509,FLAT,0.82222222222219,-2.55416666666656
2024-10-10,5.32843137254906,Easing-Backwardation,-1.01067847101383,FLAT,-0.940038515406171,-4.37650829562597
2024-10-11,2.625,Easing-Backwardation,-1.26031735958089,FLAT,1.16666666666663,-0.95833333333337
2024-10-13,2.45909090909083,Easing-Backwardation,-1.26158516601051,FLAT,2.16590909090917,-0.0705492424241299
2024-10-14,1.04999999999995,Easing-Backwardation,-1.38165680343295,FLAT,2.84583333333342,1.45000000000005
2024-10-15,0.549999999999955,Easing-Backwardation,-1.41543863316446,FLAT,3.45833333333338,1.84452495974245
2024-10-16,0.834224598930518,Easing-Backwardation,-1.3760168808173,FLAT,2.81577540106946,1.47529921059322
2024-10-17,0.35714285714289,Easing-Backwardation,-1.40888944567683,FLAT,3.56943056943055,2.51785714285711
2024-10-18,0.269886363636374,Easing-Backwardation,-1.40611431524943,FLAT,2.12556818181816,1.73011363636363
2024-10-20,0.609631147540995,Easing-Backwardation,-1.36282712659699,FLAT,1.43203551912564,1.69394028103046
2024-10-21,0.690476190476261,Easing-Backwardation,-1.34931641547323,FLAT,2.95952380952372,3.52380952380941
2024-10-22,0.486842105263122,Easing-Backwardation,-1.3615399064584,FLAT,4.84158926728594,3.98538011695905
2024-10-23,0.4375,Easing-Backwardation,-1.35757411740994,FLAT,2.1875,3.95089285714289
2024-10-24,0.119565217391255,Easing-Backwardation,-1.37846951860491,FLAT,2.33952569169958,3.67210144927538
2024-10-25,-0.574999999999932,Deep-Contango,-1.43425084915788,FLAT,1.62499999999988,5.19999999999993
2024-10-27,-0.8125,Deep-Contango,-1.44758949723405,FLAT,1.36249999999996,4.70833333333337
2024-10-28,-0.721962616822339,Deep-Contango,-1.43212403809927,FLAT,1.55618721575286,4.73029595015567
2024-10-29,-0.915441176470608,Deep-Contango,-1.44125464181652,FLAT,1.2725840336135,4.56544117647059
2024-10-30,-0.293650793650727,Deep-Contango,-1.376851296948,FLAT,0.563537157287101,4.22022422022417
2024-10-31,1,Easing-Backwardation,-1.25390810631317,FLAT,-0.390368852459005,1.39545454545453
2024-11-01,-0.25,Deep-Contango,-1.35814497910118,FLAT,0.940476190476261,2.29166666666663
2024-11-04,-0.156593406593402,Deep-Contango,-1.34059735542701,FLAT,0.643435511856524,3.80659340659338
2024-11-05,0.416666666666629,Easing-Backwardation,-1.27903606470783,FLAT,0.020833333333371,4.91176470588243
2024-11-06,0.185714285714312,Easing-Backwardation,-1.29092588244925,FLAT,-0.066149068323057,2.43928571428569
2024-11-07,-0.721428571428533,Deep-Contango,-1.36450683072826,FLAT,0.146428571428601,3.18051948051936
2024-11-08,0.674603174603249,Easing-Backwardation,-1.23224856882025,FLAT,-1.48710317460325,0.375396825396701
2024-11-11,0.272727272727252,Easing-Backwardation,-1.25842527510953,FLAT,-0.994689889549591,0.277272727272703
2024-11-12,2.55769230769226,Easing-Backwardation,-1.0508529673047,FLAT,-3.47313348416287,-1.72346770876174
2024-11-13,3.32083333333333,Easing-Backwardation,-0.977241400557534,FLAT,-3.61448412698406,-2.96369047619044
2024-11-14,4.70833333333337,Easing-Backwardation,-0.853395774310349,FLAT,-3.70833333333337,-4.438446969697
2024-11-15,4.70000000000005,Easing-Backwardation,-0.850603437929188,FLAT,-4.95000000000005,-4.09036885245906
2024-11-18,6.94298245614027,Stable-Elevated,-0.652920580448751,FLAT,-7.09957586273367,-6.25250626566401
2024-11-19,6.35000000000002,Easing-Backwardation,-0.699442006724277,FLAT,-5.93333333333339,-5.8631578947369
2024-11-20,6.2651515151515,Easing-Backwardation,-0.699213551990172,FLAT,-6.07943722943719,-5.8276515151515
2024-11-21,7.40263157894742,Stable-Elevated,-0.59515427840736,FLAT,-8.12406015037595,-7.28306636155617
2024-11-22,7.03125,Stable-Elevated,-0.6217722070096,FLAT,-6.35664682539675,-7.60624999999993
2024-11-25,8.18589743589735,Stable-Elevated,-0.517950038230497,FLAT,-7.9131701631701,-8.99839743589735
2024-11-26,8.4375,Stable-Elevated,-0.492432652041541,FLAT,-5.87980769230774,-9.15946261682234
2024-11-27,6.06818181818187,Stable-Elevated,-0.689900013063027,FLAT,-2.74734848484854,-6.98362299465248
2024-11-28,5.16738505747128,Easing-Backwardation,-0.76160491176272,FLAT,-0.459051724137909,-5.46103585112201
2024-11-29,5.58749999999998,Easing-Backwardation,-0.719867800669927,FLAT,-0.88749999999993,-4.58749999999998
2024-12-02,4.93333333333339,Easing-Backwardation,-0.768120247046568,FLAT,2.00964912280688,-5.18333333333339
2024-12-03,4.8611111111112,Easing-Backwardation,-0.76729040568624,FLAT,1.48888888888882,-5.0177045177046
2024-12-04,3.15909090909088,Easing-Backwardation,-0.903853123065255,FLAT,3.10606060606062,-2.74242424242425
2024-12-05,3.18181818181813,Easing-Backwardation,-0.896195407634755,FLAT,4.22081339712929,-2.99610389610382
2024-12-06,2.078125,Easing-Backwardation,-0.981696632545943,FLAT,4.953125,-2.79955357142853
2024-12-09,2.54276315789468,Easing-Backwardation,-0.934779602367413,FLAT,5.64313427800267,-1.86815998329143
2024-12-10,3.90625,Easing-Backwardation,-0.813314473212298,FLAT,4.53125,-3.63352272727275
2024-12-11,6.53125,Stable-Elevated,-0.587755127386006,FLAT,-0.46306818181813,-3.97355769230774
2024-12-12,2.65607985480949,Easing-Backwardation,-0.904561513784978,FLAT,2.51130520266179,0.66475347852384
2024-12-13,4.22395833333337,Easing-Backwardation,-0.766708826579992,FLAT,1.36354166666661,0.484375
2024-12-16,3.53750000000002,Easing-Backwardation,-0.817435168554241,FLAT,1.39583333333337,1.16250000000003
2024-12-17,3.29262672811058,Easing-Backwardation,-0.831628023213845,FLAT,1.56848438300062,3.65035572802969
2024-12-18,4.47027972027968,Easing-Backwardation,-0.728606152760502,FLAT,-1.3111888111888,1.87972027972034
2024-12-19,3.59523809523807,Easing-Backwardation,-0.793533882345452,FLAT,-0.41341991341994,2.66991341991343
2024-12-20,5.03787878787887,Stable-Elevated,-0.667435760536542,FLAT,-2.95975378787887,2.36475279106855
2024-12-23,3.5,Easing-Backwardation,-0.78588806855366,FLAT,-0.95723684210532,3.53125
2024-12-24,3.37222222222215,Easing-Backwardation,-0.788908317640199,FLAT,0.53402777777785,4.8136752136752
2024-12-26,3.5,Easing-Backwardation,-0.77073588237871,FLAT,3.03125,4.9375
2024-12-27,3.99358974358972,Easing-Backwardation,-0.721717651258082,FLAT,-1.33750988878023,2.07459207459215
2024-12-30,3.59285714285716,Easing-Backwardation,-0.745714690231461,FLAT,0.631101190476211,1.57452791461412
2024-12-31,3.37386363636358,Easing-Backwardation,-0.754391054380667,FLAT,0.16363636363644,2.2136363636364
2025-01-02,3.6908602150537,Easing-Backwardation,-0.718952658219862,FLAT,-0.39823348694312,1.24247311827969
2025-01-03,3.59143518518522,Easing-Backwardation,-0.718540176214739,FLAT,0.87884453509446,1.26967592592598
2025-01-06,1.26041666666663,Easing-Backwardation,-0.901063526123495,FLAT,2.33482142857144,1.89867424242425
2025-01-07,1.19230769230774,Easing-Backwardation,-0.898183414884029,FLAT,3.84557109557113,1.98951048951039
2025-01-08,1.42307692307691,Easing-Backwardation,-0.87084271880433,FLAT,2.07692307692309,0.65504807692309
2025-01-09,2,Easing-Backwardation,-0.814020618711364,FLAT,1.37222222222215,0.54276315789468
2025-01-10,7.58823529411768,Stable-Elevated,-0.340909439672304,FLAT,-4.08823529411768,-3.68198529411768
2025-01-13,5.75,Stable-Elevated,-0.484184211359406,FLAT,-1.75641025641028,0.78125
2025-01-14,4.8125,Stable-Elevated,-0.552311926629293,FLAT,-1.21964285714284,-2.15642014519051
2025-01-15,6.875,Stable-Elevated,-0.369552232948162,FLAT,-3.50113636363642,-2.65104166666663
2025-01-16,6.75,Stable-Elevated,-0.36981431282058,FLAT,-3.0591397849463,-3.21249999999998
2025-01-17,6.71568627450984,Stable-Elevated,-0.363138472668482,FLAT,-3.12425108932462,-3.42305954639926
2025-01-20,5.86363636363637,Stable-Elevated,-0.425090222530624,FLAT,-4.60321969696974,-1.39335664335669
2025-01-21,7.625,Stable-Elevated,-0.266011593427772,FLAT,-6.43269230769226,-4.02976190476193
2025-01-22,2.638379204893,Stable-Elevated,-0.678807688231006,FLAT,-1.21530228181609,2.39949958298587
2025-01-23,3.328125,Stable-Elevated,-0.611099215803343,FLAT,-1.328125,0.171875
2025-01-24,5.125,Stable-Elevated,-0.447509055801177,FLAT,2.46323529411768,-1.75277777777785
2025-01-27,3.45909090909083,Stable-Elevated,-0.581765799376663,FLAT,2.29090909090917,0.0409090909091701
2025-01-28,4.125,Stable-Elevated,-0.514500481247685,FLAT,0.6875,-0.13141025641028
2025-01-29,4.625,Stable-Elevated,-0.461862559300069,FLAT,2.25,-1.03214285714284
2025-01-30,3.75,Stable-Elevated,-0.528711101520215,FLAT,3,-0.37613636363642
2025-01-31,4.25,Stable-Elevated,-0.476172939952137,FLAT,2.46568627450984,-0.5591397849463
2025-02-03,3.75,Stable-Elevated,-0.510462151517844,FLAT,2.11363636363637,-0.15856481481478
2025-02-04,3.61111111111109,Stable-Elevated,-0.51303106628127,FLAT,4.01388888888891,-2.35069444444446
2025-02-05,3.11249999999995,Stable-Elevated,-0.54761477592998,FLAT,-0.47412079510695,-1.92019230769221
2025-02-17,11.8617424242425,Stable-Elevated,0.308064498807137,FLAT,-8.5336174242425,-10.4386655011656
2025-02-18,13.3928571428571,Stable-Elevated,0.456222618445983,FLAT,-8.2678571428571,-11.3928571428571
2025-02-19,13.625,Stable-Elevated,0.489765886643611,FLAT,-10.1659090909092,-6.03676470588232
2025-02-20,14.7321428571429,Stable-Elevated,0.602328104312452,FLAT,-10.6071428571429,-8.9821428571429
2025-02-21,16.0534709193246,Stable-Elevated,0.733795229370239,FLAT,-11.4284709193246,-11.2409709193246
2025-02-24,14.8721804511277,Stable-Elevated,0.637977939782186,FLAT,-11.1221804511277,-7.9971804511277
2025-02-25,14.5751748251748,Stable-Elevated,0.624951200828288,FLAT,-10.3251748251748,-7.8251748251748
2025-02-26,11.8714285714285,Stable-Elevated,0.391116632999804,FLAT,-8.1214285714285,-5.15574229691866
2025-02-27,13.6666666666666,Stable-Elevated,0.569246364933303,FLAT,-10.0555555555555,-7.80303030303023
2025-02-28,13,Stable-Elevated,0.521408138625484,FLAT,-9.88750000000005,-5.375
2025-03-03,12.5,Stable-Elevated,0.490481193378057,FLAT,-0.6382575757575,-9.861620795107
2025-03-04,12.3715277777778,Stable-Elevated,0.497098353648748,FLAT,1.0213293650793,-9.0434027777778
2025-03-05,12.3053846153847,Stable-Elevated,0.512623449450772,FLAT,1.3196153846153,-7.1803846153847
2025-03-06,13.0625,Stable-Elevated,0.605104806682576,FLAT,1.6696428571429,-9.60340909090917
2025-03-07,13.0875,Stable-Elevated,0.629666167876246,FLAT,2.9659709193246,-8.9625
2025-03-09,13.3618421052631,Stable-Elevated,0.679255342681555,FLAT,1.5103383458646,-8.7368421052631
2025-03-10,15.1101398601398,Stable-Elevated,0.872470941168836,FLAT,-0.534965034965,-11.3601398601398
2025-03-11,16.15,Stable-Elevated,0.996826958176838,FLAT,-4.2785714285715,-11.9
2025-03-12,12.9548022598869,Stable-Elevated,0.674911046299816,FLAT,0.7118644067797,-9.2048022598869
2025-03-13,4.82291666666663,Stable-Elevated,-0.14696329858808,FLAT,8.17708333333337,-1.21180555555554
2025-03-14,5.19642857142856,Stable-Elevated,-0.104481873635957,FLAT,7.30357142857144,-2.08392857142861
2025-03-16,7.71963562753035,Stable-Elevated,0.158017853042644,FLAT,4.65189215024745,4.14210679671215
2025-03-17,5.02083333333337,Stable-Elevated,-0.113003511948311,FLAT,7.28455128205133,8.37202380952373
2025-03-18,5.57500000000005,Stable-Elevated,-0.0528233548926591,FLAT,7.48749999999995,8.04999999999995
2025-03-19,6,Stable-Elevated,-0.00485549982631456,FLAT,7.0875,8.7321428571429
2025-03-20,5.92151580459768,Stable-Elevated,-0.00819689187949742,FLAT,7.44032630066542,10.1319551147269
2025-03-21,6.78125,Stable-Elevated,0.0862088908151673,FLAT,8.3288898601398,8.0909304511277
2025-03-23,6.01721938775506,Stable-Elevated,0.0132296955504139,FLAT,10.1327806122449,8.55795543741974
2025-03-24,5.20833333333337,Stable-Elevated,-0.0646856723805362,FLAT,7.74646892655353,6.66309523809513
2025-03-25,4.9375,Stable-Elevated,-0.0874598716084514,FLAT,-0.11458333333337,8.7291666666666
2025-03-26,5.42222222222222,Stable-Elevated,-0.0307593555312331,FLAT,-0.22579365079366,7.57777777777778
2025-03-27,4.66964285714289,Stable-Elevated,-0.103503440211144,FLAT,3.04999277038746,7.83035714285711
2025-03-28,4.65833333333342,Stable-Elevated,-0.100303887870291,FLAT,0.36249999999995,7.71319444444438
2025-03-30,4.12784090909088,Stable-Elevated,-0.151758753694493,FLAT,1.44715909090917,8.17754370629382
2025-03-31,3.86519607843138,Stable-Elevated,-0.173416931846359,FLAT,2.13480392156862,9.19730392156862
2025-04-01,2.27935222672068,Stable-Elevated,-0.334070779074678,FLAT,3.642163577877,10.8081477732793
2025-04-02,2.85000000000002,Stable-Elevated,-0.26562325310633,FLAT,3.93124999999998,10.5118421052631
2025-04-03,3.33333333333337,Stable-Elevated,-0.206039079831136,FLAT,2.68388605442169,11.7768065268064
2025-04-04,2.875,Stable-Elevated,-0.247996578445064,FLAT,2.33333333333337,13.275
2025-04-06,2.7408405172414,Stable-Elevated,-0.254133453811146,FLAT,2.1966594827586,10.2139617426455
2025-04-07,3.20833333333337,Stable-Elevated,-0.201649803938933,FLAT,2.21388888888885,1.61458333333326
2025-04-08,3.21666666666658,Stable-Elevated,-0.198537557716486,FLAT,1.45297619047631,1.97976190476198
2025-04-09,0.680555555555543,Stable-Elevated,-0.472674952923679,FLAT,3.97777777777788,7.03908007197481
2025-04-10,1.27575757575767,Stable-Elevated,-0.404964870193367,FLAT,2.85208333333321,3.7450757575757
2025-04-11,5.51250000000005,Stable-Elevated,0.0593256620681315,FLAT,-1.64730392156867,0.0625
2025-04-13,5.36904761904771,Stable-Elevated,0.0476615054318167,FLAT,-3.08969539232703,0.63095238095229
2025-04-14,6,Stable-Elevated,0.12135299332822,FLAT,-3.14999999999998,-0.0784841954023197
2025-04-15,6.29999999999996,Stable-Elevated,0.159225002834042,FLAT,-2.96666666666659,0.48125000000004
2025-04-16,7.625,Stable-Elevated,0.30759600690621,FLAT,-4.75,-1.60778061224494
2025-04-17,7,Stable-Elevated,0.243826693550972,FLAT,-4.2591594827586,-1.79166666666663
2025-04-20,7.28402777777774,Stable-Elevated,0.279378720303076,FLAT,-4.07569444444437,-2.34652777777774
2025-04-21,7.14999999999998,Stable-Elevated,0.268329241108423,FLAT,-3.9333333333334,-1.72777777777776
2025-04-22,7.77678571428567,Stable-Elevated,0.34063259129652,FLAT,-7.09623015873013,-3.10714285714278
2025-04-23,6.75,Stable-Elevated,0.233710820398222,FLAT,-5.47424242424233,-2.09166666666658
2025-04-24,7.14999999999998,Stable-Elevated,0.281266632018562,FLAT,-1.63749999999993,-3.0221590909091
2025-04-25,6.64999999999998,Stable-Elevated,0.230148090611158,FLAT,-1.28095238095227,-2.7848039215686
2025-04-27,7.07287644787652,Stable-Elevated,0.279629243804656,FLAT,-1.07287644787652,-4.79352422115584
2025-04-28,7.29006410256409,Stable-Elevated,0.306678028086011,FLAT,-0.99006410256413,-4.44006410256407
2025-04-29,7.14814814814815,Stable-Elevated,0.294830434173747,FLAT,0.47685185185185,-3.81481481481478
2025-04-30,5.81100478468898,Stable-Elevated,0.152171183694951,FLAT,1.18899521531102,-2.93600478468898
2025-05-01,4.0454545454545,Stable-Elevated,-0.034784529891694,FLAT,3.23857323232324,-1.3046140282131
2025-05-02,4.54999999999996,Stable-Elevated,0.025552398822134,FLAT,2.60000000000002,-1.34166666666659
2025-05-04,4.67794486215541,Stable-Elevated,0.0447673957738747,FLAT,3.09884085213026,-1.46127819548883
2025-05-05,4.63194444444446,Stable-Elevated,0.0445549008757995,FLAT,2.11805555555554,-3.95138888888892
2025-05-06,2.5,Stable-Elevated,-0.186532118136665,FLAT,4.64999999999998,-1.22424242424233
2025-05-07,2.58571428571429,Stable-Elevated,-0.172880740492951,FLAT,4.06428571428569,2.92678571428576
2025-05-08,1.72593582887691,Stable-Elevated,-0.265203201352263,FLAT,5.34694061899961,3.6431117901708
2025-05-09,0.480295566502491,Stable-Elevated,-0.401369883458147,FLAT,6.8097685360616,5.51970443349751
2025-05-11,-1.08269230769224,Stable-Depressed,-0.574965791567035,FLAT,8.23084045584039,7.3826923076922
2025-05-12,-2.00557692307689,Stable-Depressed,-0.677618924681792,FLAT,7.81658170776587,9.63057692307689
2025-05-13,5.30555555555554,Stable-Elevated,0.154553552672536,FLAT,-1.26010101010104,1.69444444444446
2025-05-14,6.703125,Stable-Elevated,0.326272306174915,FLAT,-2.15312500000004,0.58090277777774
2025-05-15,6.95343137254895,Stable-Elevated,0.364433436941986,FLAT,-2.27548651039354,0.19656862745103
2025-05-16,6.27884615384619,Stable-Elevated,0.292778609522323,FLAT,-1.64690170940173,1.49793956043948
2025-05-18,6.59647435897432,Stable-Elevated,0.337723806544562,FLAT,-4.09647435897432,0.15352564102568
2025-05-19,6.60119047619048,Stable-Elevated,0.345651054360589,FLAT,-4.01547619047619,0.5488095238095
2025-05-20,5.10000000000002,Stable-Elevated,0.176677764806096,FLAT,-3.37406417112311,1.54999999999996
2025-05-21,5.69318181818187,Stable-Elevated,0.254335540599677,FLAT,-5.21288625167938,1.37969462969465
2025-05-22,6.89393939393938,Stable-Elevated,0.405855594002719,FLAT,-7.97663170163162,0.39612470862471
2025-05-23,6.7380952380953,Stable-Elevated,0.399129807325863,FLAT,-8.74367216117219,0.410052910052849
2025-05-25,6.84558823529414,Stable-Elevated,0.426128630111021,FLAT,-1.5400326797386,-1.03458345060516
2025-05-26,6.9375,Stable-Elevated,0.460799187565964,FLAT,-0.234375,-2.8920454545455
2025-05-27,8.38333333333333,Stable-Elevated,0.66605307035056,FLAT,-1.42990196078438,-3.83333333333337
2025-05-28,9.25,Stable-Elevated,0.802389554049801,FLAT,-2.97115384615381,-4.57205513784459
2025-05-29,8.625,Stable-Elevated,0.742776913341574,FLAT,-2.02852564102568,-3.99305555555554
2025-05-30,6.92669172932324,Stable-Elevated,0.54382392815786,FLAT,-0.32550125313276,-4.42669172932324
2025-06-01,7.58363787375424,Stable-Elevated,0.658034080138122,FLAT,-2.48363787375422,-4.99792358803995
2025-06-02,8.03470588235291,Stable-Elevated,0.750295462619324,FLAT,-2.34152406417104,-6.308770053476
2025-06-03,8.125,Stable-Elevated,0.796623995584224,FLAT,-1.23106060606062,-7.64470443349751
2025-06-04,8.54999999999996,Stable-Elevated,0.891559387191083,FLAT,-1.81190476190466,-9.6326923076922
2025-06-05,8.21691176470586,Stable-Elevated,0.878036232704709,FLAT,-1.37132352941172,-10.2224886877827
2025-06-06,10.8818681318681,Stable-Elevated,1.3279462001573,FLAT,-3.9443681318681,-5.57631257631256
2025-06-08,10.1314036885246,Stable-Elevated,1.26023821434732,FLAT,-1.74807035519127,-3.4282786885246
2025-06-09,16.0625,Backwardation-Deficit,2.2775787640113,SELL,-6.8125,-9.10906862745105
2025-06-10,12.5909090909091,Backwardation-Deficit,1.75051888003469,SELL,-3.9659090909091,-6.31206293706291
2025-06-11,11.3571428571429,Backwardation-Deficit,1.59435195810478,FLAT,-4.43045112781966,-4.76066849816858
2025-06-12,9.56837606837598,Stable-Elevated,1.34210581416776,FLAT,-1.98473819462174,-2.9671855921855
2025-06-13,9.27083333333337,Stable-Elevated,1.3279417261918,FLAT,-1.23612745098046,-4.17083333333335
2025-06-15,10.8868534482758,Backwardation-Deficit,1.66230073217799,FLAT,-2.7618534482758,-5.19367163009393
2025-06-16,10.25,Backwardation-Deficit,1.59918518558684,FLAT,-1.70000000000004,-3.35606060606062
2025-06-17,16.3333333333333,Backwardation-Deficit,2.85561901047775,SELL,-8.11642156862744,-9.595238095238
2025-06-18,18.3333333333334,Backwardation-Deficit,3.36798314285554,SELL,-7.4514652014653,-11.4877450980393
2025-06-19,21.0747282608696,Deep-Backwardation,4.08288754216858,SELL,-10.943324572345,-14.1372282608696
2025-06-20,19.2875,Deep-Backwardation,3.79877330025512,SELL,-3.225,-10.9041666666667
2025-06-22,23.9464285714286,Deep-Backwardation,4.87542177045914,SELL,-11.3555194805195,-14.6964285714286
2025-06-23,9.75,Backwardation-Deficit,1.83519414525835,SELL,1.6071428571429,-1.125
2025-06-24,12.5943396226415,Backwardation-Deficit,2.50259898812252,SELL,-3.02596355426552,-5.66764789331826
2025-06-25,13.7380952380952,Backwardation-Deficit,2.79736043391939,SELL,-4.46726190476183,-6.15445736434096
2025-06-26,17.25,Deep-Backwardation,3.66210299855847,SELL,-6.3631465517242,-9.21529411764709
2025-06-27,14.7402597402598,Backwardation-Deficit,3.16046128582611,SELL,-4.4902597402598,-6.6152597402598
2025-06-29,14.6416666666667,Easing-Backwardation,3.1833695013307,SELL,1.6916666666666,-6.09166666666674
2025-06-30,17.7331730769231,Deep-Backwardation,3.95742006894063,SELL,0.600160256410298,-9.51626131221724
2025-07-01,23.4393939393939,Deep-Backwardation,5.39917328544015,SELL,-2.3646656785243,-12.5575258075258
2025-07-02,25.6666666666666,Deep-Backwardation,6.10410354896193,SELL,-6.3791666666666,-15.535262978142
2025-07-03,32.9375,Deep-Backwardation,8.06203727840791,SELL,-8.9910714285714,-16.875
2025-07-04,45.5416666666666,Deep-Backwardation,11.4776539976833,SELL,-35.7916666666666,-32.9507575757575
2025-07-06,43.8157894736842,Deep-Backwardation,11.1726956871716,SELL,-31.2214498510427,-32.4586466165413
2025-07-07,57.2000000000001,Deep-Backwardation,14.8226916157562,SELL,-43.4619047619049,-47.6316239316241
2025-07-08,64.7083333333334,Deep-Backwardation,16.9446228177872,SELL,-47.4583333333334,-55.4375
2025-07-09,66.25,Deep-Backwardation,17.4958283381304,SELL,-51.5097402597402,-55.3631465517242
2025-07-10,74.4446202531645,Deep-Backwardation,19.8352110753709,SELL,-59.8029535864978,-64.1946202531645
2025-07-11,16.5833333333334,Deep-Backwardation,4.27729002376427,SELL,1.1498397435897,-0.2500000000001
2025-07-13,16.1038461538462,Deep-Backwardation,4.20060968249783,SELL,7.3355477855477,2.2294871794872
2025-07-14,12.4440559440559,Easing-Backwardation,3.20865478323937,SELL,13.2226107226107,8.6306723168137
2025-07-15,14.0833333333333,Deep-Backwardation,3.69800656973371,SELL,18.8541666666667,5.2041666666667
2025-07-16,14.2666666666667,Deep-Backwardation,3.76025650820799,SELL,31.2749999999999,9.6797619047619
2025-07-17,20.2228739002932,Deep-Backwardation,5.44157664953643,SELL,23.592915573391,-10.4728739002932
2025-07-18,17.7857142857143,Deep-Backwardation,4.69358223951168,SELL,39.4142857142858,-5.1913746630728
2025-07-20,17.7045454545454,Deep-Backwardation,4.567023002181,SELL,47.003787878788,-3.9664502164502
2025-07-21,25.1517857142857,Deep-Backwardation,6.39913838845037,SELL,41.0982142857143,-7.9017857142857
2025-07-22,18.6428571428571,Deep-Backwardation,4.52589973696049,SELL,55.8017631103074,-3.9025974025973
2025-07-23,16.96875,Deep-Backwardation,3.98842245900135,SELL,-0.3854166666666,-2.3270833333333
2025-07-24,13.4375,Easing-Backwardation,3.02233951298807,SELL,2.6663461538462,4.2956730769231
2025-07-25,16.625,Deep-Backwardation,3.74071049801605,SELL,-4.1809440559441,6.8143939393939
2025-07-27,16.5,Deep-Backwardation,3.63328353919704,SELL,-2.4166666666667,9.1666666666666
2025-07-28,10.9583333333334,Easing-Backwardation,2.27083030471046,SELL,3.3083333333333,21.9791666666666
2025-07-29,9.64285714285722,Easing-Backwardation,1.92561477788552,SELL,10.580016757436,35.8988095238094
2025-07-30,7.50169491525423,Stable-Elevated,1.40072587134892,FLAT,10.2840193704601,36.31409455843
2025-07-31,8.14374999999996,Easing-Backwardation,1.51793937446245,FLAT,9.56079545454544,49.0562500000002
2025-08-01,8.4375,Easing-Backwardation,1.55207523590859,FLAT,16.7142857142857,56.2708333333334
2025-08-03,7.17293233082705,Stable-Elevated,1.2407177368806,FLAT,11.4699248120301,59.077067669173
2025-08-04,6.5454545454545,Stable-Elevated,1.07530074664695,FLAT,10.4232954545455,67.89916570771
2025-08-05,5.70000000000005,Stable-Elevated,0.861869295484997,FLAT,7.73749999999995,10.8833333333334
2025-08-06,5.26666666666665,Stable-Elevated,0.739822926260892,FLAT,11.3583333333334,10.8371794871795
2025-08-07,4.39285714285711,Stable-Elevated,0.537219407576765,FLAT,12.1071428571429,8.05119880119879
2025-08-08,5,Stable-Elevated,0.658925646350036,FLAT,5.9583333333334,9.0833333333333
2025-08-10,4.53959276018099,Stable-Elevated,0.556105640955849,FLAT,5.10326438267623,9.72707390648571
2025-08-11,7.54085956416463,Stable-Elevated,1.17670151597703,FLAT,-0.0391646489103996,12.6820143361286
2025-08-12,5.76871257485027,Stable-Elevated,0.798832919853197,FLAT,2.37503742514969,12.017001710864
2025-08-13,1.85416666666663,Stable-Elevated,-0.0330253693273413,FLAT,6.58333333333337,15.8503787878788
2025-08-14,1.4375,Stable-Elevated,-0.129265225267546,FLAT,5.73543233082705,23.7142857142857
2025-08-15,0.231481481481524,Stable-Elevated,-0.392938890290911,FLAT,6.31397306397298,18.4113756613756
2025-08-17,1.97756410256409,Stable-Elevated,-0.0311902619230064,FLAT,3.72243589743596,14.9911858974359
2025-08-18,2.25,Stable-Elevated,0.0186733377906758,FLAT,3.01666666666665,11.1875
2025-08-19,3.625,Stable-Elevated,0.302913252342131,FLAT,0.76785714285711,13
2025-08-20,3.66071428571433,Stable-Elevated,0.304276790394021,FLAT,1.33928571428567,12.8392857142857
2025-08-21,5.07500000000005,Stable-Elevated,0.599144517406593,FLAT,-0.53540723981906,5.88333333333335
2025-08-22,4.58704453441305,Stable-Elevated,0.489603557149598,FLAT,2.95381502975158,5.05581260844417
2025-08-24,4.33333333333337,Stable-Elevated,0.430149618451741,FLAT,1.4353792415169,3.16836158192086
2025-08-25,5.25,Stable-Elevated,0.621934860318418,FLAT,-3.39583333333337,2.89374999999996
2025-08-26,4.09126984126988,Stable-Elevated,0.369559475092989,FLAT,-2.65376984126988,4.34623015873012
2025-08-27,3.13611111111106,Stable-Elevated,0.161427917129275,FLAT,-2.90462962962954,4.03682121971599
2025-08-28,3.11607142857145,Stable-Elevated,0.153056388578256,FLAT,-1.13850732600736,3.42938311688305
2025-08-29,2.66666666666663,Stable-Elevated,0.0514011244095602,FLAT,-0.41666666666663,3.03333333333342
2025-08-31,2.56666666666661,Stable-Elevated,0.0253805127760137,FLAT,1.05833333333339,2.70000000000004
2025-09-01,3.17410714285711,Stable-Elevated,0.152854453956377,FLAT,0.48660714285722,1.21875
2025-09-02,4.28125,Stable-Elevated,0.388762932509895,FLAT,0.79375000000005,0.71875
2025-09-03,6.79166666666663,Stable-Elevated,0.930868824758013,FLAT,-2.20462213225358,-2.25207390648564
2025-09-04,5.88257575757575,Stable-Elevated,0.732081282606206,FLAT,-1.54924242424238,1.65828380658888
2025-09-05,5.75,Stable-Elevated,0.701832878428442,FLAT,-0.5,0.0187125748502703
2025-09-07,6.72018970189697,Stable-Elevated,0.90789721396189,FLAT,-2.62891986062709,-4.86602303523034
2025-09-08,5.33333333333337,Stable-Elevated,0.59911622728689,FLAT,-2.19722222222231,-3.89583333333337
2025-09-09,3.10714285714289,Stable-Elevated,0.104670101831798,FLAT,0.00892857142856007,-2.87566137566137
2025-09-10,4.35000000000002,Stable-Elevated,0.369815488148969,FLAT,-1.68333333333339,-2.37243589743593
2025-09-11,4.33715277777776,Stable-Elevated,0.35821272816642,FLAT,-1.77048611111115,-2.08715277777776
2025-09-12,11.5952380952381,Backwardation-Deficit,1.94481058901632,SELL,-8.42113095238099,-7.9702380952381
2025-09-14,11.8465608465608,Backwardation-Deficit,1.99290795346645,SELL,-7.5653108465608,-8.18584656084647
2025-09-15,12.4203296703297,Backwardation-Deficit,2.11161294943914,SELL,-5.62866300366307,-7.34532967032965
2025-09-16,13.5616883116884,Backwardation-Deficit,2.35302042150135,SELL,-7.67911255411265,-8.97464377727535
2025-09-17,13.5,Backwardation-Deficit,2.33312456393374,SELL,-7.75,-9.16666666666663
2025-09-18,12.411111111111,Backwardation-Deficit,2.08631384997337,SELL,-5.69092140921403,-7.161111111111
2025-09-19,11.7574404761905,Backwardation-Deficit,1.93636653869155,SELL,-6.42410714285713,-7.66617063492062
2025-09-21,12.53125,Backwardation-Deficit,2.10188790776261,SELL,-9.42410714285711,-9.39513888888894
2025-09-22,11.8166666666666,Backwardation-Deficit,1.93695788739263,SELL,-7.46666666666658,-8.70059523809515
2025-09-23,12.3125,Backwardation-Deficit,2.03757466664849,SELL,-7.97534722222224,-9.64583333333337
2025-09-24,10.7666666666667,Backwardation-Deficit,1.69470260522744,FLAT,0.828571428571401,-8.20000000000009
2025-09-25,10.7321428571429,Easing-Backwardation,1.68501527320902,FLAT,1.1144179894179,-7.55803571428579
2025-09-26,9.73809523809518,Easing-Backwardation,1.46619216428945,FLAT,2.68223443223452,-5.45684523809518
2025-09-28,9.41919191919192,Stable-Elevated,1.39647709028801,FLAT,4.14249639249648,-2.62752525252529
2025-09-29,7.6875,Stable-Elevated,1.01600118466875,FLAT,5.8125,-1.80492424242425
2025-09-30,7,Stable-Elevated,0.865151254275694,FLAT,5.411111111111,-1.25
2025-10-01,6.67320261437908,Stable-Elevated,0.793024590960909,FLAT,5.08423786181142,0.0469870875178904
2025-10-02,6.38857142857148,Stable-Elevated,0.730846967686236,FLAT,6.14267857142852,-1.05523809523811
2025-10-03,4.52272727272737,Stable-Elevated,0.324051273793712,FLAT,7.29393939393923,-1.41558441558448
2025-10-05,4.83680555555554,Stable-Elevated,0.394962072801385,FLAT,7.47569444444446,-0.48680555555552
2025-10-06,2.875,Stable-Elevated,-0.0290701229607303,FLAT,7.8916666666667,1.46215277777776
2025-10-07,3.80000000000007,Stable-Elevated,0.168882684149112,FLAT,6.93214285714283,7.79523809523803
2025-10-08,3.79166666666663,Stable-Elevated,0.162679494542815,FLAT,5.94642857142855,8.05489417989417
2025-10-09,5.30555555555554,Stable-Elevated,0.486479208893176,FLAT,4.11363636363638,7.11477411477416
2025-10-10,6.71843434343441,Stable-Elevated,0.787842857964435,FLAT,0.96906565656559,6.84325396825399
2025-10-12,9.61249999999995,Backwardation-Deficit,1.41005655010365,FLAT,-2.61249999999995,3.88750000000005
2025-10-13,9.54166666666663,Stable-Elevated,1.38874465774804,FLAT,-2.86846405228755,2.86944444444437
2025-10-14,7.80555555555554,Stable-Elevated,1.00816229527694,FLAT,-1.41698412698406,3.95188492063496
2025-10-15,7.54166666666663,Stable-Elevated,0.946099747858038,FLAT,-3.01893939393926,4.98958333333337
2025-10-16,7.46666666666658,Stable-Elevated,0.923358334142107,FLAT,-2.62986111111104,4.35000000000002
2025-10-17,7.375,Stable-Elevated,0.897755906288685,FLAT,-4.5,4.9375
2025-10-19,8.35416666666663,Stable-Elevated,1.104729178342,FLAT,-4.55416666666656,2.41250000000007
2025-10-20,8.5,Stable-Elevated,1.13231188422094,FLAT,-4.70833333333337,2.2321428571429
2025-10-21,9.75,Stable-Elevated,1.39421952689105,FLAT,-4.44444444444446,-0.0119047619048196
2025-10-22,14.3555555555555,Backwardation-Deficit,2.37867645395004,SELL,-7.63712121212109,-4.93636363636358
2025-10-23,15,Backwardation-Deficit,2.50714026062382,SELL,-5.38750000000005,-7.3125
2025-10-24,16.1833333333334,Backwardation-Deficit,2.75774235422754,SELL,-6.64166666666677,-9.1833333333334
2025-10-26,16.725,Backwardation-Deficit,2.86891943816874,SELL,-8.91944444444446,-10.0517973856209
2025-10-27,17.125,Backwardation-Deficit,2.95125223221707,SELL,-9.58333333333337,-10.7364285714285
2025-10-28,16.5833333333334,Backwardation-Deficit,2.82631711405661,SELL,-9.11666666666682,-12.060606060606
2025-10-29,17.875,Backwardation-Deficit,3.098499227956,SELL,-10.5,-13.0381944444445
2025-10-30,18.75,Backwardation-Deficit,3.28117341219686,SELL,-10.3958333333334,-15.875
2025-10-31,16.7666666666667,Backwardation-Deficit,2.83341659741038,SELL,-8.2666666666667,-12.9666666666666
2025-11-03,16.5,Backwardation-Deficit,2.7611662516155,SELL,-6.75,-12.7083333333334
2025-11-04,18.8857142857144,Backwardation-Deficit,3.2235924395144,SELL,-4.5301587301589,-13.5801587301589
2025-11-05,27.4829545454545,Deep-Backwardation,5.0287517057821,SELL,-12.4829545454545,-20.7645202020201
2025-11-06,48.6958333333333,Deep-Backwardation,9.50711339321313,SELL,-32.5124999999999,-39.0833333333334
2025-11-07,39.2666666666667,Deep-Backwardation,7.49694498520939,SELL,-22.5416666666667,-29.7250000000001
2025-11-10,27.3,Deep-Backwardation,4.95496007435146,SELL,-10.175,-19.4944444444445
2025-11-11,30.1,Deep-Backwardation,5.53613133779242,SELL,-13.5166666666666,-22.5583333333334
2025-11-12,21.4469696969697,Deep-Backwardation,3.68825720486986,SELL,-3.5719696969697,-13.9803030303031
2025-11-13,22.9545454545455,Deep-Backwardation,3.95443068621209,SELL,-4.2045454545455,-15.5795454545455
2025-11-14,27.8888888888889,Deep-Backwardation,4.90623220123819,SELL,-11.1222222222222,-19.5347222222223
2025-11-17,31.4821428571429,Deep-Backwardation,5.52403492414038,SELL,-14.9821428571429,-22.9821428571429
2025-11-18,42.9047619047619,Deep-Backwardation,7.7240389939616,SELL,-24.0190476190475,-33.1547619047619
2025-11-19,44.0039682539682,Deep-Backwardation,7.72028609006403,SELL,-16.5210137085137,-29.6484126984127
2025-11-20,40.3333333333333,Deep-Backwardation,7.00205823774425,SELL,8.3625,-25.3333333333333
2025-11-21,33.6547619047619,Deep-Backwardation,5.68180243124123,SELL,5.6119047619048,-17.4714285714285
2025-11-24,33.125,Deep-Backwardation,5.55725527838128,SELL,-5.825,-16.4
2025-11-25,25.8333333333334,Deep-Backwardation,4.08533019229991,SELL,4.2666666666666,-8.7083333333334
2025-11-26,14.625,Easing-Backwardation,1.89096719275703,SELL,6.8219696969697,1.9583333333334
2025-11-27,14.0082417582418,Easing-Backwardation,1.75299965892804,SELL,8.9463036963037,3.8667582417582
2025-11-28,16.8229166666666,Easing-Backwardation,2.26372418806862,SELL,11.0659722222223,1.9270833333334
2025-12-01,19.25,Easing-Backwardation,2.65604665996145,SELL,12.2321428571429,-2.4833333333333
2025-12-02,15.3552631578947,Easing-Backwardation,1.85789212559579,SELL,27.5494987468672,1.1447368421053
2025-12-03,11.125,Stable-Elevated,1.01024111223326,FLAT,32.8789682539682,7.7607142857144
2025-12-04,11.4166666666666,Stable-Elevated,0.942751566357656,FLAT,28.9166666666667,16.0662878787879
2025-12-05,11.6666666666666,Stable-Elevated,0.891648115975026,FLAT,21.9880952380953,37.0291666666667
2025-12-08,9.49374999999998,Stable-Elevated,0.475644190450411,FLAT,23.63125,29.7729166666667
2025-12-09,3.60000000000002,Stable-Elevated,-0.324377442075384,FLAT,22.2333333333334,23.7
2025-12-10,10,Stable-Elevated,0.383625247673648,FLAT,4.625,20.1
2025-12-11,4.08928571428567,Stable-Elevated,-0.277026457059268,FLAT,9.91895604395613,17.357683982684
2025-12-12,3.55681818181813,Stable-Elevated,-0.33898274662769,FLAT,13.2660984848485,19.3977272727274
2025-12-15,3.02272727272725,Stable-Elevated,-0.401505883326315,FLAT,16.2272727272728,24.8661616161617
2025-12-16,2.75,Stable-Elevated,-0.43675919534196,FLAT,12.6052631578947,28.7321428571429
2025-12-17,4.32500000000005,Stable-Elevated,-0.285740548803454,FLAT,6.79999999999995,38.5797619047619
2025-12-18,2.3125,Stable-Elevated,-0.497033221598305,FLAT,9.1041666666666,41.6914682539682
2025-12-19,2.35000000000002,Stable-Elevated,-0.502142757567352,FLAT,9.31666666666658,37.9833333333333
2025-12-22,2.41666666666663,Stable-Elevated,-0.50343832515027,FLAT,7.07708333333335,31.2380952380953
2025-12-23,2.70833333333337,Stable-Elevated,-0.482891534798775,FLAT,0.89166666666665,30.4166666666666
2025-12-24,2.52857142857147,Stable-Elevated,-0.510288082980872,FLAT,7.47142857142853,23.3047619047619
2025-12-26,2.5,Stable-Elevated,-0.521946893784422,FLAT,1.58928571428567,12.125
2025-12-29,2.25,Stable-Elevated,-0.555259471966729,FLAT,1.30681818181813,11.7582417582418
2025-12-30,2.75,Stable-Elevated,-0.512430674907833,FLAT,0.27272727272725,14.0729166666666
2025-12-31,2.51071428571436,Stable-Elevated,-0.545472646875884,FLAT,0.23928571428564,16.7392857142856
2026-01-02,2,Stable-Elevated,-0.60641053738538,FLAT,2.32500000000005,13.3552631578947
2026-01-05,2.05555555555554,Stable-Elevated,-0.609295294182264,FLAT,0.25694444444446,9.06944444444446
2026-01-06,1.375,Stable-Elevated,-0.682800895999049,FLAT,0.97500000000002,10.0416666666666
2026-01-07,1.35000000000002,Stable-Elevated,-0.688614805777791,FLAT,1.06666666666661,10.3166666666666
2026-01-08,0.333333333333371,Easing-Backwardation,-0.795756945066513,FLAT,2.375,9.16041666666661
2026-01-09,0.899999999999977,Easing-Backwardation,-0.741447102087562,FLAT,1.62857142857149,2.70000000000004
2026-01-12,2.53552631578953,Stable-Elevated,-0.577118280609067,FLAT,-0.03552631578953,7.46447368421047
2026-01-13,4.04166666666663,Stable-Elevated,-0.425445483913786,FLAT,-1.79166666666663,0.0476190476190403
2026-01-14,3.66666666666663,Stable-Elevated,-0.465310014224966,FLAT,-0.91666666666663,-0.1098484848485
2026-01-15,3.75,Stable-Elevated,-0.458250859611569,FLAT,-1.23928571428564,-0.72727272727275
2026-01-16,4.25,Stable-Elevated,-0.407914070580178,FLAT,-2.25,-1.5
2026-01-19,4.75392156862745,Stable-Elevated,-0.357856397476893,FLAT,-2.69836601307191,-0.4289215686274
2026-01-20,4.80555555555566,Stable-Elevated,-0.353644199047933,FLAT,-3.43055555555566,-2.49305555555566
2026-01-21,9.58333333333326,Stable-Elevated,0.133708953613397,FLAT,-8.23333333333324,-7.23333333333324
2026-01-22,7.5,Stable-Elevated,-0.079979805942957,FLAT,-7.16666666666663,-5.08333333333337
2026-01-23,7.5,Stable-Elevated,-0.0789077450722392,FLAT,-6.60000000000002,-4.79166666666663
2026-01-26,10.4857142857144,Stable-Elevated,0.227280062631265,FLAT,-7.95018796992487,-7.95714285714293
2026-01-27,9.5625,Stable-Elevated,0.134551187299701,FLAT,-5.52083333333337,-7.0625
2026-01-28,9.25,Stable-Elevated,0.10337609500293,FLAT,-5.58333333333337,-7
2026-01-29,8.66666666666663,Stable-Elevated,0.0445339691543552,FLAT,-4.91666666666663,-5.91666666666663
2026-01-30,12,Stable-Elevated,0.384631010738727,FLAT,-7.75,-9.48928571428564
2026-02-02,8.16666666666663,Stable-Elevated,-0.0063612427166494,FLAT,-3.41274509803918,-6.16666666666663
2026-02-03,7.16666666666663,Stable-Elevated,-0.10952196069077,FLAT,-2.36111111111097,-5.11111111111109
2026-02-04,6.25,Stable-Elevated,-0.204225548872767,FLAT,3.33333333333326,-4.875
2026-02-05,6.11666666666667,Stable-Elevated,-0.218145581302397,FLAT,1.38333333333333,-4.76666666666665
2026-02-06,4.875,Stable-Elevated,-0.34493150842202,FLAT,2.625,-4.54166666666663
2026-02-19,13,Stable-Elevated,0.477201775708675,FLAT,-2.5142857142856,-12.1
2026-02-20,9.99374999999998,Stable-Elevated,0.16631261528774,FLAT,-0.431249999999981,-7.45822368421045
2026-02-23,11.15,Stable-Elevated,0.283068599550664,FLAT,-1.9,-7.10833333333337
2026-02-24,11.5666666666666,Stable-Elevated,0.324267157331681,FLAT,-2.89999999999997,-7.89999999999997
2026-02-25,10.75,Stable-Elevated,0.238792044422246,FLAT,1.25,-7
2026-02-26,10.1,Stable-Elevated,0.169806162340091,FLAT,-1.93333333333337,-5.85
2026-02-27,9.58333333333326,Stable-Elevated,0.114464901169375,FLAT,-2.41666666666663,-4.82941176470581
2026-03-02,28.8942307692307,Backwardation-Deficit,2.11275380965596,SELL,-22.6442307692307,-24.088675213675
2026-03-03,44.1666666666666,Deep-Backwardation,3.69741023530036,SELL,-38.0499999999999,-34.5833333333333
2026-03-04,62.7083333333334,Deep-Backwardation,5.62415193578765,SELL,-57.8333333333334,-55.2083333333334
2026-03-05,69,Deep-Backwardation,6.28013042577543,SELL,-56,-61.5
2026-03-06,98.75,Deep-Backwardation,9.38290786084174,SELL,-88.75625,-88.2642857142856
2026-03-08,114.208333333333,Deep-Backwardation,11.0025683765972,SELL,-103.058333333333,-104.645833333333
2026-03-09,66.25,Deep-Backwardation,6.00145029676721,SELL,-54.6833333333334,-57
2026-03-10,58.1969696969696,Deep-Backwardation,5.16313232177498,SELL,-47.4469696969696,-49.530303030303
2026-03-11,53.625,Deep-Backwardation,4.68593847408041,SELL,-43.525,-41.625
2026-03-12,57.0833333333333,Deep-Backwardation,5.05049736938368,SELL,-47.5,-48.9166666666667
2026-03-13,112.875,Deep-Backwardation,10.912503598118,SELL,-83.9807692307693,-105.708333333333
2026-03-15,113.458333333333,Deep-Backwardation,10.9778141268919,SELL,-69.2916666666664,-107.208333333333
2026-03-16,110.625,Deep-Backwardation,10.6821659505769,SELL,-47.9166666666666,-104.508333333333
2026-03-17,124.75,Deep-Backwardation,12.170722412543,SELL,-55.75,-119.875
2026-03-18,148.625,Deep-Backwardation,14.6831299028524,SELL,-49.875,-135.625
2026-03-19,155.833333333333,Deep-Backwardation,15.4423476802205,SELL,-41.625,-145.839583333333
2026-03-20,161,Deep-Backwardation,15.9865773374453,SELL,-94.75,-149.85
2026-03-22,158.833333333333,Deep-Backwardation,15.7574722052391,SELL,-100.636363636363,-147.266666666666
2026-03-23,141.964285714286,Deep-Backwardation,13.9785166069458,SELL,-88.339285714286,-131.214285714286
2026-03-24,155.333333333333,Deep-Backwardation,15.3802827999962,SELL,-98.2499999999997,-145.233333333333
2026-03-25,133,Deep-Backwardation,13.0237029838469,SELL,-20.125,-123.416666666667
2026-03-26,160,Deep-Backwardation,15.8546043603931,SELL,-46.541666666667,-131.105769230769
2026-03-27,184.25,Deep-Backwardation,18.3966214725659,SELL,-73.625,-140.083333333333
2026-03-29,181.825,Deep-Backwardation,18.1413594234223,SELL,-57.075,-119.116666666667
2026-03-30,148.0875,Deep-Backwardation,14.6026269516816,SELL,0.537499999999994,-79.0875
2026-03-31,120.729166666667,Deep-Backwardation,11.7323379084889,SELL,35.104166666666,-21.979166666667
2026-04-01,137,Deep-Backwardation,13.4489856504996,SELL,24,-22.791666666667
2026-04-02,160.666666666667,Deep-Backwardation,15.9465509023891,SELL,-1.833333333334,-94.416666666667
2026-04-05,178.444444444444,Deep-Backwardation,17.832861997161,SELL,-36.480158730158,-120.247474747474
2026-04-06,156.666666666667,Deep-Backwardation,15.5513585555331,SELL,-1.333333333334,-103.041666666667
2026-04-07,146.77380952381,Deep-Backwardation,14.5149659068594,SELL,-13.77380952381,-89.6904761904767
2026-04-08,111.5625,Deep-Backwardation,10.8023858388175,SELL,48.4375,1.3125
2026-04-09,142.5,Deep-Backwardation,14.076024700775,SELL,41.75,-29.041666666667
2026-04-10,107.625,Deep-Backwardation,10.3975513224218,SELL,74.2,3
2026-04-12,122,Deep-Backwardation,11.9129064263736,SELL,26.0875,2.75
2026-04-13,99.2142857142858,Deep-Backwardation,9.50145057988354,SELL,21.5148809523812,49.4107142857142
2026-04-14,83.875,Deep-Backwardation,7.87180181870277,SELL,53.125,71.958333333333
2026-04-15,100.85,Deep-Backwardation,9.65412214054236,SELL,59.816666666667,60.15
2026-04-16,95.0833333333333,Deep-Backwardation,9.03230581206922,SELL,83.3611111111107,63.7499999999997
2026-04-17,62,Deep-Backwardation,5.53647473598186,SELL,94.666666666667,79.964285714286
2026-04-19,86.4000000000001,Deep-Backwardation,8.09656111850901,SELL,60.3738095238099,68.9333333333329
2026-04-20,60.75,Deep-Backwardation,5.38273808005991,SELL,50.8125,72.25
2026-04-21,75.5,Deep-Backwardation,6.92646319477965,SELL,67,84.5
2026-04-22,84.625,Deep-Backwardation,7.87913153464316,SELL,23,99.625
2026-04-23,87.25,Deep-Backwardation,8.14088793394847,SELL,34.75,94.575
2026-04-24,90.4642857142858,Deep-Backwardation,8.41787705307323,SELL,8.75,57.6232142857142
2026-04-26,96.1666666666667,Deep-Backwardation,8.72200497027103,SELL,-12.2916666666667,24.5625000000003
2026-04-27,73.5,Deep-Backwardation,6.31275612597639,SELL,27.35,63.5
2026-04-28,62.25,Deep-Backwardation,5.15945510154647,SELL,32.8333333333333,98.416666666667
2026-04-29,68.625,Deep-Backwardation,5.74614946572202,SELL,-6.625,109.819444444444
2026-04-30,74.7000000000001,Deep-Backwardation,6.33191838050331,SELL,11.7,81.9666666666669
2026-05-01,72.8333333333335,Deep-Backwardation,6.12452837088026,SELL,-12.0833333333335,73.9404761904765
2026-05-03,72.0999999999999,Deep-Backwardation,6.0119066741292,SELL,3.40000000000011,39.4625000000001
2026-05-04,71.4791666666667,Deep-Backwardation,5.89625779473497,SELL,13.1458333333333,71.0208333333333
2026-05-05,55.5,Deep-Backwardation,4.25120247185714,SELL,31.75,52.125
2026-05-06,43.375,Easing-Backwardation,3.02384986047693,SELL,47.0892857142858,78.625
2026-05-07,36.5,Easing-Backwardation,2.33508734033305,SELL,59.6666666666667,62.7142857142858
2026-05-08,27,Easing-Backwardation,1.43815681916511,FLAT,46.5,56.875
2026-05-10,26.75,Stable-Elevated,1.39537002406968,FLAT,35.5,74.1
2026-05-11,14.3083333333332,Stable-Elevated,0.257927791686679,FLAT,54.3166666666668,80.7750000000001
2026-05-12,11.0250000000001,Stable-Elevated,-0.0433523327700957,FLAT,63.675,50.9749999999999
2026-05-13,36.625,Easing-Backwardation,2.27400667968267,SELL,36.2083333333335,49.7750000000001
2026-05-14,34,Easing-Backwardation,2.03251642206401,SELL,38.0999999999999,26.75
2026-05-15,41.125,Easing-Backwardation,2.67325243455878,SELL,30.3541666666667,34.375
2026-05-17,41.4642857142858,Easing-Backwardation,2.70176358876227,SELL,14.0357142857142,43.1607142857142
2026-05-18,37.9583333333333,Easing-Backwardation,2.38339017420217,SELL,5.4166666666667,49.2916666666667
2026-05-19,29.4583333333333,Easing-Backwardation,1.61007304603219,FLAT,7.0416666666667,61.0059523809525
2026-05-20,23.875,Stable-Elevated,1.10067522277824,FLAT,3.125,72.2916666666667
