iso_week,release_date,pos_date,net_pos,friday,twap_weekly,ret_1w,ret_2w,ret_4w,net_pos_chg,pos_pct,pos_z,pos_z52,regime
2021-W01,2021-01-04,2020-12-29,179368,2021-01-09,52.3885654892265,,,,,0.987654320987654,2.02520870112945,,Extreme Long  (>90th)
2021-W01,2021-01-08,2021-01-05,187450,2021-01-09,52.3885654892265,,,,8082,1,2.24305364361468,0.707106781186548,Extreme Long  (>90th)
2021-W02,2021-01-15,2021-01-12,179673,2021-01-16,52.2117555970718,0.00338640005747375,,,-7777,0.993827160493827,2.03342977356919,-0.543737915348501,Extreme Long  (>90th)
2021-W03,2021-01-22,2021-01-19,163875,2021-01-23,52.1592732846961,0.00100619332039468,0.00439600075098644,,-15798,0.907407407407407,1.60760517552641,-1.3883623684984,Extreme Long  (>90th)
2021-W04,2021-01-29,2021-01-26,168371,2021-01-30,52.222630999337,-0.00121322333686517,-0.000208250753688191,,4496,0.925925925925926,1.72879186958897,-0.776640573622966,Extreme Long  (>90th)
2021-W05,2021-02-05,2021-02-02,153941,2021-02-06,56.9473200735359,-0.0829659599099296,-0.0840785270080666,-0.0800521355249494,-14430,0.87037037037037,1.33984080301363,-1.47676307400009,Long  (60-90th)
2021-W06,2021-02-12,2021-02-09,144777,2021-02-13,59.5884628682873,-0.0443230563035216,-0.123611711301088,-0.123794219822733,-9164,0.820987654320988,1.09283126911922,-1.53522234820952,Long  (60-90th)
2021-W07,2021-02-19,2021-02-16,135741,2021-02-20,59.0489577703889,0.00913657274013673,-0.0355914443913671,-0.116677495180918,-9036,0.765432098765432,0.849271890215906,-1.56048211719642,Long  (60-90th)
2021-W08,2021-02-26,2021-02-23,147610,2021-02-27,61.6332943654696,-0.0419308528237395,-0.0331773843704829,-0.152687982413041,11869,0.833333333333333,1.16919290263328,-0.821356940642961,Long  (60-90th)
2021-W09,2021-03-05,2021-03-02,155628,2021-03-06,66.1774700867956,-0.0686665071264585,-0.107718114745958,-0.139475715846402,8018,0.882716049382716,1.38531276762296,-0.35369022033093,Long  (60-90th)
2021-W10,2021-03-12,2021-03-09,173292,2021-03-14,65.56333333,0.00936707646794604,-0.0599426350815528,-0.0911312796077554,17664,0.969135802469136,1.86143415639543,0.641306170339076,Extreme Long  (>90th)
2021-W11,2021-03-19,2021-03-16,163009,2021-03-21,58.75769231,0.115825532835668,0.126277555926627,0.0049570609215249,-10283,0.901234567901234,1.58426272066472,0.017852907100561,Extreme Long  (>90th)
2021-W12,2021-03-26,2021-03-23,169691,2021-03-28,60.735,-0.0325563133283938,0.0794983671688484,0.014790390474514,6682,0.938271604938272,1.76437159293474,0.422933849994236,Extreme Long  (>90th)
2021-W13,2021-04-02,2021-03-30,175392,2021-04-04,61.33,-0.00970161421816401,-0.0419420787542801,0.0790391339767741,5701,0.975308641975309,1.91803826171825,0.752988581608227,Extreme Long  (>90th)
2021-W14,2021-04-09,2021-04-06,177332,2021-04-11,59.3275,0.033753318444229,0.0237242425519363,0.105108648265981,1940,0.981481481481481,1.97032967330218,0.831996364660695,Extreme Long  (>90th)
2021-W15,2021-04-16,2021-04-13,149087,2021-04-18,63.08185185,-0.0595155617645362,-0.0277710910289328,-0.068548392496185,-28245,0.839506172839506,1.20900445671033,-1.00514416001388,Long  (60-90th)
2021-W16,2021-04-23,2021-04-20,162242,2021-04-25,62.055,0.0165474474256708,-0.0439529449681734,-0.021271452743534,13155,0.895061728395062,1.56358874505396,-0.115980867606547,Long  (60-90th)
2021-W17,2021-04-30,2021-04-27,144774,2021-05-02,63.475,-0.0223710122095313,-0.00619374793225682,-0.0337928318235526,-17468,0.814814814814815,1.09275040611161,-1.23220934396718,Long  (60-90th)
2021-W18,2021-05-07,2021-05-04,144697,2021-05-09,64.83,-0.0209008175227518,-0.0428042572882924,-0.08487582909147,-77,0.808641975308642,1.09067492224978,-1.15792239902481,Long  (60-90th)
2021-W19,2021-05-14,2021-05-11,165541,2021-05-16,65.515,-0.010455620850187,-0.0311379073494619,-0.0371387949324582,20844,0.91358024691358,1.65251109908251,0.239446917482403,Extreme Long  (>90th)
2021-W20,2021-05-21,2021-05-18,161113,2021-05-23,63.858333335,0.0259428422021156,0.015215972830087,-0.0282395928741161,-4428,0.888888888888889,1.53315729985898,-0.0648928828532881,Long  (60-90th)
2021-W21,2021-05-28,2021-05-25,149216,2021-05-30,66.65,-0.0418854713428358,-0.0170292573143287,-0.0476369092273069,-11897,0.845679012345679,1.2124815660373,-0.871101593543778,Long  (60-90th)
2021-W22,2021-06-04,2021-06-01,145251,2021-06-06,69.4,-0.0396253602305475,-0.0798511046829972,-0.0658501440922191,-3965,0.82716049382716,1.10560762432065,-1.0965782662504,Long  (60-90th)
2021-W23,2021-06-11,2021-06-08,139090,2021-06-13,70.85,-0.0204657727593506,-0.0592801693719123,-0.0752999294283697,-6161,0.771604938271605,0.939541961037861,-1.43043999109063,Long  (60-90th)
2021-W24,2021-06-18,2021-06-15,141345,2021-06-20,71.695,-0.0117860380779692,-0.032010600460283,-0.109305623334961,2255,0.790123456790123,1.00032398842022,-1.20993939939523,Long  (60-90th)
2021-W25,2021-06-25,2021-06-22,151764,2021-06-27,74,-0.0311486486486487,-0.0425675675675677,-0.0993243243243242,10419,0.851851851851852,1.28116121382898,-0.488177886928492,Long  (60-90th)
2021-W26,2021-07-02,2021-06-29,166387,2021-07-04,75.08571429,-0.0144596652008489,-0.0451579148185793,-0.0757229833099853,14623,0.919753086419753,1.67531446722685,0.511699953262463,Extreme Long  (>90th)
2021-W27,2021-07-09,2021-07-06,171472,2021-07-10,74.6519549168852,0.00581042215971035,-0.00873325980024359,-0.0509290737411792,5085,0.95679012345679,1.81237726511566,0.841927109015604,Extreme Long  (>90th)
2021-W28,2021-07-16,2021-07-13,170153,2021-07-18,71.53,0.0436453923792147,0.0497094126939745,0.00230672445127907,-1319,0.944444444444444,1.77682449610576,0.729027030476742,Extreme Long  (>90th)
2021-W29,2021-07-23,2021-07-20,168389,2021-07-25,72.185,-0.00907390732146569,0.034175450812291,0.0251437279213133,-1764,0.932098765432099,1.7292770476346,0.59003403739468,Extreme Long  (>90th)
2021-W30,2021-07-30,2021-07-27,172154,2021-08-01,73.79,-0.0217509147580974,-0.030627456294891,0.0175594835343541,3765,0.962962962962963,1.83076012217764,0.837127954588481,Extreme Long  (>90th)
2021-W31,2021-08-06,2021-08-03,170287,2021-08-08,67.855,0.0874659199764203,0.0638125414486773,0.100168814632455,-1867,0.950617283950617,1.78043637711207,0.686011814146859,Extreme Long  (>90th)
2021-W32,2021-08-13,2021-08-10,152871,2021-08-15,68.025,-0.00249908122013968,0.0847482543182654,0.0515251745681734,-17416,0.858024691358025,1.31099966363486,-0.572183185361192,Long  (60-90th)
2021-W33,2021-08-20,2021-08-17,155148,2021-08-22,61.886,0.0991985263225932,0.0964515399282552,0.166418899266393,2277,0.876543209876543,1.37237468640632,-0.39760039221996,Long  (60-90th)
2021-W34,2021-08-27,2021-08-24,134184,2021-08-29,68.64,-0.0983974358974359,-0.00895979020979014,0.0750291375291376,-20964,0.753086419753086,0.807303989269419,-1.8339202267926,Long  (60-90th)
2021-W35,2021-09-03,2021-08-31,117584,2021-09-05,69.07333333,-0.00627352567350026,-0.104053662730627,-0.017638258807916,-16600,0.67283950617284,0.359862013860503,-2.65717469674389,Long  (60-90th)
2021-W36,2021-09-10,2021-09-07,113701,2021-09-12,69.71846154,-0.00925333399145471,-0.0154688086365941,-0.024290001566205,-3883,0.654320987654321,0.255198327685032,-2.58278156424174,Long  (60-90th)
2021-W37,2021-09-17,2021-09-14,96833,2021-09-19,72.0475,-0.0323264299247023,-0.0412806366633124,-0.14103889794927,-16868,0.487654320987654,-0.199467409736509,-3.04595939443285,Neutral (40-60th)
2021-W38,2021-09-24,2021-09-21,110168,2021-09-26,73.97333333,-0.0260341564088877,-0.0575189950007894,-0.0720980533107471,13335,0.635802469135803,0.159968659063363,-2.17342862849807,Long  (60-90th)
2021-W39,2021-10-01,2021-09-28,115897,2021-10-03,75.92222222,-0.0256695448712327,-0.0510354163339978,-0.0902092785186655,5729,0.660493827160494,0.314390049251175,-1.78940362002126,Long  (60-90th)
2021-W40,2021-10-08,2021-10-05,120201,2021-10-10,79.595,-0.0461433228217853,-0.0706283895973365,-0.124084910609963,4304,0.685185185185185,0.430401510827077,-1.5192175341407,Long  (60-90th)
2021-W41,2021-10-15,2021-10-12,110628,2021-10-17,82.555,-0.0358548846223731,-0.0803437439282904,-0.127278783841076,-9573,0.641975308641975,0.172367653562647,-1.85687115779146,Long  (60-90th)
2021-W42,2021-10-22,2021-10-19,128120,2021-10-24,83.99,-0.0170853673056315,-0.0523276580545303,-0.119260229432075,17492,0.740740740740741,0.643852896565824,-1.04160767993586,Long  (60-90th)
2021-W43,2021-10-29,2021-10-26,132110,2021-10-31,83.24,0.00901009130225853,-0.00822921672272932,-0.0879117945699183,3990,0.746913580246914,0.751400696679172,-0.844981246422608,Long  (60-90th)
2021-W44,2021-11-05,2021-11-02,141476,2021-11-06,81.3539873632787,0.0231827928519286,0.0324017632344243,-0.0216214032070007,9366,0.796296296296296,1.00385500641893,-0.416279626246494,Long  (60-90th)
2021-W45,2021-11-12,2021-11-09,125079,2021-11-13,80.785013840884,0.00704305780667906,0.030389128408784,0.021909832962364,-16397,0.722222222222222,0.561884761191215,-1.13491016091525,Long  (60-90th)
2021-W46,2021-11-19,2021-11-16,144038,2021-11-20,75.6586235728333,0.067756853428819,0.0752771266709959,0.110118001540782,18959,0.802469135802469,1.07291201491276,-0.270023118697744,Long  (60-90th)
2021-W47,2021-11-26,2021-11-23,139317,2021-11-26,74.5508792199577,0.0148589039387089,0.0836225499438159,0.116552894760713,-4721,0.777777777777778,0.945660595279898,-0.480619742045599,Long  (60-90th)
2021-W48,2021-12-03,2021-11-30,153528,2021-12-04,66.13172027221,0.127308936061136,0.144059511251316,0.230181023998939,14211,0.864197530864198,1.32870866230015,0.175531613756988,Long  (60-90th)
2021-W49,2021-12-10,2021-12-07,140739,2021-12-11,71.8403265179558,-0.0794624206547694,0.0377302391759654,0.124507887929666,-12789,0.783950617283951,0.983989660884204,-0.417765618772255,Long  (60-90th)
2021-W50,2021-12-17,2021-12-14,135283,2021-12-18,70.6326583888398,0.0170978716738604,-0.0637231872521585,0.0711563927882358,-5456,0.759259259259259,0.836926804388358,-0.665605234134368,Long  (60-90th)
2021-W52,2021-12-27,2021-12-21,123342,2022-01-01,75.3667844616575,-0.0211598997171866,-0.0628144892558894,-0.122534937047046,-11941,0.697530864197531,0.515065079788487,-1.20261954330898,Long  (60-90th)
2021-W52,2021-12-31,2021-12-28,104556,2022-01-01,75.3667844616575,-0.0211598997171866,-0.0628144892558894,-0.122534937047046,-18786,0.574074074074074,0.00870092617210832,-1.98226402827595,Neutral (40-60th)
2022-W01,2022-01-07,2022-01-04,99470,2022-01-08,78.9188421721547,-0.0450089942114039,-0.0652165081247057,-0.0896936075006999,-5086,0.512345679012346,-0.128388826052575,-2.11551100164547,Neutral (40-60th)
2022-W02,2022-01-14,2022-01-11,101851,2022-01-15,84.0953862341436,-0.0615556250324613,-0.1037940624731,-0.160088780706948,2381,0.537037037037037,-0.0642105523508505,-1.9126520741144,Neutral (40-60th)
2022-W03,2022-01-21,2022-01-18,106270,2022-01-22,84.819688821326,-0.00853932143877693,-0.0695693032027212,-0.130248744299877,4419,0.617283950617284,0.0549006578498723,-1.63108613056024,Long  (60-90th)
2022-W04,2022-01-28,2022-01-25,109561,2022-01-29,87.0383897672376,-0.0254910614941864,-0.0338127065650489,-0.134097210860551,3291,0.62962962962963,0.143607377191483,-1.42375044045839,Long  (60-90th)
2022-W05,2022-02-04,2022-02-01,99769,2022-02-05,92.2246941901105,-0.0562355285470716,-0.0802930867249066,-0.14427645583218,-9792,0.518518518518519,-0.120329479628041,-1.75662548148111,Neutral (40-60th)
2022-W06,2022-02-11,2022-02-08,102739,2022-02-12,93.589565820884,-0.0145835875912238,-0.0699990003819904,-0.101444851287276,2970,0.549382716049383,-0.0402751021000603,-1.55659030575479,Neutral (40-60th)
2022-W07,2022-02-18,2022-02-15,94638,2022-02-19,91.4828879802763,0.0230281081753987,0.00810868815153886,-0.0728354701743444,-8101,0.462962962962963,-0.258632176966785,-1.80045947881777,Neutral (40-60th)
2022-W08,2022-02-25,2022-02-22,105804,2022-02-26,91.9391203468508,-0.00496233121279954,0.0179515038626287,-0.0533040838450992,11166,0.604938271604938,0.042339937335381,-1.29709763153599,Long  (60-90th)
2022-W09,2022-03-04,2022-03-01,124386,2022-03-05,115.15769349779,-0.201624159408723,-0.205585964762034,-0.199144309087084,18582,0.709876543209877,0.543205406434686,-0.537116746140781,Long  (60-90th)
2022-W10,2022-03-11,2022-03-08,126828,2022-03-13,108.94,0.0570744767559213,-0.156057276052407,-0.140907234983624,2442,0.734567901234568,0.609027894624359,-0.412117649902088,Long  (60-90th)
2022-W11,2022-03-18,2022-03-15,118164,2022-03-20,105.6076923,0.0315536456429131,0.0904290302136454,-0.133747873967356,-8664,0.679012345679012,0.375495528663947,-0.732136699564818,Long  (60-90th)
2022-W12,2022-03-25,2022-03-22,123345,2022-03-27,112.615,-0.0622235732362474,-0.0326333081738667,-0.183597919044081,5181,0.703703703703704,0.515145942796091,-0.493021062182684,Long  (60-90th)
2022-W13,2022-04-01,2022-03-29,106697,2022-04-03,99.38,0.133175689273496,0.0626654487824512,0.158761254757397,-16648,0.623456790123457,0.0664101592655112,-1.14459626499168,Long  (60-90th)
2022-W14,2022-04-08,2022-04-05,102999,2022-04-10,97.975,0.0143403929573871,0.149425873947436,0.111916305179893,-3698,0.555555555555556,-0.0332669747743785,-1.26270078758728,Neutral (40-60th)
2022-W16,2022-04-18,2022-04-12,97461,2022-04-24,101.44,0.0514220228706625,-0.0341581230283912,0.110163643533123,-5538,0.506172839506173,-0.182540086811401,-1.43416901524811,Neutral (40-60th)
2022-W16,2022-04-22,2022-04-19,100913,2022-04-24,101.44,0.0514220228706625,-0.0341581230283912,0.110163643533123,3452,0.530864197530864,-0.089493719395041,-1.24083991159658,Neutral (40-60th)
2022-W17,2022-04-29,2022-04-26,95112,2022-05-01,104.525,-0.0295144702224349,0.0203898588854341,-0.0492226740014352,-5801,0.469135802469136,-0.245855821765349,-1.42103074588837,Neutral (40-60th)
2022-W18,2022-05-06,2022-05-03,97175,2022-05-08,110.74125,-0.0561331030668336,-0.0839908344903096,-0.115279988260924,2063,0.5,-0.190249026869651,-1.28128617904668,Neutral (40-60th)
2022-W19,2022-05-13,2022-05-10,88702,2022-05-15,110.205,0.00486593167279157,-0.051540311238147,-0.0322013520257701,-8473,0.41358024691358,-0.418633114679274,-1.56535485007465,Neutral (40-60th)
2022-W20,2022-05-20,2022-05-17,61789,2022-05-22,110.32,-0.00104242204496007,0.00381843727338652,-0.0804931109499637,-26913,0.117283950617284,-1.14405515589495,-2.47292231295917,Short (10-40th)
2022-W21,2022-05-27,2022-05-24,77102,2022-05-29,115.004,-0.0407290181211089,-0.04172898333971,-0.0911185697888769,15313,0.271604938271605,-0.731303410748155,-1.77781786347521,Short (10-40th)
2022-W22,2022-06-03,2022-05-31,67269,2022-06-05,120.285,-0.0439040611880117,-0.0828449100054039,-0.0793428108242923,-9833,0.166666666666667,-0.996345395338267,-2.02206740556576,Short (10-40th)
2022-W23,2022-06-10,2022-06-07,64775,2022-06-12,120.565,-0.00232239870609216,-0.0461244971592087,-0.0859287521254095,-2494,0.154320987654321,-1.06356950899308,-1.98603331149429,Short (10-40th)
2022-W24,2022-06-17,2022-06-14,53106,2022-06-19,111.475,0.0815429468490693,0.079031172908724,-0.0103610675039247,-11669,0.0617283950617284,-1.37809965423685,-2.23212156993749,Extreme Short (<10th)
2022-W25,2022-06-24,2022-06-21,73149,2022-06-26,107.13,0.0405582003173714,0.125408382339214,0.0734994866050594,20043,0.216049382716049,-0.837853900434386,-1.48738716013902,Short (10-40th)
2022-W26,2022-07-01,2022-06-28,73943,2022-07-03,108.435,-0.0120348595933048,0.0280352284778899,0.109282058375986,794,0.228395061728395,-0.816452157755189,-1.41132731556164,Short (10-40th)
2022-W27,2022-07-08,2022-07-05,88821,2022-07-10,104.79,0.0347838534211279,0.0223303750357858,0.150539173585266,14878,0.425925925925926,-0.415425548710981,-0.880738684362136,Neutral (40-60th)
2022-W28,2022-07-15,2022-07-12,67833,2022-07-17,97.37,0.0762041696621136,0.113638697750847,0.144859813084112,-20988,0.179012345679012,-0.981143149908711,-1.56325501242482,Short (10-40th)
2022-W29,2022-07-22,2022-07-19,59679,2022-07-24,95.105,0.0238157825561222,0.101834814152779,0.126439198780295,-8154,0.0864197530864198,-1.20092880457644,-1.7904144822625,Extreme Short (<10th)
2022-W30,2022-07-29,2022-07-26,59084,2022-07-31,98.295,-0.0324533292639503,-0.00941044814080062,0.103158858538074,-595,0.0740740740740741,-1.2169666344179,-1.76713193862086,Extreme Short (<10th)
2022-W31,2022-08-05,2022-08-02,75209,2022-08-07,88.47666667,0.110970877402292,0.0749161737152954,0.184380062495408,16125,0.246913580246914,-0.782327968546292,-1.1633577702711,Short (10-40th)
2022-W32,2022-08-12,2022-08-09,60734,2022-08-14,91.875,-0.0369886620952381,0.0698775510204082,0.0598095238095239,-14475,0.111111111111111,-1.17249198023569,-1.64799733512473,Short (10-40th)
2022-W33,2022-08-19,2022-08-16,79622,2022-08-21,90.83,0.0115050093581416,-0.0259092076406473,0.0470659473742156,18888,0.296296296296296,-0.663378484360777,-0.906241505401118,Short (10-40th)
2022-W34,2022-08-26,2022-08-23,85893,2022-08-28,92.98,-0.0231232523123253,-0.0118842761884277,0.0571628307162831,6271,0.382716049382716,-0.494347844132506,-0.632889439034252,Short (10-40th)
2022-W35,2022-09-02,2022-08-30,81534,2022-09-04,86.98,0.0689813750287422,0.0442630489767762,0.0172070208093814,-4359,0.314814814814815,-0.611841794181148,-0.775433958428755,Short (10-40th)
2022-W36,2022-09-09,2022-09-06,69268,2022-09-11,86.1,0.0102206736353079,0.0799070847851337,0.0670731707317074,-12266,0.203703703703704,-0.942463677938121,-1.20850393181332,Short (10-40th)
2022-W37,2022-09-16,2022-09-13,68709,2022-09-18,85.345,0.00884644677485495,0.0191575370554808,0.0642685570332181,-559,0.191358024691358,-0.957531151688337,-1.19213692850927,Short (10-40th)
2022-W38,2022-09-23,2022-09-20,74850,2022-09-25,79.375,0.0752125984251968,0.0847244094488188,0.17140157480315,6141,0.240740740740741,-0.792004575122907,-0.924754051712423,Short (10-40th)
2022-W39,2022-09-30,2022-09-27,86913,2022-10-02,79.705,-0.00414026723543063,0.0707609309328148,0.0912740731447212,12063,0.401234567901235,-0.466854421547139,-0.446433973259706,Neutral (40-60th)
2022-W40,2022-10-07,2022-10-04,83123,2022-10-09,93.255,-0.145300520079352,-0.148839204332207,-0.0767251085732669,-3790,0.339506172839506,-0.569011354486885,-0.565523537537683,Short (10-40th)
2022-W41,2022-10-14,2022-10-11,81731,2022-10-16,85.59,0.0895548545390816,-0.06875803248043,-0.00286248393503919,-1392,0.320987654320988,-0.606531790015151,-0.596730901410369,Short (10-40th)
2022-W42,2022-10-21,2022-10-18,103566,2022-10-23,85.125,0.00546255506607934,0.0955066079295154,-0.0675477239353891,21835,0.567901234567901,-0.0179838663372186,0.257444726864215,Neutral (40-60th)
2022-W43,2022-10-28,2022-10-25,95396,2022-10-30,88.32,-0.0361752717391304,-0.0309103260869564,-0.0975430253623188,-8170,0.475308641975309,-0.238200790378835,-0.0316194793053308,Neutral (40-60th)
2022-W44,2022-11-04,2022-11-01,85396,2022-11-05,92.5421917,-0.0456245051304527,-0.0801492979985255,0.00770252235121875,-10000,0.37037037037037,-0.507744149058905,-0.395155814434902,Short (10-40th)
2022-W46,2022-11-14,2022-11-08,89134,2022-11-19,79.9577588787292,0.111639749939716,0.157388513607008,0.0646246367298497,3738,0.432098765432099,-0.406988841584295,-0.218326949799759,Neutral (40-60th)
2022-W46,2022-11-18,2022-11-15,111976,2022-11-19,79.9577588787292,0.111639749939716,0.157388513607008,0.0646246367298497,22842,0.648148148148148,0.20870209831272,0.777599075830356,Long  (60-90th)
2022-W47,2022-11-25,2022-11-22,105312,2022-11-25,78.4983034149279,0.0185921911724239,0.132307568685461,0.125119858108988,-6664,0.592592592592593,0.0290784040883216,0.539660841175862,Neutral (40-60th)
2022-W48,2022-12-02,2022-11-29,99942,2022-12-03,80.1406509368509,-0.0204933139764119,-0.00228213841519397,0.154747192818802,-5370,0.524691358024691,-0.115666379522876,0.374419751918722,Neutral (40-60th)
2022-W49,2022-12-09,2022-12-06,87639,2022-12-10,71.3329038944199,0.123473832713545,0.100450130715463,0.246048011970023,-12303,0.407407407407407,-0.447285573706965,-0.175939706043348,Neutral (40-60th)
2022-W50,2022-12-16,2022-12-13,85076,2022-12-17,74.297814729558,-0.0399057609692872,0.078640754490029,0.0761791469880135,-2563,0.364197530864198,-0.516369536536667,-0.270749923617981,Short (10-40th)
2022-W51,2022-12-23,2022-12-20,75519,2022-12-24,79.5542051527624,-0.066073068206903,-0.103342133109818,-0.013272733173651,-9557,0.259259259259259,-0.77397212442721,-0.752330673056717,Short (10-40th)
2022-W52,2022-12-30,2022-12-27,78616,2022-12-31,80.25407221,-0.00872064230468231,-0.07421751091778,-0.00141327748269714,3097,0.283950617283951,-0.690494546243992,-0.557143069271765,Short (10-40th)
2023-W01,2023-01-06,2023-01-03,88767,2023-01-07,73.7090557476243,0.0887952829674751,0.0793002887616904,-0.0322369053449852,10151,0.419753086419753,-0.416881082847854,0.0138244840783087,Neutral (40-60th)
2023-W02,2023-01-13,2023-01-10,75904,2023-01-14,79.8863412080663,-0.0773259278999031,0.00460317741897754,-0.0699559698691519,-12863,0.265432098765432,-0.763594705118027,-0.670780579144097,Short (10-40th)
2023-W03,2023-01-20,2023-01-17,80403,2023-01-21,81.6192400265573,-0.0212314990672199,-0.0969156816010443,-0.0253008343758528,4499,0.308641975308642,-0.642327148047864,-0.397575453266556,Short (10-40th)
2023-W04,2023-01-27,2023-01-24,86789,2023-01-28,79.4667324251934,0.0270869020994445,0.00528030749556634,0.00990779110677273,6386,0.395061728395062,-0.470196759194771,-0.0166624862020302,Short (10-40th)
2023-W05,2023-02-03,2023-01-31,86394,2023-02-04,73.2760467524862,0.0844844385999464,0.113859762416674,0.00590928433408489,-395,0.388888888888889,-0.480843721862634,-0.0246058620377705,Short (10-40th)
2023-W06,2023-02-10,2023-02-07,78145,2023-02-11,79.7901018260221,-0.0816398892150743,-0.00405275082282529,0.00120615690219363,-8249,0.277777777777778,-0.703190038437824,-0.470840129942001,Short (10-40th)
2023-W07,2023-02-17,2023-02-14,63762,2023-02-18,76.3632696020995,0.0448753994135998,-0.040428112438083,0.0688285147014364,-14383,0.148148148148148,-1.09087425122737,-1.24498957410923,Short (10-40th)
2023-W08,2023-02-24,2023-02-21,85635,2023-02-25,76.466196949779,-0.00134605030438665,0.043468944564173,0.0392400249404979,21873,0.376543209876543,-0.501302062786451,0.015141362476554,Short (10-40th)
2023-W09,2023-03-03,2023-02-28,75360,2023-03-04,79.7657312847514,-0.0413653116674068,-0.0426556821814325,-0.0813593059041615,-10275,0.253086419753086,-0.778257863830223,-0.546483295384704,Short (10-40th)
2023-W10,2023-03-10,2023-03-07,59964,2023-03-12,76.65,0.0406488099771869,-0.00239795238383545,0.0409667557210971,-15396,0.104938271604938,-1.19324681885406,-1.4654913785588,Short (10-40th)
2023-W11,2023-03-17,2023-03-14,79933,2023-03-19,66.285,0.156370219506676,0.203375292822681,0.152044498787048,19969,0.302469135802469,-0.654995685905827,-0.164664645615931,Short (10-40th)
2023-W12,2023-03-24,2023-03-21,102194,2023-03-26,69.21,-0.0422626788036411,0.107498916341569,0.104843186675033,22261,0.54320987654321,-0.0549652151481241,1.42649648975448,Neutral (40-60th)
2023-W13,2023-03-31,2023-03-28,83142,2023-04-02,75.685,-0.085551958776508,-0.124198982625355,0.0539173057376149,-19052,0.345679012345679,-0.568499222105393,0.11622387700946,Short (10-40th)
2023-W14,2023-04-07,2023-04-04,59864,2023-04-09,80.465,-0.0594047101224135,-0.139874479587398,-0.0474119182253153,-23278,0.0987654320987654,-1.19594225244086,-1.52194417692511,Extreme Short (<10th)
2023-W15,2023-04-14,2023-04-11,47338,2023-04-16,82.68,-0.0267900338655056,-0.0846032897919691,-0.198294629898404,-12526,0.0308641975308642,-1.53357226352351,-2.27430771979562,Extreme Short (<10th)
2023-W16,2023-04-21,2023-04-18,52834,2023-04-23,77.95,0.0606799230275818,0.032264271969211,-0.112123155869147,5496,0.0555555555555556,-1.38543123359295,-1.80370961622424,Extreme Short (<10th)
2023-W17,2023-04-28,2023-04-25,62348,2023-04-30,76.65666667,0.0168717658382888,0.0785754663182774,-0.0126755664211561,9514,0.12962962962963,-1.12898768214473,-1.10058806408754,Short (10-40th)
2023-W18,2023-05-05,2023-05-02,83014,2023-05-07,71.355,0.0742998622381053,0.0924251979538925,0.127671501646696,20666,0.333333333333333,-0.571949377096498,0.359036878793011,Short (10-40th)
2023-W19,2023-05-12,2023-05-09,69372,2023-05-14,70.06333333,0.0184357010808523,0.0941053333695278,0.180075170140353,-13642,0.209876543209877,-0.939660427007849,-0.57897355709284,Short (10-40th)
2023-W20,2023-05-19,2023-05-16,59799,2023-05-21,71.91833333,-0.0257931450036287,-0.00783295863399831,0.0838682765675822,-9573,0.0925925925925926,-1.19769428427228,-1.24949123101565,Extreme Short (<10th)
2023-W21,2023-05-26,2023-05-23,73461,2023-05-28,72.89,-0.0133305895184525,-0.0387798966936479,0.0516760415694884,13662,0.222222222222222,-0.829444147643568,-0.28087183164019,Short (10-40th)
2023-W22,2023-06-02,2023-05-30,84151,2023-06-04,71.85,0.0144745998608212,0.000951055393180258,-0.00688935281837147,10690,0.358024691358025,-0.541302297214574,0.450945522779969,Short (10-40th)
2023-W23,2023-06-09,2023-06-06,91088,2023-06-11,70.30666667,0.0219514507385761,0.0367437890652028,-0.00346102797252687,6937,0.450617283950617,-0.354320069298209,0.905751500804481,Neutral (40-60th)
2023-W24,2023-06-16,2023-06-13,84030,2023-06-18,71.10875,-0.0112796713484628,0.0104241742401602,0.011385143600471,-7058,0.351851851851852,-0.544563771854603,0.376265411098175,Short (10-40th)
2023-W25,2023-06-23,2023-06-20,74735,2023-06-24,69.3929685263934,0.0247255811365668,0.0131670133589838,0.0503946083856678,-9295,0.234567901234568,-0.795104323747727,-0.30429516489962,Short (10-40th)
2023-W26,2023-06-30,2023-06-27,82168,2023-07-01,70.4707120570492,-0.015293495683473,0.00905394488471035,0.0195724990239096,7433,0.327160493827161,-0.594752745240832,0.227031881804117,Short (10-40th)
2023-W27,2023-07-07,2023-07-03,63401,2023-07-08,73.6729669763935,-0.0434658063977571,-0.0580945579587073,-0.0456924764204501,-18767,0.141975308641975,-1.10060476647572,-1.10065163326151,Short (10-40th)
2023-W28,2023-07-14,2023-07-11,51130,2023-07-15,75.2475085286886,-0.0209248330354325,-0.0634811246915661,-0.0550019344110326,-12271,0.0493827160493827,-1.43136142191203,-1.90637460349334,Extreme Short (<10th)
2023-W29,2023-07-21,2023-07-18,44178,2023-07-22,76.9013629114754,-0.021506177786351,-0.0419809976423737,-0.0976366881003818,-6952,0.0185185185185185,-1.61874796486642,-2.28593806140904,Extreme Short (<10th)
2023-W30,2023-07-28,2023-07-25,42346,2023-07-29,80.5987463740984,-0.0458739574615908,-0.0663935617630094,-0.125659948481581,-1832,0.00617283950617284,-1.6681283081766,-2.2964898983025,Extreme Short (<10th)
2023-W31,2023-08-04,2023-08-01,42924,2023-08-05,82.6283059532787,-0.0245625219561917,-0.0693096993304148,-0.108381006648605,578,0.0123456790123457,-1.6525487020449,-2.11724609741651,Extreme Short (<10th)
2023-W32,2023-08-11,2023-08-08,50553,2023-08-12,83.0897175881968,-0.00555317370561861,-0.0299792957107395,-0.0943824252523663,7629,0.0432098765432099,-1.44691407370787,-1.60512897046557,Extreme Short (<10th)
2023-W33,2023-08-18,2023-08-15,68266,2023-08-19,81.3393715301639,0.0215190506774904,0.0158463779454797,-0.0545616290758124,17713,0.185185185185185,-0.969471922477864,-0.507969137104293,Short (10-40th)
2023-W34,2023-08-25,2023-08-22,90163,2023-08-26,80.0058596044262,0.0166676782467064,0.0385454015370638,0.00741054183535547,21897,0.444444444444444,-0.379252829976116,0.819437906624748,Neutral (40-60th)
2023-W35,2023-09-01,2023-08-29,69140,2023-09-02,85.9169178572132,-0.0687997009228222,-0.053278753954567,-0.0382766512807156,-21023,0.197530864197531,-0.945913832929226,-0.443087969473851,Short (10-40th)
2023-W36,2023-09-08,2023-09-05,66404,2023-09-09,87.284446507377,-0.0156674952398111,-0.0833892771759245,-0.0480581488114923,-2736,0.160493827160494,-1.01966089586409,-0.604747894455497,Short (10-40th)
2023-W37,2023-09-15,2023-09-12,62841,2023-09-16,91.1529051488525,-0.042439224895337,-0.0574418037811191,-0.107660130005325,-3563,0.135802469135802,-1.1156991945618,-0.810197820147234,Short (10-40th)
2023-W38,2023-09-22,2023-09-19,46806,2023-09-23,90.3321478606557,0.00908599327741925,-0.0337388341300156,-0.11431465431508,-16035,0.0246913580246914,-1.54791197020529,-1.69427761915462,Extreme Short (<10th)
2023-W39,2023-09-29,2023-09-26,48395,2023-09-30,90.8637637234427,-0.00585069163990359,0.00318214229260724,-0.0544424494816874,1589,0.037037037037037,-1.50508153051103,-1.52761017159888,Extreme Short (<10th)
2023-W40,2023-10-06,2023-10-03,56325,2023-10-07,82.8033227457377,0.0973444145768875,0.0909241907844276,0.0541176804631303,7930,0.0679012345679012,-1.29133364707774,-1.03360450394524,Extreme Short (<10th)
2023-W41,2023-10-13,2023-10-10,67430,2023-10-14,87.6831273891803,-0.0556527212103609,0.0362742118006933,0.0395717837968026,11105,0.17283950617284,-0.992005747263518,-0.385668369085772,Short (10-40th)
2023-W42,2023-10-20,2023-10-17,103244,2023-10-20,90.3342983681855,-0.0293484426944841,-0.0833678432056106,-2.3806102096117e-05,35814,0.561728395061729,-0.0266631624867168,1.65550649170624,Neutral (40-60th)
2023-W43,2023-10-27,2023-10-24,104789,2023-10-28,85.127741405082,0.0611616950851309,0.0300182518873434,0.0673813521148848,1545,0.580246913580247,0.0149812864293539,1.70710908811852,Neutral (40-60th)
2023-W44,2023-11-03,2023-10-31,126194,2023-11-04,80.8541332060656,0.0528557790375991,0.117250223163715,0.0241074817375687,21405,0.728395061728395,0.591938845684043,2.66379842768919,Long  (60-90th)
2023-W46,2023-11-13,2023-11-07,124661,2023-11-18,75.7570512737569,0.020515295634244,0.0672819473119376,0.192420993812866,-1533,0.716049382716049,0.550617848798388,2.40863628506665,Long  (60-90th)
2023-W46,2023-11-17,2023-11-14,116171,2023-11-18,75.7570512737569,0.020515295634244,0.0672819473119376,0.192420993812866,-8490,0.666666666666667,0.321775537279009,1.97074889419528,Long  (60-90th)
2023-W47,2023-11-24,2023-11-21,122395,2023-11-24,76.4839538091855,-0.00950398742776938,0.0108163310946898,0.113014392763497,6224,0.691358024691358,0.489539323721485,2.19386846300848,Long  (60-90th)
2023-W48,2023-12-01,2023-11-28,104855,2023-12-02,74.3054276217679,0.0293185337483928,0.019535903344478,0.08813226427593,-17540,0.58641975308642,0.0167602725966424,1.34778548287299,Neutral (40-60th)
2023-W49,2023-12-08,2023-12-05,106213,2023-12-09,71.2317211934807,0.0431508094538159,0.0737344616654508,0.0853483291106029,1358,0.611111111111111,0.0533642607053959,1.37249499559649,Long  (60-90th)
2023-W50,2023-12-15,2023-12-12,105687,2023-12-16,71.5724922629282,-0.00476120166663494,0.0381841580812928,0.0584660234473372,-526,0.598765432098765,0.0391862800388242,1.30862041793272,Neutral (40-60th)
2023-W51,2023-12-22,2023-12-19,95415,2023-12-23,73.6329853845304,-0.0279832891582736,-0.0326112567419303,0.0387186314634206,-10272,0.481481481481482,-0.237688657997343,0.815441680648008,Neutral (40-60th)
2023-W52,2023-12-29,2023-12-26,91881,2023-12-30,71.4720888412155,0.0302341316498477,0.00140479204316708,0.0396425909259075,-3534,0.45679012345679,-0.33294528095488,0.640506352161201,Neutral (40-60th)
2024-W01,2024-01-05,2024-01-02,97166,2024-01-06,73.838552780663,-0.0320491647023081,-0.00278401171733767,-0.0353044783383813,5285,0.493827160493827,-0.190491615892463,0.86811524673093,Neutral (40-60th)
2024-W02,2024-01-12,2024-01-09,78726,2024-01-13,72.7603223699448,0.0148189339408928,-0.0177051652159996,-0.0163252452480509,-18440,0.290123456790123,-0.687529569298512,0.0347761509976396,Short (10-40th)
2024-W03,2024-01-19,2024-01-16,89561,2024-01-20,73.694023530442,-0.0126699712645154,0.00196120720917554,-0.000828264532012602,10835,0.438271604938272,-0.395479340168656,0.513794098902053,Neutral (40-60th)
2024-W04,2024-01-26,2024-01-23,62268,2024-01-27,78.0382976980663,-0.0556684896489218,-0.0676331427492464,-0.0841408519987933,-27293,0.123456790123457,-1.13114402901417,-0.689550340642239,Short (10-40th)
2024-W05,2024-02-02,2024-01-30,59149,2024-02-01,75.9390840074161,0.0276433896732965,-0.0295639657275143,-0.0276607395810553,-3119,0.0802469135802469,-1.21521460258648,-0.801848641442067,Extreme Short (<10th)
