release_date,wti,net_pos,pos_z,ret_4w,p_bull_filtered,p_bull_smoothed,state_filtered,state_smoothed
2016-02-05,30.8899993896484,130603,-0.1489,0.073487,0.8214,0.8756,2,2
2016-02-12,29.4400005340576,115474,-0.36,-0.000679,0.8717,0.8173,2,2
2016-02-19,29.6399993896484,101126,-0.5602,0.086032,0.7694,0.6464,2,2
2016-02-26,32.7799987792969,103604,-0.5256,0.025625,0.8614,0.4871,2,1
2016-03-04,35.9199981689453,88107,-0.7418,-0.140033,0.0025,4e-04,1,1
2016-03-11,38.5,79001,-0.8689,-0.235325,0,0,1,1
2016-03-18,39.439998626709,74911,-0.926,-0.248479,0,0,1,1
2016-04-01,36.7900009155273,96329,-0.6271,-0.108997,0.0016,3e-04,1,1
2016-04-08,39.7200012207031,113622,-0.3858,-0.09567,0.0084,0.002,1,1
2016-04-15,40.3600006103516,88141,-0.7414,-0.046085,0.052,0.0089,1,1
2016-04-22,43.7299995422363,112304,-0.4042,-0.098102,0.0104,0.0016,1,1
2016-04-29,45.9199981689453,110798,-0.4252,-0.198824,0,0,1,1
2016-05-06,44.6599998474121,105787,-0.4951,-0.110613,0.0022,3e-04,1,1
2016-05-13,46.2099990844727,100229,-0.5727,-0.126596,5e-04,2e-04,1,1
2016-05-20,47.75,146943,0.0791,-0.084188,0.045,0.0325,1,1
2016-05-27,49.3300018310547,137157,-0.0574,-0.069126,0.0885,0.0798,1,1
2016-06-03,48.6199989318848,136356,-0.0686,-0.081448,0.0706,0.1346,1,1
2016-06-10,49.0699996948242,132591,-0.1211,-0.058284,0.1335,0.2888,1,1
2016-06-17,47.9799995422363,159887,0.2597,-0.004794,0.3805,0.4513,1,1
2016-06-24,47.6399993896484,137619,-0.051,0.035474,0.5398,0.4704,2,1
2016-07-01,48.9900016784668,151628,0.1445,-0.007553,0.7326,0.413,2,1
2016-07-08,45.4099998474121,154307,0.1819,0.080599,0.3364,0.1761,1,1
2016-07-15,45.9500007629395,140266,-0.014,0.044178,0.4443,0.136,1,1
2016-07-22,44.189998626709,153495,0.1705,0.078072,0.1907,0.0347,1,1
2016-07-29,41.5999984741211,172692,0.4384,0.177644,0,0,1,1
2016-08-05,41.7999992370606,202501,0.8543,0.086364,0.0028,0.0011,1,1
2016-08-12,44.4900016784668,183266,0.586,0.032816,0.0832,0.0256,1,1
2016-08-19,48.5200004577637,173923,0.4556,-0.089242,0.1348,0.0256,1,1
2016-08-26,47.6399993896484,133638,-0.1065,-0.126784,0.0063,0.004,1,1
2016-09-02,44.439998626709,145572,0.06,-0.059406,0.1057,0.0506,1,1
2016-09-09,45.8800010681152,137443,-0.0534,-0.030296,0.2946,0.0621,1,1
2016-09-16,43.0299987792969,142907,0.0228,0.127585,0.0109,0.0029,1,1
2016-09-23,44.4799995422363,150319,0.1262,0.071043,0.0464,0.0122,1,1
2016-09-30,48.2400016784668,136707,-0.0637,-0.078773,0.0614,0.0147,1,1
2016-10-07,49.810001373291,140145,-0.0157,-0.0789,0.0739,0.0124,1,1
2016-10-14,50.3499984741211,159275,0.2512,-0.145382,0.0041,7e-04,1,1
2016-10-21,50.8499984741211,143509,0.0312,-0.12527,0.0045,0.0024,1,1
2016-10-28,48.7000007629395,158961,0.2468,-0.009446,0.2065,0.039,1,1
2016-11-04,44.0699996948242,142990,0.024,0.130247,0.0064,0.0011,1,1
2016-11-18,45.689998626709,152433,0.1557,0.101992,0.0085,0.0019,1,1
2016-11-25,46.060001373291,121499,-0.2759,0.103995,0.025,0.0071,1,1
2016-12-02,51.6800003051758,129201,-0.1684,-0.057663,0.0946,0.0158,1,1
2016-12-09,51.5,135101,-0.0861,-0.144272,0.0015,3e-04,1,1
2016-12-16,51.9000015258789,148010,0.094,-0.119653,0.0077,0.0031,1,1
2016-12-23,53.0200004577637,152908,0.1624,-0.131271,0.0048,0.0269,1,1
2016-12-30,53.7200012207031,159693,0.257,-0.037975,0.1851,0.5625,1,2
2017-01-06,53.9900016784668,160377,0.2666,-0.04612,0.3835,0.7944,1,2
2017-01-13,52.3699989318848,155202,0.1944,-0.008975,0.6261,0.91,2,2
2017-01-20,52.4199981689453,121263,-0.2792,0.011446,0.7857,0.9529,2,2
2017-01-27,53.1699981689453,115702,-0.3568,0.010344,0.8634,0.9656,2,2
2017-02-03,53.8300018310547,118228,-0.3216,0.002972,0.8925,0.9611,2,2
2017-02-10,53.8600006103516,124967,-0.2275,-0.027664,0.8695,0.9365,2,2
2017-02-17,53.4000015258789,124924,-0.2281,-0.018352,0.8762,0.8982,2,2
2017-02-24,53.9900016784668,151279,0.1396,-0.015188,0.8968,0.8111,2,2
2017-03-03,53.3300018310547,156652,0.2146,0.009376,0.8941,0.5753,2,2
2017-03-10,48.4900016784668,151347,0.1406,0.110744,0.1555,0.0285,1,1
2017-03-17,48.7799987792969,178980,0.5261,0.094711,0.0119,0.0019,1,1
2017-03-24,47.9700012207031,185118,0.6118,0.125495,3e-04,3e-04,1,1
2017-03-31,50.5999984741211,187835,0.6497,0.053953,0.0319,0.0605,1,1
2017-04-07,52.2400016784668,180390,0.5458,-0.071784,0.1749,0.2239,1,1
2017-04-21,49.6199989318848,150778,0.1326,-0.016929,0.4283,0.2947,1,1
2017-04-28,49.3300018310547,190872,0.6921,-0.027569,0.6779,0.2456,2,1
2017-05-05,46.2200012207031,210139,0.9609,0.094764,0.0179,0.0034,1,1
2017-05-12,47.8400001525879,212900,0.9995,0.091973,0.0014,0.0038,1,1
2017-05-19,50.3300018310547,213392,1.0063,-0.014107,0.1788,0.2598,1,1
2017-05-26,49.7999992370606,200245,0.8229,-0.009438,0.402,0.3457,1,1
2017-06-02,47.6599998474121,188559,0.6598,-0.030214,0.6601,0.3239,2,1
2017-06-09,45.8300018310547,180879,0.5526,0.043858,0.4975,0.1316,1,1
2017-06-16,44.7400016784668,190372,0.6851,0.124944,0.0023,3e-04,1,1
2017-06-23,43.0099983215332,218015,1.0708,0.15787,0,0,1,1
2017-06-30,46.0400009155273,221205,1.1153,0.035187,0.0321,0.0603,1,1
2017-07-07,44.2299995422363,213079,1.0019,0.036175,0.0495,0.2222,1,1
2017-07-14,46.5400009155273,200770,0.8302,-0.038676,0.3048,0.6303,1,2
2017-07-21,45.7700004577637,187118,0.6397,-0.060302,0.5335,0.7515,2,2
2017-07-28,49.7099990844727,186478,0.6308,-0.073828,0.6492,0.7802,2,2
2017-08-04,49.5800018310547,196886,0.776,-0.107906,0.5544,0.7674,2,2
2017-08-11,48.8199996948242,195365,0.7548,-0.046702,0.7618,0.7918,2,2
2017-08-18,48.5099983215332,194176,0.7382,-0.056483,0.8527,0.7219,2,2
2017-08-25,47.8699989318848,193153,0.7239,0.038437,0.6479,0.4916,2,1
2017-09-01,47.2900009155273,227306,1.2005,0.048425,0.1719,0.3728,1,1
2017-09-08,47.4799995422363,212438,0.993,0.028222,0.1471,0.5268,1,2
2017-09-15,49.8899993896484,220402,1.1041,-0.027661,0.4158,0.8175,1,2
2017-09-22,50.6599998474121,209615,0.9536,-0.055073,0.6927,0.9207,2,2
2017-09-29,51.6699981689453,193001,0.7218,-0.084769,0.7291,0.9463,2,2
2017-10-06,49.2900009155274,194143,0.7377,-0.036721,0.8499,0.9722,2,2
2017-10-13,51.4500007629395,178437,0.5186,-0.030321,0.8923,0.9791,2,2
2017-10-20,51.4700012207031,207391,0.9226,-0.015737,0.8971,0.9785,2,2
2017-10-27,53.9000015258789,206863,0.9152,-0.041373,0.9202,0.975,2,2
2017-11-03,55.6399993896484,207717,0.9271,-0.114127,0.7924,0.9532,2,2
2017-11-10,56.7400016784668,204937,0.8883,-0.093232,0.8004,0.9639,2,2
2017-11-17,56.5499992370606,224227,1.1575,-0.089832,0.8705,0.9793,2,2
2017-11-24,58.9500007629395,237586,1.3439,-0.085666,0.9223,0.9867,2,2
2017-12-01,58.3600006103516,211727,0.9831,-0.046607,0.9307,0.9851,2,2
2017-12-08,57.3600006103516,216048,1.0434,-0.010809,0.899,0.9762,2,2
2017-12-15,57.2999992370606,224351,1.1592,-0.013089,0.8824,0.9686,2,2
2017-12-22,58.4700012207031,226214,1.1852,0.008209,0.7783,0.959,2,2
2017-12-29,60.4199981689453,227923,1.2091,-0.034095,0.8729,0.9777,2,2
2018-01-05,61.439998626709,235077,1.3089,-0.066406,0.9278,0.9825,2,2
2018-01-12,64.3000030517578,224940,1.1675,-0.108865,0.8847,0.9699,2,2
2018-01-19,63.3699989318848,223958,1.1537,-0.077324,0.9179,0.961,2,2
2018-01-26,66.1399993896484,238138,1.3516,-0.086483,0.9363,0.9158,2,2
2018-02-02,65.4499969482422,251778,1.5419,-0.061268,0.9497,0.7428,2,2
2018-02-09,59.2000007629395,271314,1.8145,0.086149,0.0053,0.001,1,1
2018-02-16,61.6800003051758,263861,1.7105,0.027399,0.0159,0.0029,1,1
2018-02-23,63.5499992370606,251435,1.5371,0.040755,0.0112,0.003,1,1
2018-03-02,61.25,243767,1.4302,0.068571,0.002,0.0128,1,1
2018-03-09,62.0400009155274,245383,1.4527,-0.045777,0.2535,0.6173,1,2
2018-03-16,62.3400001525879,243526,1.4268,-0.010587,0.3809,0.7809,1,2
2018-03-23,65.879997253418,247480,1.482,-0.035367,0.6469,0.8943,2,2
2018-04-06,62.060001373291,278481,1.9145,-0.013052,0.5906,0.9246,2,2
2018-04-13,67.3899993896484,290278,2.0791,-0.079389,0.8845,0.9841,2,2
2018-04-20,68.379997253418,296574,2.167,-0.08833,0.9617,0.9926,2,2
2018-04-27,68.0999984741211,287827,2.0449,-0.032599,0.907,0.9826,2,2
2018-05-04,69.7200012207031,284626,2.0003,-0.109868,0.9617,0.9808,2,2
2018-05-11,70.6999969482422,276807,1.8912,-0.046818,0.9438,0.9247,2,2
2018-05-18,71.2799987792969,266988,1.7542,-0.040685,0.932,0.7472,2,2
2018-05-25,67.879997253418,279105,1.9232,0.003241,0.6528,0.2234,2,1
2018-06-01,65.8099975585938,306841,2.3103,0.059414,0.0036,5e-04,1,1
2018-06-08,65.7399978637695,297400,2.1785,0.075449,1e-04,0,1,1
2018-06-15,65.0599975585938,304826,2.2821,0.095604,0,0,1,1
2018-06-22,68.5800018310547,285084,2.0067,-0.010207,0.0674,0.2181,1,1
2018-06-29,74.1500015258789,246220,1.4644,-0.112475,0.316,0.4999,1,1
2018-07-06,73.8000030517578,225892,1.1807,-0.109214,0.4822,0.5712,1,2
2018-07-13,71.0100021362305,224749,1.1648,-0.083791,0.7249,0.5723,2,2
2018-07-20,70.4599990844727,240532,1.385,-0.026682,0.8243,0.4213,2,1
2018-07-27,68.6900024414063,226826,1.1938,0.079488,0.0449,0.0073,1,1
2018-08-03,68.4899978637695,228955,1.2235,0.07753,0.0026,5e-04,1,1
2018-08-10,67.629997253418,229682,1.2336,0.049978,0.0114,0.003,1,1
2018-08-17,65.9100036621094,240920,1.3904,0.069033,0.0022,0.0116,1,1
2018-08-24,68.7200012207031,207125,0.9189,-0.000437,0.1453,0.511,1,2
2018-08-31,69.8000030517578,192076,0.7089,-0.018768,0.4041,0.7963,1,2
2018-09-07,67.75,187989,0.6519,-0.001771,0.596,0.9003,2,2
2018-09-14,68.9899978637695,195277,0.7535,-0.044644,0.7857,0.95,2,2
2018-09-21,70.7799987792969,203609,0.8698,-0.029104,0.872,0.9609,2,2
2018-09-28,73.25,226444,1.1884,-0.047099,0.9193,0.9476,2,2
2018-10-05,74.3399963378906,219410,1.0903,-0.088647,0.9115,0.8768,2,2
2018-10-12,71.3399963378906,231374,1.2572,-0.032941,0.9201,0.7002,2,2
2018-10-19,69.120002746582,243677,1.4289,0.024016,0.585,0.1775,2,1
2018-10-26,67.5899963378906,255829,1.5985,0.08374,0.0038,6e-04,1,1
2018-11-02,63.1399993896484,246128,1.4631,0.177384,0,0,1,1
2018-11-09,60.189998626709,255614,1.5955,0.185247,0,0,1,1
2018-11-16,56.4599990844727,245517,1.4546,0.22423,0,0,1,1
2018-11-23,50.4199981689453,234237,1.2972,0.340539,0,0,1,1
2018-11-30,50.9300003051758,219677,1.094,0.239741,0,0,1,1
2018-12-07,52.6100006103516,226166,1.1846,0.144079,0,0,1,1
2018-12-14,51.2000007629395,214866,1.0269,0.102734,4e-04,1e-04,1,1
2018-12-21,45.5900001525879,242312,1.4099,0.105944,1e-04,0,1,1
2018-12-28,45.3300018310547,230102,1.2395,0.123538,0,0,1,1
2019-01-04,47.9599990844727,220596,1.1068,0.096956,5e-04,3e-04,1,1
2019-01-11,51.5900001525879,217512,1.0638,-0.00756,0.1522,0.0351,1,1
2019-01-18,53.7999992370606,210463,0.9654,-0.152602,0.043,0.0136,1,1
2019-01-25,53.689998626709,209628,0.9538,-0.155709,0.0187,0.022,1,1
2019-02-01,55.2599983215332,187269,0.6418,-0.132103,0.0219,0.1191,1,1
2019-02-08,52.7200012207031,173604,0.4511,-0.021434,0.2403,0.6305,1,2
2019-02-15,55.5900001525879,151831,0.1473,-0.0322,0.4661,0.8139,1,2
2019-02-22,57.2599983215332,170518,0.4081,-0.062347,0.5909,0.8906,2,2
2019-03-01,55.7999992370606,179757,0.537,-0.009677,0.7561,0.9391,2,2
2019-03-08,56.0699996948242,172734,0.439,-0.059747,0.8005,0.9531,2,2
2019-03-15,58.5200004577637,178457,0.5189,-0.050068,0.8563,0.9612,2,2
2019-03-22,59.0400009155274,176081,0.4857,-0.030149,0.8939,0.9552,2,2
2019-03-29,60.1399993896484,181568,0.5623,-0.072165,0.8605,0.9218,2,2
2019-04-05,63.0800018310547,195659,0.7589,-0.111129,0.6922,0.8747,2,2
2019-04-12,63.8899993896484,196604,0.7721,-0.084051,0.7475,0.8809,2,2
2019-04-26,63.2999992370606,216963,1.0561,-0.067299,0.8676,0.8672,2,2
2019-05-03,61.939998626709,208105,0.9325,-0.02906,0.9036,0.7566,2,2
2019-05-10,61.6599998474121,213208,1.0037,0.02303,0.7352,0.4188,2,1
2019-05-17,62.7599983215332,223269,1.1441,0.018005,0.5897,0.1813,2,1
2019-05-24,58.6300010681152,239664,1.3729,0.079652,0.0116,0.0018,1,1
2019-05-31,53.5,237631,1.3445,0.157757,0,0,1,1
2019-06-07,53.9900016784668,229792,1.2352,0.142063,0,0,1,1
2019-06-14,52.5099983215332,233254,1.2835,0.195201,0,0,1,1
2019-06-21,57.4300003051758,210408,0.9647,0.020895,0.0741,0.156,1,1
2019-06-28,58.4700012207031,217592,1.0649,-0.085001,0.3074,0.3283,1,1
2019-07-05,57.5099983215332,219201,1.0874,-0.061207,0.6257,0.3502,2,1
2019-07-12,60.2099990844727,213112,1.0024,-0.127886,0.4702,0.198,1,1
2019-07-19,55.6300010681152,204119,0.8769,0.032357,0.3386,0.1007,1,1
2019-07-26,56.2000007629395,219127,1.0863,0.040391,0.1348,0.0368,1,1
2019-08-02,55.6599998474121,206671,0.9125,0.033237,0.1171,0.0229,1,1
2019-08-09,54.5,196992,0.7775,0.104771,0.0021,0.0056,1,1
2019-08-16,54.8699989318848,171755,0.4253,0.013851,0.1533,0.2541,1,1
2019-08-23,54.1699981689453,194203,0.7386,0.037475,0.1396,0.3648,1,1
2019-08-30,55.0999984741211,197969,0.7911,0.010163,0.2673,0.5675,1,2
2019-09-06,56.5200004577637,204561,0.8831,-0.03574,0.5643,0.6992,2,2
2019-09-13,54.8499984741211,207717,0.9271,0.000365,0.6584,0.6983,2,2
2019-09-20,58.0900001525879,200291,0.8235,-0.067482,0.7954,0.6501,2,2
2019-09-27,55.9099998474121,215450,1.035,-0.014488,0.8453,0.4604,2,1
2019-10-04,52.810001373291,248096,1.4906,0.070252,0.0398,0.0107,1,1
2019-10-11,54.7000007629395,258022,1.6291,0.002742,0.0865,0.0153,1,1
2019-10-18,53.7799987792969,266422,1.7463,0.080141,5e-04,0.0022,1,1
2019-10-25,56.6599998474121,266320,1.7448,-0.013237,0.1036,0.4573,1,1
2019-11-01,56.2000007629395,271894,1.8226,-0.06032,0.4753,0.8383,1,2
2019-11-08,57.2400016784668,275938,1.879,-0.044375,0.7277,0.9175,2,2
2019-11-15,57.7200012207031,261078,1.6717,-0.068261,0.9006,0.93,2,2
2019-11-22,57.7700004577637,291905,2.1018,-0.019214,0.7941,0.8549,2,2
2019-11-29,55.1699981689453,261749,1.6811,0.01867,0.4093,0.8008,1,2
2019-12-06,59.2000007629395,276846,1.8917,-0.033108,0.6053,0.9031,2,2
2019-12-13,60.0699996948242,254522,1.5802,-0.039121,0.7963,0.9506,2,2
2019-12-20,60.439998626709,251048,1.5317,-0.044176,0.8923,0.9584,2,2
2019-12-27,61.7200012207031,256357,1.6058,-0.106124,0.9346,0.9302,2,2
2020-01-03,63.0499992370606,254079,1.574,-0.061063,0.9497,0.795,2,2
2020-01-10,59.0400009155274,256745,1.6112,0.017446,0.6238,0.2085,2,1
2020-01-17,58.5400009155273,293263,2.1208,0.032456,0.0549,0.0088,1,1
2020-01-24,54.189998626709,276872,1.8921,0.138956,0,0,1,1
2020-01-31,51.560001373291,283303,1.9818,0.222847,0,0,1,1
2020-02-07,50.3199996948242,270665,1.8055,0.173291,0,0,1,1
2020-02-14,52.0499992370606,284376,1.9968,0.124688,0,0,1,1
2020-02-21,53.3800010681152,306441,2.3047,0.015174,0.009,0.0014,1,1
2020-02-28,44.7599983215332,297035,2.1734,0.151921,0,0,1,1
2020-03-06,41.2799987792969,277881,1.9062,0.218992,0,0,1,1
2020-05-01,19.7800006866455,271022,1.8105,0.087462,1e-04,0,1,1
2020-05-08,24.7399997711182,202011,0.8475,0.145513,0,0,1,1
2020-06-12,36.2599983215332,170360,0.4059,-0.188362,1e-04,0,1,1
2020-06-19,39.75,173211,0.4457,-0.163522,0.0012,0.0053,1,1
2020-06-26,38.4900016784668,190795,0.691,-0.077942,0.1464,0.4123,1,1
2020-07-10,40.5499992370606,174309,0.461,-0.024661,0.4104,0.6323,1,2
2020-07-17,40.5900001525879,179762,0.5371,-0.106677,0.2653,0.6866,1,2
2020-07-24,41.2900009155273,178754,0.523,-0.037297,0.5329,0.8631,2,2
2020-07-31,40.2700004577637,180793,0.5514,-0.044202,0.7287,0.9248,2,2
2020-08-07,41.2200012207031,174073,0.4577,-0.016254,0.8371,0.9405,2,2
2020-08-14,42.0099983215332,172939,0.4419,-0.033801,0.883,0.9246,2,2
2020-08-21,42.3400001525879,173959,0.4561,-0.024799,0.904,0.8614,2,2
2020-08-28,42.9700012207031,168914,0.3857,-0.062835,0.8636,0.679,2,2
2020-09-04,39.7700004577637,161327,0.2798,0.03646,0.7987,0.3802,2,1
2020-09-11,37.3300018310547,188247,0.6555,0.125368,0.0066,0.0051,1,1
2020-09-18,41.1100006103516,157878,0.2317,0.02992,0.137,0.0655,1,1
2020-09-25,40.25,149553,0.1155,0.067578,0.1174,0.0703,1,1
2020-10-02,37.0499992370605,159453,0.2537,0.073414,0.0647,0.0905,1,1
2020-10-09,40.5999984741211,164841,0.3289,-0.080542,0.129,0.1979,1,1
2020-10-16,40.8800010681152,174758,0.4672,0.005626,0.3305,0.3029,1,1
2020-10-23,39.8499984741211,152811,0.161,0.010038,0.556,0.3044,2,1
2020-10-30,35.7900009155273,171751,0.4253,0.035205,0.5415,0.1875,2,1
2020-11-06,37.1399993896484,179021,0.5267,0.093161,0.05,0.0451,1,1
2020-11-13,40.1300010681152,169197,0.3896,0.018689,0.2012,0.1086,1,1
2020-11-20,42.1500015258789,180983,0.5541,-0.054567,0.4336,0.1047,1,1
2020-11-27,45.5299987792969,192537,0.7153,-0.213925,4e-04,1e-04,1,1
2020-12-04,46.2599983215332,178631,0.5213,-0.197147,1e-04,0,1,1
2020-12-11,46.5699996948242,175267,0.4743,-0.138286,0.0078,0.0013,1,1
2020-12-18,49.0999984741211,168187,0.3755,-0.141548,0.005,0.001,1,1
2021-01-08,52.2400016784668,187450,0.6443,-0.128446,0.0236,0.0059,1,1
2021-01-15,52.3600006103516,179673,0.5358,-0.116501,0.0374,0.0115,1,1
2021-01-22,52.2700004577637,163875,0.3154,-0.109049,0.0344,0.0201,1,1
2021-01-29,52.2000007629395,168371,0.3781,-0.059387,0.1867,0.056,1,1
2021-02-05,56.8499984741211,153941,0.1768,-0.081091,0.1731,0.0331,1,1
2021-02-12,59.4700012207031,144777,0.0489,-0.119556,0.02,0.0033,1,1
2021-02-19,59.2400016784668,135741,-0.0772,-0.117657,0.0061,0.001,1,1
2021-02-26,61.5,147610,0.0884,-0.151219,9e-04,2e-04,1,1
2021-03-05,66.0899963378906,155628,0.2003,-0.139809,0.0029,0.0027,1,1
2021-03-12,65.6100006103516,173292,0.4468,-0.093583,0.0659,0.0805,1,1
2021-03-19,61.4199981689453,163009,0.3033,-0.035493,0.2814,0.1708,1,1
2021-03-26,60.9700012207031,169691,0.3965,0.008693,0.4849,0.1537,1,1
2021-04-02,61.4500007629395,175392,0.4761,0.075508,0.129,0.036,1,1
2021-04-09,59.3199996948242,177332,0.5032,0.106035,0.0051,0.0239,1,1
2021-04-16,63.1300010681152,149087,0.109,-0.027087,0.1905,0.4695,1,1
2021-04-23,62.1399993896484,162242,0.2926,-0.018828,0.4529,0.647,1,2
2021-04-30,63.5800018310547,144774,0.0489,-0.033501,0.6244,0.6836,2,2
2021-05-07,64.9000015258789,144697,0.0478,-0.085978,0.3682,0.6484,1,2
2021-05-14,65.370002746582,165541,0.3386,-0.034267,0.603,0.7314,2,2
2021-05-21,63.5800018310547,161113,0.2768,-0.022649,0.7694,0.7229,2,2
2021-05-28,66.3199996948242,149216,0.1108,-0.041315,0.8094,0.6078,2,2
2021-06-04,69.620002746582,145251,0.0555,-0.067797,0.6947,0.3673,2,1
2021-06-11,70.9100036621094,139090,-0.0305,-0.078127,0.4661,0.1561,1,1
2021-06-18,71.6399993896484,141345,0.001,-0.112507,0.0728,0.0492,1,1
2021-06-25,74.0500030517578,151764,0.1464,-0.104389,0.0362,0.0861,1,1
2021-07-02,75.1600036621094,166387,0.3504,-0.073709,0.1346,0.2958,1,1
2021-07-09,74.5599975585938,171472,0.4214,-0.048954,0.3505,0.4612,1,1
2021-07-16,71.8099975585938,170153,0.403,-0.002367,0.5819,0.4996,2,1
2021-07-23,72.0699996948242,168389,0.3784,0.027473,0.6295,0.4273,2,1
2021-07-30,73.9499969482422,172154,0.4309,0.016362,0.71,0.2992,2,1
2021-08-06,68.2799987792969,170287,0.4049,0.091974,0.1216,0.0394,1,1
2021-08-13,68.4400024414063,152871,0.1618,0.04924,0.1826,0.0331,1,1
2021-08-20,62.3199996948242,155148,0.1936,0.156451,3e-04,2e-04,1,1
2021-08-27,68.7399978637695,134184,-0.0989,0.075793,0.0539,0.0527,1,1
2021-09-03,69.2900009155274,117584,-0.3305,-0.014576,0.2442,0.1226,1,1
2021-09-10,69.7200012207031,113701,-0.3847,-0.018359,0.4333,0.1048,1,1
2021-09-17,71.9700012207031,96833,-0.6201,-0.134084,0.0017,3e-04,1,1
2021-09-24,73.9800033569336,110168,-0.434,-0.07083,0.0288,0.0052,1,1
2021-10-01,75.879997253418,115897,-0.3541,-0.086848,0.0193,0.0031,1,1
2021-10-08,79.3499984741211,120201,-0.294,-0.121361,0.0023,4e-04,1,1
2021-10-15,82.2799987792969,110628,-0.4276,-0.125304,9e-04,2e-04,1,1
2021-10-22,83.7600021362305,128120,-0.1835,-0.116762,0.0039,0.0016,1,1
2021-10-29,83.5699996948242,132110,-0.1279,-0.092019,0.0205,0.0256,1,1
2021-11-05,81.2699966430664,141476,0.0028,-0.023625,0.2098,0.1293,1,1
2021-11-12,80.7900009155273,125079,-0.226,0.018443,0.467,0.1305,1,1
2021-11-19,76.0999984741211,144038,0.0386,0.100657,0.0964,0.016,1,1
2021-11-26,68.1500015258789,139317,-0.0273,0.226266,0,0,1,1
2021-12-03,66.2600021362305,153528,0.171,0.226532,0,0,1,1
2021-12-10,71.6699981689453,140739,-0.0074,0.12725,0.0025,6e-04,1,1
2021-12-17,70.8600006103516,135283,-0.0836,0.073949,0.0573,0.0098,1,1
2021-12-31,75.2099990844727,104556,-0.5123,-0.09387,0.0104,0.0016,1,1
2022-01-07,78.9000015258789,99470,-0.5833,-0.160203,0,0,1,1
2022-01-14,83.8199996948242,101851,-0.5501,-0.144953,1e-04,0,1,1
2022-01-21,85.1399993896484,106270,-0.4884,-0.167724,0,0,1,1
2022-01-28,86.8199996948242,109561,-0.4425,-0.133725,4e-04,1e-04,1,1
2022-02-04,92.3099975585938,99769,-0.5791,-0.145271,1e-04,0,1,1
2022-02-11,93.0999984741211,102739,-0.5377,-0.099678,0.0041,9e-04,1,1
2022-02-18,91.0699996948242,94638,-0.6507,-0.065115,0.0248,0.0062,1,1
2022-02-25,91.5899963378906,105804,-0.4949,-0.05208,0.07,0.0114,1,1
2022-03-04,115.680000305176,124386,-0.2356,-0.202023,0,0,1,1
2022-03-11,109.330001831055,126828,-0.2016,-0.14845,3e-04,0,1,1
2022-03-18,104.699996948242,118164,-0.3224,-0.130181,9e-04,1e-04,1,1
2022-03-25,113.900001525879,123345,-0.2502,-0.195874,0,0,1,1
2022-04-01,99.2699966430664,106697,-0.4825,0.165307,9e-04,4e-04,1,1
2022-04-08,98.2600021362305,102999,-0.5341,0.11266,0.0296,0.0283,1,1
2022-04-22,102.069999694824,100913,-0.5632,0.025767,0.2608,0.1015,1,1
2022-04-29,104.690002441406,95112,-0.6441,0.087974,0.3169,0.0689,1,1
2022-05-06,109.769996643066,97175,-0.6153,-0.095655,0.0227,0.0036,1,1
2022-05-13,110.48999786377,88702,-0.7335,-0.110689,0.0012,2e-04,1,1
2022-05-20,113.230003356934,61789,-1.1091,-0.09856,7e-04,1e-04,1,1
2022-05-27,115.069999694824,77102,-0.8954,-0.090206,0.0028,5e-04,1,1
2022-06-03,118.870002746582,67269,-1.0326,-0.076554,0.0049,0.0011,1,1
2022-06-10,120.669998168945,64775,-1.0674,-0.084362,0.0026,0.0073,1,1
2022-06-17,109.559997558594,53106,-1.2302,0.033498,0.2436,0.2671,1,1
2022-06-24,107.620002746582,73149,-0.9506,0.069225,0.5177,0.3056,2,1
2022-07-01,108.430000305176,73943,-0.9395,0.096283,0.5967,0.2124,2,1
2022-07-08,104.790000915527,88821,-0.7319,0.151541,0.0742,0.0374,1,1
2022-07-15,97.5899963378906,67833,-1.0247,0.122656,0.1094,0.0577,1,1
2022-07-22,94.6999969482422,59679,-1.1385,0.136431,0.101,0.0728,1,1
2022-07-29,98.620002746582,59084,-1.1468,0.099473,0.2898,0.1079,1,1
2022-08-05,89.0100021362305,75209,-0.9218,0.177283,0.0101,0.0659,1,1
2022-08-12,92.0899963378906,60734,-1.1238,0.059724,0.2713,0.6939,1,2
2022-08-19,90.7699966430664,79622,-0.8602,0.043296,0.5771,0.8668,2,2
2022-08-26,93.0599975585938,85893,-0.7727,0.059746,0.7526,0.9127,2,2
2022-09-02,86.870002746582,81534,-0.8336,0.024635,0.8616,0.9137,2,2
2022-09-09,86.7900009155274,69268,-1.0047,0.061067,0.9097,0.8576,2,2
2022-09-16,85.1100006103516,68709,-1.0125,0.066502,0.9225,0.6545,2,2
2022-09-23,78.7399978637695,74850,-0.9268,0.181864,0.0617,0.0271,1,1
2022-09-30,79.4899978637695,86913,-0.7585,0.092842,0.1575,0.0436,1,1
2022-10-07,92.6399993896484,83123,-0.8114,-0.063148,0.0511,0.0253,1,1
2022-10-14,85.6100006103516,81731,-0.8308,-0.00584,0.2134,0.0493,1,1
2022-10-21,85.0500030517578,103566,-0.5261,-0.074192,0.0677,0.0137,1,1
2022-10-28,87.9000015258789,95396,-0.6401,-0.095677,0.0069,0.0066,1,1
2022-11-04,92.6100006103516,85396,-0.7797,0.000324,0.182,0.0846,1,1
2022-11-18,80.0800018310547,111976,-0.4088,0.069056,0.2838,0.0781,1,1
2022-11-25,76.2799987792969,105312,-0.5018,0.114971,0.1054,0.0283,1,1
2022-12-02,79.9800033569336,99942,-0.5767,0.099025,0.1179,0.02,1,1
2022-12-09,71.0199966430664,87639,-0.7484,0.303999,0,0,1,1
2022-12-16,74.2900009155274,85076,-0.7841,0.077938,0.1512,0.0989,1,1
2022-12-23,79.5599975585938,75519,-0.9175,-0.041227,0.1128,0.117,1,1
2022-12-30,80.2600021362305,78616,-0.8743,-0.003489,0.2898,0.1791,1,1
2023-01-06,73.7699966430664,88767,-0.7326,-0.037278,0.2642,0.161,1,1
2023-01-13,79.8600006103516,75904,-0.9121,-0.069747,0.0433,0.1484,1,1
2023-01-20,81.3099975585938,80403,-0.8493,-0.021523,0.1387,0.4567,1,1
2023-01-27,79.6800003051758,86789,-0.7602,0.007279,0.3791,0.7228,1,2
2023-02-03,73.3899993896484,86394,-0.7657,0.005178,0.6021,0.8207,2,2
2023-02-10,79.7200012207031,78145,-0.8809,0.001756,0.7307,0.8421,2,2
2023-02-17,76.3399963378906,63762,-1.0815,0.065104,0.8651,0.8168,2,2
2023-02-24,76.3199996948242,85635,-0.7763,0.044025,0.9055,0.6569,2,2
2023-03-03,79.6800003051758,75360,-0.9197,-0.078941,0.1832,0.1588,1,1
2023-03-10,76.6800003051758,59964,-1.1345,0.039645,0.5128,0.1894,2,1
2023-03-17,66.7399978637695,79933,-0.8559,0.143842,0.1305,0.0656,1,1
2023-03-24,69.2600021362305,102194,-0.5453,0.101935,0.112,0.074,1,1
2023-03-31,75.6699981689453,83142,-0.8111,0.052993,0.3815,0.1013,1,1
2023-04-07,80.6999969482422,59864,-1.1359,-0.049814,0.1156,0.0196,1,1
2023-04-14,82.5199966430664,47338,-1.3107,-0.191226,0,0,1,1
2023-04-21,77.870002746582,52834,-1.234,-0.110569,2e-04,1e-04,1,1
2023-04-28,76.7799987792969,62348,-1.1013,-0.014457,0.0953,0.0241,1,1
2023-05-05,71.3399963378906,83014,-0.8129,0.131203,0.0502,0.0164,1,1
2023-05-12,70.0400009155274,69372,-1.0033,0.178184,0.0041,0.0245,1,1
2023-05-19,71.5500030517578,59799,-1.1368,0.08833,0.2026,0.5961,1,2
2023-05-26,72.6699981689453,73461,-0.9462,0.056557,0.5086,0.8156,2,2
2023-06-02,71.7399978637695,84151,-0.797,-0.005576,0.6455,0.8736,2,2
2023-06-09,70.1699981689453,91088,-0.7003,-0.001853,0.762,0.8968,2,2
2023-06-16,71.7799987792969,84030,-0.7987,-0.003204,0.8129,0.8853,2,2
2023-06-23,69.1600036621094,74735,-0.9284,0.050752,0.8929,0.84,2,2
2023-06-30,70.6399993896484,82168,-0.8247,0.015572,0.908,0.6537,2,2
2023-07-07,73.8600006103516,63401,-1.0866,-0.049959,0.4672,0.1349,1,1
2023-07-14,75.4199981689453,51130,-1.2578,-0.048263,0.1261,0.0216,1,1
2023-07-21,77.0699996948242,44178,-1.3548,-0.102634,5e-04,1e-04,1,1
2023-07-28,80.5800018310547,42346,-1.3804,-0.123356,0,0,1,1
2023-08-04,82.8199996948242,42924,-1.3723,-0.108186,1e-04,0,1,1
2023-08-11,83.1900024414063,50553,-1.2659,-0.093401,7e-04,2e-04,1,1
2023-08-18,81.25,68266,-1.0187,-0.051446,0.0225,0.0176,1,1
2023-08-25,79.8300018310547,90163,-0.7132,0.009395,0.2327,0.0749,1,1
2023-09-01,85.5500030517578,69140,-1.0065,-0.031911,0.1913,0.043,1,1
2023-09-08,87.5100021362305,66404,-1.0447,-0.049366,0.0742,0.0121,1,1
2023-09-15,90.7699966430664,62841,-1.0944,-0.10488,8e-04,1e-04,1,1
2023-09-22,90.0299987792969,46806,-1.3181,-0.113296,1e-04,1e-04,1,1
2023-09-29,90.7900009155273,48395,-1.296,-0.057716,0.0083,0.0495,1,1
2023-10-06,82.7900009155274,56325,-1.1853,0.057012,0.2782,0.6195,1,2
2023-10-13,87.6900024414063,67430,-1.0304,0.035124,0.594,0.7597,2,2
2023-10-20,88.75,103244,-0.5306,0.014423,0.7739,0.7645,2,2
2023-10-27,85.5400009155274,104789,-0.5091,0.061375,0.8055,0.6698,2,2
2023-11-03,80.5100021362305,126194,-0.2104,0.028319,0.8562,0.479,2,1
2023-11-17,75.8899993896484,116171,-0.3503,0.155488,0.0348,0.0055,1,1
2023-11-24,75.5400009155274,122395,-0.2634,0.174874,2e-04,0,1,1
2023-12-01,74.0699996948242,104855,-0.5082,0.154854,0.0021,0.0012,1,1
2023-12-08,71.2300033569336,106213,-0.4892,0.130282,0.0103,0.0409,1,1
2023-12-15,71.4300003051758,105687,-0.4965,0.062439,0.1566,0.415,1,1
2023-12-22,73.5599975585938,95415,-0.6399,0.026917,0.4382,0.6171,1,2
2023-12-29,71.6500015258789,91881,-0.6892,0.033775,0.6927,0.6528,2,2
2024-01-05,73.8099975585938,97166,-0.6154,-0.034955,0.629,0.5648,2,2
2024-01-12,72.6800003051758,78726,-0.8727,-0.017199,0.6441,0.4855,2,1
2024-01-19,73.4100036621094,89561,-0.7216,0.002043,0.7716,0.3673,2,1
2024-01-26,78.0100021362305,62268,-1.1024,-0.081528,0.0609,0.0429,1,1
2024-02-02,72.2799987792969,59149,-1.1459,0.021168,0.3025,0.0849,1,1
2024-02-09,76.8399963378906,84765,-0.7885,-0.054138,0.1399,0.0302,1,1
2024-02-16,79.1900024414063,70884,-0.9822,-0.072989,0.0178,0.0099,1,1
2024-02-23,76.4899978637695,68505,-1.0154,0.019872,0.239,0.0468,1,1
2024-03-01,79.9700012207031,58252,-1.1584,-0.096161,0.003,0.0015,1,1
2024-03-08,78.0100021362305,63927,-1.0792,-0.014998,0.0983,0.0352,1,1
2024-03-15,81.0400009155273,73195,-0.9499,-0.022828,0.1632,0.0368,1,1
2024-03-22,80.629997253418,72073,-0.9656,-0.051346,0.0696,0.0123,1,1
2024-04-05,86.9100036621094,85054,-0.7844,-0.079853,0.013,0.0025,1,1
2024-04-12,85.6600036621094,75005,-0.9247,-0.089307,0.003,0.0038,1,1
2024-04-19,83.1399993896484,104676,-0.5107,-0.025259,0.1285,0.1131,1,1
2024-04-26,83.8499984741211,103434,-0.528,-0.038402,0.1886,0.1571,1,1
2024-05-03,78.1100006103516,106756,-0.4816,0.112662,0.0791,0.1834,1,1
2024-05-10,78.2600021362305,110925,-0.4235,0.094557,0.0887,0.3747,1,1
2024-05-17,80.0599975585938,83811,-0.8018,0.038471,0.3659,0.7428,1,2
2024-05-24,77.7200012207031,57753,-1.1654,0.078873,0.6534,0.8546,2,2
2024-05-31,76.9899978637695,47741,-1.3051,0.014547,0.7711,0.8678,2,2
2024-06-07,75.5299987792969,65393,-1.0588,0.036145,0.8814,0.8354,2,2
2024-06-14,78.4499969482422,46802,-1.3182,0.020523,0.8984,0.6671,2,2
2024-06-21,80.7300033569336,66215,-1.0473,-0.037285,0.633,0.2235,2,1
2024-06-28,81.5400009155274,46607,-1.3209,-0.055801,0.1163,0.0204,1,1
2024-07-05,83.1600036621094,46743,-1.319,-0.091751,0.0014,0.0013,1,1
2024-07-12,82.2099990844727,43882,-1.3589,-0.045737,0.0152,0.0753,1,1
2024-07-19,80.129997253418,39100,-1.4257,0.007488,0.1559,0.5434,1,2
2024-07-26,77.1600036621094,50957,-1.2602,0.056765,0.5115,0.8233,2,2
2024-08-02,73.5199966430664,46243,-1.326,0.131121,0.5126,0.8823,2,2
2024-08-09,76.8399963378906,49708,-1.2776,0.069886,0.7877,0.9578,2,2
2024-08-16,76.6500015258789,39778,-1.4162,0.045401,0.9015,0.973,2,2
2024-08-23,74.8300018310547,52375,-1.2404,0.031137,0.9231,0.9595,2,2
2024-08-30,73.5500030517578,46730,-1.3192,-0.000408,0.8558,0.906,2,2
2024-09-06,67.6699981689453,61767,-1.1094,0.135511,0.6125,0.847,2,2
2024-09-13,68.6500015258789,44181,-1.3548,0.116533,0.7155,0.8731,2,2
2024-09-20,71.9199981689453,14555,-1.7682,0.040462,0.8652,0.8694,2,2
2024-09-27,68.1800003051758,-485,-1.978,0.078762,0.9549,0.7641,2,2
2024-10-04,74.379997253418,22679,-1.6548,-0.090212,0.0112,0.0022,1,1
2024-10-11,75.5599975585938,59574,-1.14,-0.09145,0.0013,0.0049,1,1
2024-10-18,69.2200012207031,65857,-1.0523,0.039006,0.246,0.3666,1,1
2024-10-25,71.7799987792969,71785,-0.9696,-0.050153,0.1009,0.442,1,1
2024-11-01,69.4899978637695,60244,-1.1306,0.07037,0.3998,0.8208,1,2
2024-11-08,70.379997253418,49437,-1.2814,0.0736,0.7177,0.9341,2,2
2024-11-15,67.0199966430664,53243,-1.2283,0.032826,0.8583,0.9577,2,2
2024-11-22,71.2399978637695,88924,-0.7304,0.00758,0.8869,0.9476,2,2
2024-11-29,68,93998,-0.6596,0.021912,0.9103,0.9093,2,2
2024-12-06,67.1999969482422,86643,-0.7623,0.047321,0.9192,0.7881,2,2
2024-12-13,71.2900009155274,85144,-0.7832,-0.059896,0.508,0.4302,2,1
2024-12-20,69.4599990844727,65603,-1.0559,0.025626,0.7409,0.3782,2,1
2024-12-27,70.5999984741211,60113,-1.1325,-0.036827,0.4507,0.1121,1,1
2025-01-03,73.9599990844727,51276,-1.2558,-0.091401,0.0066,0.001,1,1
2025-01-10,76.5699996948242,25688,-1.6128,-0.068956,0.0017,3e-04,1,1
2025-01-17,77.879997253418,70049,-0.9938,-0.108115,5e-04,4e-04,1,1
2025-01-24,74.6600036621094,51402,-1.254,-0.05438,0.0114,0.0576,1,1
2025-01-31,72.5299987792969,72595,-0.9583,0.019716,0.2301,0.5391,1,2
2025-02-07,71,86177,-0.7688,0.078451,0.4004,0.6976,1,2
2025-02-14,70.7399978637695,89700,-0.7196,0.100933,0.3586,0.7758,1,2
2025-02-21,70.4000015258789,91702,-0.6917,0.060511,0.5791,0.9023,2,2
2025-02-28,69.7600021362305,102425,-0.5421,0.039708,0.7576,0.9586,2,2
2025-03-07,67.0400009155274,56192,-1.1872,0.059069,0.888,0.9828,2,2
2025-03-14,67.1800003051758,56382,-1.1845,0.052992,0.9297,0.9885,2,2
2025-03-21,68.2799987792969,74560,-0.9309,0.031049,0.9312,0.9873,2,2
2025-03-28,69.3600006103516,87315,-0.7529,0.005767,0.9133,0.9826,2,2
2025-04-04,61.9900016784668,66268,-1.0466,0.081465,0.9104,0.9779,2,2
2025-04-11,61.5,91056,-0.7007,0.092358,0.8083,0.9672,2,2
2025-04-18,64.6800003051758,66457,-1.0439,0.055659,0.8969,0.9826,2,2
2025-04-25,63.0200004577637,39220,-1.424,0.100603,0.9213,0.9849,2,2
2025-05-02,58.2900009155274,37178,-1.4525,0.063476,0.9482,0.9806,2,2
2025-05-09,61.0200004577637,46853,-1.3175,0.007866,0.8976,0.9455,2,2
2025-05-16,62.4900016784668,67205,-1.0335,0.035046,0.924,0.8957,2,2
2025-05-23,61.5299987792969,74541,-0.9311,0.024216,0.9256,0.7183,2,2
2025-05-30,60.7900009155274,61747,-1.1097,-0.041125,0.5921,0.1874,2,1
2025-06-06,64.5800018310547,23326,-1.6458,-0.055125,0.0499,0.008,1,1
2025-06-13,72.9800033569336,30364,-1.5476,-0.143738,0,0,1,1
2025-06-20,74.9300003051758,60443,-1.1279,-0.178834,0,0,1,1
2025-06-27,65.5199966430664,71482,-0.9738,-0.072192,0.0074,0.0179,1,1
2025-07-04,66.5,60060,-1.1332,-0.028872,0.0572,0.2386,1,1
2025-07-11,68.4499969482422,63677,-1.0827,0.06618,0.3341,0.6137,1,2
2025-07-18,67.3399963378906,70658,-0.9853,0.112712,0.3435,0.7083,1,2
2025-07-25,65.1600036621094,55094,-1.2025,0.005525,0.5144,0.8251,2,2
2025-08-01,67.3300018310547,58636,-1.1531,-0.012327,0.5215,0.8834,2,2
2025-08-08,63.8800010681152,60492,-1.1272,0.07154,0.764,0.9557,2,2
2025-08-15,62.7999992370606,67877,-1.0241,0.072293,0.8622,0.9765,2,2
2025-08-22,63.6599998474121,92764,-0.6769,0.023563,0.902,0.9835,2,2
2025-08-29,64.0100021362305,84851,-0.7873,0.051867,0.915,0.9853,2,2
2025-09-05,61.8699989318848,75105,-0.9233,0.032488,0.927,0.9845,2,2
2025-09-12,62.689998626709,71842,-0.9688,0.001755,0.8954,0.9763,2,2
2025-09-19,62.6800003051758,61910,-1.1074,0.015635,0.9024,0.9707,2,2
2025-09-26,65.7200012207031,76475,-0.9042,-0.026019,0.7783,0.9534,2,2
2025-10-03,60.8800010681152,89247,-0.7259,0.016261,0.8643,0.9686,2,2
2025-10-10,58.9000015258789,91790,-0.6905,0.064346,0.8745,0.9669,2,2
2025-10-17,57.5400009155274,79757,-0.8584,0.089329,0.841,0.9591,2,2
2025-10-24,61.5,77954,-0.8835,0.068618,0.8817,0.9574,2,2
2025-10-31,60.9799995422363,74201,-0.9359,-0.00164,0.8675,0.9348,2,2
2025-11-07,59.75,67170,-1.034,-0.014226,0.7959,0.8961,2,2
2025-11-14,60.0900001525879,72030,-0.9662,-0.042436,0.5071,0.868,2,2
2025-11-21,58.060001373291,81847,-0.8292,0.059249,0.7228,0.9418,2,2
2025-11-28,58.5499992370606,92027,-0.6871,0.041503,0.8438,0.9674,2,2
2025-12-05,60.0800018310547,85805,-0.774,-0.005493,0.851,0.972,2,2
2025-12-12,57.439998626709,51555,-1.2519,0.046135,0.9188,0.9783,2,2
2025-12-19,56.6599998474121,54822,-1.2063,0.024709,0.922,0.9634,2,2
2025-12-26,56.7400016784668,53538,-1.2242,0.0319,0.9304,0.9184,2,2
2026-01-02,57.3199996948242,48848,-1.2896,0.048151,0.9431,0.7688,2,2
2026-01-09,59.1199989318848,32824,-1.5132,-0.028417,0.5908,0.1876,2,1
2026-01-16,59.439998626709,10558,-1.8239,-0.04677,0.0565,0.0092,1,1
2026-01-23,61.0699996948242,31292,-1.5346,-0.070902,0.0027,4e-04,1,1
2026-01-30,65.2099990844727,37935,-1.4419,-0.120994,0,0,1,1
2026-02-06,63.5499992370606,47805,-1.3042,-0.069709,0.0036,6e-04,1,1
2026-02-13,62.8899993896484,38668,-1.4317,-0.054858,0.0074,0.0013,1,1
2026-02-20,66.3899993896484,77558,-0.889,-0.080133,0.006,0.0022,1,1
2026-02-27,67.0199966430664,105012,-0.506,-0.027007,0.1271,0.0217,1,1
2026-03-06,90.9000015258789,103765,-0.5234,-0.30088,0,0,1,1
2026-03-13,98.7099990844727,135893,-0.0751,-0.362881,0,0,1,1
2026-03-20,98.3199996948242,122317,-0.2645,-0.324756,0,0,1,1
2026-03-27,99.6399993896484,139284,-0.0277,-0.327379,0,0,1,1
2026-04-03,111.540000915527,140141,-0.0158,-0.185046,0,0,1,1
2026-04-10,96.5699996948242,123453,-0.2486,0.02216,0.1948,0.0363,1,1
2026-04-17,83.8499984741211,108173,-0.4619,0.17257,0.0015,0.001,1,1
2026-04-24,94.4000015258789,92415,-0.6817,0.055508,0.1937,0.0545,1,1
2026-05-01,101.940002441406,111580,-0.4143,0.094173,0.1485,0.0283,1,1
2026-05-15,105.419998168945,97076,-0.6167,-0.08395,0.0242,0.0038,1,1
2026-05-22,96.5999984741211,74361,-0.9337,-0.131988,1e-04,1e-04,1,1
2026-05-29,87.3600006103516,81074,-0.84,0.080586,0.1545,0.0442,1,1
2026-06-05,90.5400009155274,65109,-1.0627,0.125911,0.1551,0.0273,1,1
2026-06-12,84.879997253418,35576,-1.4748,0.241989,3e-04,1e-04,1,1
2026-06-19,76.5999984741211,28255,-1.577,0.261097,0,0,1,1
